{"type":"FeatureCollection","features":[{"type":"Feature","properties":{"ST_NM":"Andaman & Nicobar Island"},"geometry":{"type":"MultiPolygon","coordinates":[[[[93.72,7.207],[93.709,7.23],[93.72,7.207]]],[[[93.849,7.241],[93.846,7.219],[93.883,7.204],[93.887,7.087],[93.915,7.054],[93.917,7.025],[93.929,7.027],[93.948,7],[93.928,7.012],[93.914,7],[93.946,6.956],[93.923,6.952],[93.91,6.932],[93.916,6.913],[93.897,6.903],[93.894,6.846],[93.91,6.838],[93.903,6.815],[93.882,6.795],[93.87,6.816],[93.852,6.815],[93.846,6.778],[93.827,6.756],[93.804,6.768],[93.816,6.818],[93.804,6.813],[93.787,6.831],[93.795,6.852],[93.786,6.849],[93.772,6.877],[93.782,6.892],[93.766,6.897],[93.765,6.917],[93.753,6.908],[93.742,6.925],[93.752,6.93],[93.747,6.962],[93.736,6.96],[93.724,6.991],[93.704,6.992],[93.696,7.015],[93.663,7.007],[93.674,7.025],[93.663,7.067],[93.67,7.084],[93.658,7.101],[93.675,7.114],[93.659,7.112],[93.656,7.127],[93.678,7.143],[93.674,7.176],[93.687,7.19],[93.729,7.184],[93.755,7.197],[93.759,7.214],[93.805,7.203],[93.814,7.213],[93.806,7.233],[93.849,7.241]]],[[[93.843,7.29],[93.843,7.29]]],[[[93.77,7.394],[93.767,7.403],[93.77,7.394]]],[[[93.69,7.396],[93.687,7.409],[93.69,7.396]]],[[[93.713,7.444],[93.724,7.398],[93.754,7.378],[93.757,7.358],[93.725,7.309],[93.701,7.304],[93.647,7.244],[93.629,7.266],[93.635,7.287],[93.621,7.308],[93.637,7.321],[93.633,7.372],[93.65,7.368],[93.662,7.381],[93.674,7.373],[93.709,7.394],[93.713,7.444]]],[[[93.653,7.472],[93.644,7.474],[93.653,7.472]]],[[[93.634,7.476],[93.634,7.476]]],[[[93.546,7.512],[93.543,7.525],[93.546,7.512]]],[[[93.383,8.023],[93.409,8.008],[93.396,7.969],[93.415,7.959],[93.433,7.966],[93.462,7.936],[93.475,7.894],[93.462,7.873],[93.423,7.908],[93.379,7.883],[93.358,7.889],[93.343,7.918],[93.357,7.942],[93.334,7.936],[93.331,7.924],[93.32,7.931],[93.311,7.963],[93.329,8.005],[93.383,8.023]]],[[[93.548,8.026],[93.565,8.024],[93.582,7.993],[93.577,7.929],[93.508,7.985],[93.507,7.997],[93.532,8.006],[93.531,8.025],[93.551,7.996],[93.548,8.026]]],[[[93.58,8.124],[93.595,8.039],[93.573,8.063],[93.582,8.081],[93.562,8.117],[93.58,8.124]]],[[[93.526,8.232],[93.543,8.226],[93.545,8.199],[93.503,8.148],[93.548,8.089],[93.55,8.036],[93.53,8.049],[93.526,8.033],[93.508,8.034],[93.5,7.998],[93.486,8.017],[93.486,8.046],[93.5,8.039],[93.505,8.048],[93.509,8.037],[93.504,8.057],[93.512,8.068],[93.514,8.049],[93.525,8.052],[93.531,8.079],[93.515,8.085],[93.485,8.053],[93.481,8.087],[93.49,8.091],[93.467,8.106],[93.454,8.169],[93.49,8.198],[93.494,8.223],[93.526,8.232]]],[[[93.235,8.264],[93.251,8.235],[93.24,8.222],[93.22,8.246],[93.235,8.264]]],[[[93.127,8.356],[93.143,8.341],[93.126,8.276],[93.156,8.241],[93.205,8.215],[93.199,8.195],[93.122,8.223],[93.088,8.268],[93.095,8.339],[93.127,8.356]]],[[[93.643,8.394],[93.643,8.394]]],[[[93.646,8.394],[93.656,8.39],[93.646,8.394]]],[[[93.635,8.397],[93.635,8.397]]],[[[93.044,8.471],[93.057,8.44],[93.036,8.45],[93.044,8.471]]],[[[93.614,8.575],[93.642,8.47],[93.627,8.468],[93.623,8.423],[93.619,8.481],[93.629,8.49],[93.611,8.544],[93.614,8.575]]],[[[93.609,8.582],[93.609,8.582]]],[[[92.795,9.239],[92.823,9.203],[92.83,9.138],[92.793,9.118],[92.769,9.129],[92.733,9.123],[92.718,9.16],[92.723,9.217],[92.77,9.218],[92.776,9.257],[92.795,9.239]]],[[[92.518,10.897],[92.559,10.862],[92.563,10.804],[92.587,10.788],[92.582,10.743],[92.597,10.679],[92.579,10.676],[92.582,10.657],[92.54,10.615],[92.543,10.594],[92.569,10.578],[92.532,10.519],[92.515,10.512],[92.429,10.549],[92.388,10.531],[92.382,10.541],[92.421,10.616],[92.406,10.653],[92.383,10.667],[92.377,10.783],[92.409,10.784],[92.427,10.823],[92.458,10.839],[92.457,10.862],[92.518,10.897]]],[[[92.61,10.938],[92.621,10.93],[92.61,10.938]]],[[[92.227,10.982],[92.216,10.975],[92.227,10.982]]],[[[92.664,10.983],[92.662,10.993],[92.664,10.983]]],[[[92.724,11.141],[92.724,11.141]]],[[[92.733,11.148],[92.733,11.148]]],[[[92.678,11.183],[92.678,11.183]]],[[[92.706,11.289],[92.706,11.263],[92.688,11.242],[92.693,11.281],[92.706,11.289]]],[[[92.724,11.332],[92.711,11.302],[92.698,11.309],[92.711,11.309],[92.724,11.332]]],[[[92.549,11.398],[92.549,11.398]]],[[[92.562,11.398],[92.556,11.391],[92.562,11.398]]],[[[92.616,11.51],[92.609,11.505],[92.616,11.51]]],[[[92.642,11.51],[92.669,11.49],[92.686,11.436],[92.649,11.407],[92.694,11.388],[92.691,11.371],[92.638,11.347],[92.6,11.347],[92.581,11.368],[92.593,11.38],[92.587,11.401],[92.623,11.405],[92.624,11.442],[92.611,11.46],[92.622,11.5],[92.633,11.516],[92.642,11.51]]],[[[92.604,11.535],[92.606,11.522],[92.604,11.535]]],[[[92.56,11.538],[92.564,11.517],[92.552,11.535],[92.56,11.538]]],[[[92.628,11.542],[92.628,11.542]]],[[[92.61,11.559],[92.62,11.559],[92.611,11.531],[92.602,11.552],[92.61,11.559]]],[[[92.574,11.562],[92.577,11.571],[92.574,11.562]]],[[[92.567,11.571],[92.567,11.571]]],[[[92.597,11.542],[92.584,11.535],[92.592,11.578],[92.597,11.542]]],[[[92.579,11.585],[92.579,11.585]]],[[[92.612,11.588],[92.615,11.562],[92.6,11.57],[92.601,11.586],[92.612,11.588]]],[[[92.594,11.59],[92.594,11.59]]],[[[92.23,11.588],[92.271,11.584],[92.275,11.536],[92.262,11.518],[92.214,11.53],[92.208,11.586],[92.216,11.595],[92.23,11.588]]],[[[92.541,11.603],[92.57,11.588],[92.554,11.562],[92.53,11.555],[92.541,11.603]]],[[[92.699,11.664],[92.699,11.664]]],[[[92.766,11.678],[92.761,11.67],[92.766,11.678]]],[[[93.085,11.79],[93.078,11.78],[93.085,11.79]]],[[[93.032,11.837],[93.072,11.839],[93.051,11.813],[93.015,11.829],[93.013,11.85],[93.032,11.837]]],[[[92.602,11.918],[92.597,11.905],[92.602,11.918]]],[[[92.565,11.95],[92.565,11.95]]],[[[92.733,11.955],[92.725,11.942],[92.733,11.955]]],[[[92.743,11.965],[92.743,11.965]]],[[[92.756,11.967],[92.766,11.966],[92.765,11.952],[92.736,11.952],[92.756,11.967]]],[[[92.595,11.977],[92.609,11.944],[92.599,11.928],[92.595,11.977]]],[[[92.584,11.982],[92.584,11.982]]],[[[92.776,12.018],[92.776,12.018]]],[[[92.975,12.043],[93.01,12.017],[93.007,12],[93.053,11.905],[93.045,11.884],[93.026,11.888],[92.995,11.941],[93.002,11.949],[92.974,11.949],[92.96,11.982],[92.925,11.998],[92.95,12.012],[92.963,12.043],[92.969,12.033],[92.975,12.043]]],[[[92.97,12.064],[92.97,12.064]]],[[[92.991,12.109],[93.006,12.101],[92.994,12.044],[92.961,12.076],[92.972,12.088],[92.96,12.108],[92.991,12.109]]],[[[92.739,12.107],[92.743,12.115],[92.739,12.107]]],[[[92.956,12.096],[92.952,12.084],[92.948,12.116],[92.956,12.096]]],[[[93.003,12.114],[93.003,12.114]]],[[[93.098,12.137],[93.098,12.137]]],[[[93.12,12.148],[93.115,12.13],[93.109,12.141],[93.12,12.148]]],[[[92.964,12.151],[92.993,12.143],[92.998,12.114],[92.962,12.124],[92.964,12.151]]],[[[92.846,12.148],[92.846,12.148]]],[[[93.029,12.166],[93.031,12.11],[93.054,12.077],[93.046,12.046],[93.007,12.076],[93,12.108],[93.006,12.145],[93.029,12.166]]],[[[92.759,12.182],[92.76,12.167],[92.759,12.182]]],[[[92.731,12.185],[92.731,12.185]]],[[[93.074,12.21],[93.088,12.193],[93.085,12.154],[93.095,12.146],[93.091,12.099],[93.078,12.084],[93.05,12.114],[93.056,12.123],[93.037,12.132],[93.056,12.192],[93.074,12.21]]],[[[92.683,12.216],[92.682,12.224],[92.683,12.216]]],[[[92.935,12.225],[92.932,12.196],[92.925,12.216],[92.935,12.225]]],[[[92.697,12.24],[92.713,12.191],[92.703,12.165],[92.713,12.176],[92.712,12.162],[92.72,12.182],[92.758,12.178],[92.735,12.074],[92.783,12.045],[92.779,12.025],[92.763,12.021],[92.738,12.042],[92.736,12.016],[92.752,12.003],[92.767,12.012],[92.769,11.999],[92.743,11.995],[92.758,11.989],[92.749,11.978],[92.734,11.977],[92.739,11.998],[92.728,11.995],[92.733,11.968],[92.718,11.964],[92.714,11.933],[92.726,11.927],[92.725,11.851],[92.707,11.816],[92.678,11.82],[92.693,11.814],[92.681,11.799],[92.719,11.826],[92.747,11.933],[92.785,11.937],[92.779,11.891],[92.789,11.884],[92.755,11.702],[92.745,11.715],[92.738,11.691],[92.702,11.708],[92.709,11.67],[92.686,11.664],[92.684,11.651],[92.665,11.654],[92.673,11.627],[92.689,11.641],[92.696,11.622],[92.694,11.653],[92.712,11.644],[92.73,11.658],[92.716,11.665],[92.722,11.69],[92.731,11.674],[92.757,11.666],[92.746,11.641],[92.754,11.613],[92.712,11.478],[92.7,11.507],[92.666,11.504],[92.646,11.523],[92.646,11.573],[92.633,11.58],[92.617,11.563],[92.609,11.622],[92.629,11.626],[92.636,11.616],[92.645,11.637],[92.634,11.635],[92.632,11.652],[92.631,11.628],[92.608,11.634],[92.591,11.668],[92.6,11.691],[92.589,11.725],[92.562,11.694],[92.552,11.72],[92.56,11.771],[92.54,11.822],[92.547,11.835],[92.523,11.826],[92.514,11.847],[92.534,11.913],[92.562,11.947],[92.581,11.924],[92.587,11.887],[92.602,11.898],[92.606,11.858],[92.625,12.107],[92.662,12.217],[92.654,12.182],[92.675,12.219],[92.677,12.204],[92.685,12.208],[92.697,12.24]]],[[[92.731,12.242],[92.733,12.211],[92.739,12.224],[92.745,12.218],[92.739,12.236],[92.763,12.23],[92.764,12.182],[92.721,12.19],[92.731,12.242]]],[[[92.881,12.246],[92.881,12.246]]],[[[92.699,12.249],[92.699,12.249]]],[[[92.867,12.236],[92.865,12.251],[92.867,12.236]]],[[[92.901,12.255],[92.913,12.223],[92.891,12.234],[92.878,12.21],[92.871,12.246],[92.884,12.238],[92.901,12.255]]],[[[93.079,12.26],[93.087,12.237],[93.106,12.26],[93.101,12.204],[93.093,12.225],[93.063,12.23],[93.079,12.26]]],[[[92.902,12.26],[92.902,12.26]]],[[[92.738,12.276],[92.738,12.276]]],[[[93.03,12.278],[93.022,12.274],[93.03,12.278]]],[[[92.749,12.289],[92.734,12.248],[92.749,12.289]]],[[[92.738,12.292],[92.736,12.281],[92.738,12.292]]],[[[92.767,12.274],[92.765,12.265],[92.753,12.276],[92.762,12.294],[92.767,12.274]]],[[[92.753,12.292],[92.753,12.292]]],[[[93.867,12.295],[93.876,12.272],[93.856,12.265],[93.848,12.287],[93.867,12.295]]],[[[92.769,12.288],[92.769,12.288]]],[[[92.881,12.298],[92.881,12.298]]],[[[92.766,12.298],[92.766,12.298]]],[[[92.713,12.297],[92.724,12.291],[92.71,12.23],[92.7,12.276],[92.704,12.299],[92.713,12.297]]],[[[92.934,12.308],[92.942,12.275],[92.922,12.231],[92.921,12.267],[92.9,12.273],[92.902,12.29],[92.928,12.281],[92.934,12.308]]],[[[92.826,12.304],[92.867,12.306],[92.869,12.29],[92.887,12.287],[92.888,12.259],[92.859,12.247],[92.882,12.198],[92.846,12.2],[92.856,12.186],[92.851,12.157],[92.822,12.165],[92.815,12.133],[92.803,12.132],[92.813,12.108],[92.788,12.103],[92.793,12.081],[92.764,12.064],[92.742,12.077],[92.739,12.099],[92.771,12.232],[92.75,12.233],[92.743,12.251],[92.751,12.275],[92.765,12.264],[92.782,12.285],[92.775,12.302],[92.767,12.297],[92.771,12.313],[92.826,12.304]]],[[[93.072,12.318],[93.063,12.316],[93.072,12.318]]],[[[92.913,12.332],[92.913,12.332]]],[[[92.906,12.338],[92.906,12.338]]],[[[92.915,12.355],[92.91,12.338],[92.915,12.355]]],[[[92.897,12.392],[92.897,12.392]]],[[[92.86,12.407],[92.882,12.398],[92.889,12.408],[92.884,12.374],[92.844,12.395],[92.845,12.406],[92.86,12.407]]],[[[92.898,12.412],[92.898,12.412]]],[[[92.889,12.413],[92.889,12.413]]],[[[92.866,12.421],[92.861,12.413],[92.866,12.421]]],[[[92.904,12.421],[92.904,12.421]]],[[[92.843,12.42],[92.829,12.425],[92.843,12.42]]],[[[92.956,12.43],[92.961,12.419],[92.943,12.402],[92.931,12.359],[92.917,12.369],[92.926,12.405],[92.956,12.43]]],[[[92.675,12.542],[92.685,12.54],[92.679,12.522],[92.669,12.531],[92.675,12.542]]],[[[92.703,12.638],[92.703,12.638]]],[[[92.724,12.737],[92.728,12.727],[92.724,12.737]]],[[[92.727,12.752],[92.727,12.752]]],[[[92.717,12.773],[92.717,12.773]]],[[[92.716,12.777],[92.716,12.777]]],[[[92.716,12.783],[92.716,12.783]]],[[[92.721,12.781],[92.725,12.762],[92.717,12.788],[92.721,12.781]]],[[[92.716,12.795],[92.716,12.795]]],[[[92.717,12.799],[92.717,12.799]]],[[[92.717,12.803],[92.717,12.803]]],[[[92.71,12.829],[92.712,12.777],[92.725,12.756],[92.718,12.719],[92.71,12.774],[92.695,12.794],[92.71,12.829]]],[[[92.726,12.832],[92.726,12.832]]],[[[92.765,12.854],[92.765,12.854]]],[[[92.731,12.855],[92.731,12.855]]],[[[92.729,12.864],[92.709,12.834],[92.719,12.864],[92.729,12.864]]],[[[92.779,12.865],[92.779,12.865]]],[[[92.766,12.87],[92.763,12.855],[92.766,12.87]]],[[[92.758,12.878],[92.758,12.878]]],[[[92.788,12.893],[92.784,12.882],[92.788,12.893]]],[[[92.893,12.898],[92.893,12.898]]],[[[92.757,12.901],[92.749,12.891],[92.754,12.914],[92.757,12.901]]],[[[92.758,12.912],[92.758,12.912]]],[[[92.865,12.913],[92.865,12.913]]],[[[92.794,12.913],[92.794,12.892],[92.782,12.896],[92.788,12.906],[92.774,12.906],[92.794,12.913]]],[[[92.768,12.916],[92.768,12.916]]],[[[92.935,12.914],[92.935,12.914]]],[[[92.767,12.923],[92.767,12.923]]],[[[92.899,12.916],[92.922,12.913],[92.904,12.886],[92.928,12.884],[92.954,12.808],[92.934,12.773],[92.95,12.77],[92.98,12.711],[92.966,12.708],[92.958,12.625],[92.949,12.629],[92.976,12.543],[92.968,12.496],[92.958,12.487],[92.947,12.5],[92.93,12.48],[92.935,12.469],[92.923,12.465],[92.959,12.473],[92.94,12.448],[92.914,12.443],[92.924,12.436],[92.915,12.406],[92.885,12.443],[92.856,12.457],[92.899,12.416],[92.885,12.424],[92.875,12.413],[92.865,12.427],[92.808,12.437],[92.831,12.428],[92.827,12.409],[92.841,12.407],[92.836,12.397],[92.859,12.363],[92.886,12.355],[92.896,12.337],[92.881,12.345],[92.884,12.333],[92.868,12.331],[92.888,12.332],[92.895,12.32],[92.833,12.303],[92.771,12.32],[92.756,12.296],[92.72,12.3],[92.709,12.328],[92.699,12.327],[92.706,12.371],[92.696,12.391],[92.707,12.451],[92.697,12.469],[92.709,12.494],[92.694,12.516],[92.708,12.595],[92.685,12.611],[92.704,12.607],[92.715,12.643],[92.724,12.626],[92.752,12.671],[92.775,12.67],[92.781,12.635],[92.789,12.675],[92.785,12.698],[92.767,12.671],[92.733,12.674],[92.728,12.694],[92.743,12.699],[92.746,12.723],[92.723,12.777],[92.723,12.826],[92.731,12.836],[92.739,12.811],[92.74,12.837],[92.743,12.824],[92.76,12.86],[92.77,12.846],[92.77,12.864],[92.794,12.863],[92.791,12.889],[92.802,12.897],[92.824,12.896],[92.829,12.885],[92.842,12.892],[92.845,12.875],[92.874,12.881],[92.874,12.894],[92.896,12.898],[92.897,12.927],[92.899,12.916]]],[[[92.887,12.929],[92.887,12.929]]],[[[92.774,12.931],[92.772,12.918],[92.774,12.931]]],[[[92.892,12.933],[92.892,12.933]]],[[[92.877,12.932],[92.886,12.924],[92.865,12.917],[92.86,12.933],[92.877,12.932]]],[[[92.765,12.934],[92.762,12.926],[92.765,12.934]]],[[[92.891,12.938],[92.891,12.938]]],[[[92.901,12.942],[92.901,12.942]]],[[[92.696,12.992],[92.721,12.976],[92.722,12.889],[92.711,12.883],[92.72,12.874],[92.699,12.839],[92.676,12.836],[92.689,12.815],[92.668,12.783],[92.648,12.862],[92.665,12.882],[92.68,12.943],[92.669,12.963],[92.696,12.992]]],[[[93.006,12.997],[92.98,12.967],[92.983,12.935],[92.953,12.94],[92.974,12.946],[92.955,12.959],[92.959,12.989],[92.973,12.97],[92.986,12.993],[93.006,12.997]]],[[[92.99,13.001],[92.99,13.001]]],[[[92.912,13.002],[92.912,13.002]]],[[[92.91,13.007],[92.91,13.007]]],[[[92.949,13.025],[92.949,13.025]]],[[[92.927,13.024],[92.94,13.025],[92.943,12.996],[92.921,13],[92.915,13.014],[92.927,13.024]]],[[[92.919,13.04],[92.917,13.048],[92.919,13.04]]],[[[92.933,13.05],[92.933,13.05]]],[[[92.917,13.062],[92.917,13.062]]],[[[92.729,13.091],[92.729,13.091]]],[[[92.717,13.098],[92.701,13.071],[92.696,13.095],[92.717,13.098]]],[[[92.795,13.171],[92.795,13.171]]],[[[93.061,13.221],[93.061,13.221]]],[[[93.017,13.285],[93.017,13.285]]],[[[93.073,13.298],[93.073,13.298]]],[[[93.025,13.326],[93.022,13.301],[93.016,13.324],[93.025,13.326]]],[[[93.008,13.336],[93.008,13.336]]],[[[92.968,13.333],[92.968,13.333]]],[[[93.015,13.339],[93.015,13.339]]],[[[93.037,13.341],[93.037,13.341]]],[[[93.02,13.338],[93.019,13.346],[93.02,13.338]]],[[[93.077,13.365],[93.077,13.365]]],[[[93.083,13.369],[93.083,13.369]]],[[[93.064,13.386],[93.064,13.386]]],[[[92.867,13.412],[92.867,13.412]]],[[[92.816,13.418],[92.814,13.403],[92.816,13.418]]],[[[93.094,13.418],[93.089,13.41],[93.094,13.418]]],[[[93.071,13.413],[93.073,13.431],[93.071,13.413]]],[[[93.1,13.435],[93.1,13.435]]],[[[92.843,13.44],[92.841,13.425],[92.822,13.421],[92.825,13.439],[92.843,13.44]]],[[[94.271,13.443],[94.246,13.443],[94.253,13.462],[94.276,13.469],[94.271,13.443]]],[[[92.874,13.505],[92.87,13.513],[92.874,13.505]]],[[[92.92,13.516],[92.914,13.507],[92.92,13.516]]],[[[92.908,13.537],[92.908,13.537]]],[[[92.877,13.537],[92.877,13.537]]],[[[93.007,13.555],[93.007,13.555]]],[[[93.057,13.566],[93.057,13.566]]],[[[93.03,13.571],[93.043,13.504],[93.034,13.466],[93.016,13.465],[93.033,13.457],[93.035,13.436],[93.016,13.433],[93.041,13.428],[93.047,13.405],[93.062,13.421],[93.06,13.398],[93.07,13.404],[93.049,13.375],[93.025,13.373],[93.055,13.383],[93.071,13.347],[93.09,13.335],[93.065,13.304],[93.061,13.329],[93.04,13.322],[93.042,13.368],[93.041,13.351],[93.003,13.354],[92.988,13.329],[92.97,13.361],[92.95,13.344],[92.959,13.326],[92.998,13.315],[92.992,13.292],[93.01,13.32],[93.006,13.309],[93.022,13.298],[93.011,13.297],[93.013,13.276],[93.046,13.282],[93.045,13.259],[93.066,13.272],[93.032,13.181],[93.035,13.083],[93.003,13.029],[92.982,13.025],[92.965,13.037],[92.975,13.013],[92.936,13.04],[92.936,13.087],[92.935,13.061],[92.925,13.057],[92.904,13.08],[92.912,13.063],[92.888,13.045],[92.897,13.058],[92.916,13.055],[92.902,13.023],[92.907,13.003],[92.919,12.986],[92.932,12.99],[92.939,12.972],[92.911,12.947],[92.908,12.985],[92.897,12.996],[92.883,12.984],[92.877,12.944],[92.869,12.934],[92.855,12.94],[92.858,12.903],[92.876,12.909],[92.873,12.883],[92.842,12.876],[92.843,12.892],[92.83,12.886],[92.794,12.914],[92.802,12.938],[92.794,12.985],[92.819,12.986],[92.808,12.998],[92.825,13.014],[92.805,13.007],[92.788,13.017],[92.797,13.09],[92.81,13.074],[92.807,13.1],[92.822,13.095],[92.825,13.116],[92.81,13.127],[92.824,13.134],[92.834,13.124],[92.848,13.14],[92.81,13.153],[92.815,13.175],[92.836,13.175],[92.819,13.184],[92.832,13.213],[92.828,13.238],[92.854,13.236],[92.852,13.262],[92.838,13.26],[92.822,13.277],[92.842,13.301],[92.822,13.309],[92.832,13.315],[92.836,13.367],[92.867,13.382],[92.842,13.4],[92.849,13.412],[92.868,13.402],[92.87,13.425],[92.884,13.429],[92.872,13.472],[92.897,13.475],[92.905,13.498],[92.93,13.502],[92.917,13.536],[92.954,13.544],[92.99,13.527],[92.988,13.573],[93.01,13.542],[93.016,13.571],[93.027,13.579],[93.03,13.571]]],[[[92.902,13.6],[92.885,13.575],[92.888,13.595],[92.902,13.6]]],[[[93.063,13.654],[93.046,13.621],[93.043,13.638],[93.063,13.654]]],[[[93.017,13.675],[93.027,13.627],[93.016,13.644],[92.986,13.643],[92.977,13.654],[93.017,13.675]]]]}},{"type":"Feature","properties":{"ST_NM":"Andhra Pradesh"},"geometry":{"type":"MultiPolygon","coordinates":[[[[81.394,16.334],[81.271,16.279],[81.28,16.295],[81.27,16.313],[81.33,16.32],[81.312,16.308],[81.364,16.333],[81.394,16.334]]],[[[84.68,19.166],[84.712,19.158],[84.705,19.118],[84.769,19.08],[84.754,19.054],[84.728,19.051],[84.725,19.03],[84.741,19.05],[84.743,19.035],[84.598,18.875],[84.557,18.874],[84.583,18.857],[84.554,18.783],[84.493,18.734],[84.446,18.674],[84.411,18.666],[84.443,18.659],[84.387,18.61],[84.359,18.565],[84.348,18.565],[84.348,18.583],[84.333,18.557],[84.314,18.56],[84.276,18.51],[84.349,18.548],[84.223,18.443],[84.137,18.351],[84.061,18.336],[83.993,18.358],[84.059,18.325],[84.12,18.339],[84.118,18.301],[83.954,18.214],[83.927,18.225],[83.933,18.208],[83.886,18.191],[83.869,18.171],[83.657,18.082],[83.669,18.074],[83.583,18.012],[83.556,18.019],[83.566,18.002],[83.554,17.963],[83.475,17.911],[83.446,17.92],[83.453,17.88],[83.414,17.841],[83.404,17.844],[83.419,17.825],[83.416,17.807],[83.356,17.753],[83.344,17.718],[83.304,17.696],[83.29,17.662],[83.241,17.625],[83.216,17.647],[83.198,17.638],[83.202,17.623],[83.231,17.616],[83.219,17.591],[83.147,17.549],[83.106,17.539],[83.111,17.551],[83.099,17.547],[83.086,17.53],[83.014,17.501],[82.993,17.471],[82.734,17.357],[82.579,17.268],[82.441,17.16],[82.302,17.026],[82.27,16.933],[82.253,16.932],[82.249,16.891],[82.316,16.84],[82.325,16.851],[82.352,16.849],[82.363,16.818],[82.366,16.928],[82.337,16.983],[82.368,16.94],[82.376,16.843],[82.35,16.721],[82.32,16.725],[82.343,16.71],[82.34,16.689],[82.368,16.702],[82.324,16.652],[82.336,16.617],[82.332,16.58],[82.325,16.573],[82.313,16.586],[82.328,16.584],[82.32,16.626],[82.308,16.604],[82.29,16.62],[82.305,16.591],[82.298,16.57],[82.263,16.558],[82.313,16.555],[82.25,16.543],[82.149,16.487],[82.2,16.558],[82.18,16.561],[82.143,16.517],[82.141,16.484],[81.968,16.396],[81.966,16.438],[81.945,16.394],[81.855,16.371],[81.726,16.307],[81.735,16.357],[81.725,16.356],[81.709,16.303],[81.696,16.323],[81.661,16.336],[81.573,16.348],[81.565,16.356],[81.58,16.36],[81.55,16.39],[81.554,16.36],[81.531,16.351],[81.403,16.337],[81.391,16.354],[81.409,16.356],[81.41,16.381],[81.369,16.356],[81.347,16.366],[81.313,16.36],[81.302,16.344],[81.321,16.342],[81.246,16.304],[81.266,16.286],[81.241,16.261],[81.266,16.267],[81.212,16.205],[81.185,16.084],[81.148,16.021],[81.153,15.975],[81.109,16.005],[81.084,16.002],[81.111,15.995],[81.141,15.962],[81.045,15.897],[80.999,15.833],[81.009,15.764],[80.957,15.807],[80.94,15.807],[80.989,15.76],[80.938,15.729],[80.863,15.822],[80.917,15.731],[80.839,15.707],[80.804,15.716],[80.805,15.75],[80.82,15.744],[80.808,15.836],[80.756,15.88],[80.641,15.878],[80.537,15.85],[80.556,15.865],[80.498,15.857],[80.522,15.848],[80.36,15.764],[80.277,15.682],[80.241,15.617],[80.222,15.545],[80.177,15.573],[80.168,15.559],[80.136,15.559],[80.14,15.55],[80.186,15.56],[80.213,15.527],[80.184,15.49],[80.21,15.495],[80.103,15.334],[80.081,15.267],[80.084,15.195],[80.049,15.213],[80.03,15.209],[80.074,15.182],[80.051,15.113],[80.046,15.05],[80.093,14.833],[80.089,14.814],[80.075,14.814],[80.134,14.704],[80.121,14.683],[80.145,14.692],[80.184,14.59],[80.093,14.534],[80.116,14.53],[80.143,14.556],[80.195,14.564],[80.173,14.347],[80.146,14.254],[80.124,14.242],[80.137,14.237],[80.13,14.136],[80.154,14.024],[80.143,14.021],[80.168,13.995],[80.248,13.797],[80.237,13.656],[80.27,13.563],[80.242,13.468],[80.216,13.487],[80.126,13.507],[80.113,13.508],[80.111,13.492],[80.08,13.491],[80.09,13.537],[80.082,13.551],[80.058,13.535],[80.002,13.54],[80.003,13.523],[80.045,13.515],[80.049,13.498],[80.018,13.501],[79.974,13.464],[79.976,13.431],[79.945,13.417],[79.948,13.398],[79.966,13.387],[79.952,13.382],[79.938,13.349],[79.923,13.357],[79.864,13.316],[79.813,13.317],[79.792,13.295],[79.767,13.315],[79.759,13.293],[79.734,13.285],[79.798,13.236],[79.757,13.208],[79.735,13.235],[79.712,13.215],[79.701,13.22],[79.709,13.247],[79.686,13.242],[79.697,13.269],[79.681,13.294],[79.675,13.281],[79.651,13.289],[79.633,13.271],[79.614,13.28],[79.593,13.258],[79.561,13.279],[79.548,13.323],[79.467,13.336],[79.413,13.328],[79.387,13.315],[79.437,13.293],[79.421,13.259],[79.423,13.224],[79.448,13.242],[79.458,13.229],[79.434,13.221],[79.436,13.2],[79.391,13.194],[79.374,13.168],[79.36,13.175],[79.367,13.142],[79.329,13.131],[79.32,13.109],[79.31,13.109],[79.311,13.127],[79.286,13.133],[79.28,13.153],[79.269,13.148],[79.259,13.16],[79.249,13.139],[79.23,13.147],[79.23,13.116],[79.201,13.096],[79.182,13.065],[79.185,13.031],[79.165,13.019],[79.117,13.036],[79.081,13.026],[79.065,13.05],[79.012,13.069],[78.994,13.088],[78.967,13.076],[78.926,13.079],[78.905,13.046],[78.929,13.044],[78.937,13.03],[78.894,13.031],[78.895,13.093],[78.882,13.098],[78.87,13.082],[78.82,13.089],[78.758,13.056],[78.714,13.067],[78.705,13.015],[78.663,13.029],[78.625,12.99],[78.649,12.965],[78.64,12.964],[78.658,12.93],[78.637,12.93],[78.603,12.849],[78.609,12.822],[78.592,12.778],[78.557,12.755],[78.566,12.737],[78.559,12.696],[78.536,12.69],[78.538,12.712],[78.496,12.745],[78.522,12.71],[78.505,12.714],[78.5,12.674],[78.469,12.673],[78.467,12.623],[78.43,12.631],[78.38,12.622],[78.302,12.663],[78.276,12.702],[78.244,12.704],[78.239,12.684],[78.201,12.691],[78.24,12.73],[78.23,12.757],[78.253,12.822],[78.252,12.857],[78.274,12.867],[78.314,12.857],[78.315,12.876],[78.333,12.873],[78.338,12.884],[78.322,12.884],[78.324,12.899],[78.338,12.899],[78.356,12.938],[78.389,12.905],[78.399,12.916],[78.429,12.899],[78.447,12.911],[78.466,12.864],[78.467,12.903],[78.428,12.93],[78.419,12.918],[78.412,12.943],[78.438,12.961],[78.434,12.979],[78.469,12.974],[78.463,13.042],[78.516,13.063],[78.513,13.092],[78.539,13.108],[78.52,13.13],[78.546,13.141],[78.55,13.162],[78.58,13.167],[78.574,13.188],[78.552,13.198],[78.58,13.215],[78.568,13.222],[78.587,13.277],[78.566,13.31],[78.561,13.286],[78.539,13.286],[78.532,13.266],[78.483,13.301],[78.482,13.318],[78.446,13.308],[78.435,13.329],[78.402,13.314],[78.377,13.33],[78.382,13.342],[78.399,13.328],[78.408,13.342],[78.365,13.365],[78.381,13.401],[78.377,13.505],[78.408,13.576],[78.401,13.588],[78.259,13.584],[78.237,13.596],[78.193,13.565],[78.203,13.625],[78.17,13.632],[78.165,13.658],[78.09,13.644],[78.067,13.676],[78.073,13.697],[78.115,13.693],[78.119,13.719],[78.094,13.742],[78.127,13.786],[78.115,13.862],[78.084,13.863],[78.077,13.883],[78.05,13.895],[78.047,13.861],[77.994,13.87],[77.974,13.829],[77.953,13.828],[77.951,13.888],[77.987,13.902],[77.987,13.956],[77.97,13.958],[77.92,13.905],[77.898,13.919],[77.895,13.939],[77.826,13.943],[77.814,13.917],[77.836,13.869],[77.784,13.844],[77.787,13.821],[77.721,13.798],[77.717,13.741],[77.704,13.769],[77.672,13.76],[77.678,13.785],[77.657,13.784],[77.618,13.763],[77.642,13.741],[77.624,13.736],[77.603,13.751],[77.564,13.724],[77.547,13.751],[77.527,13.751],[77.529,13.696],[77.495,13.714],[77.491,13.687],[77.457,13.683],[77.452,13.703],[77.47,13.751],[77.458,13.793],[77.465,13.804],[77.448,13.81],[77.436,13.795],[77.416,13.807],[77.432,13.842],[77.38,13.839],[77.367,13.853],[77.327,13.833],[77.314,13.864],[77.29,13.848],[77.257,13.847],[77.24,13.902],[77.218,13.868],[77.212,13.888],[77.203,13.866],[77.185,13.867],[77.183,13.924],[77.162,13.907],[77.169,13.864],[77.13,13.856],[77.169,13.828],[77.161,13.807],[77.178,13.779],[77.173,13.762],[77.102,13.768],[77.087,13.76],[77.087,13.744],[77.066,13.746],[77.033,13.778],[77.018,13.739],[76.999,13.749],[76.99,13.811],[76.974,13.821],[77.012,13.857],[77.023,13.9],[77.047,13.904],[77.042,13.932],[76.995,13.963],[77,13.988],[76.937,14.029],[76.943,14.054],[76.977,14.059],[76.981,14.072],[76.952,14.092],[76.932,14.133],[76.889,14.137],[76.897,14.165],[76.942,14.172],[76.947,14.195],[76.964,14.182],[77.025,14.179],[77.026,14.129],[77.014,14.104],[77.03,14.09],[77.029,14.06],[77.082,14.045],[77.127,14.049],[77.141,14.005],[77.154,13.998],[77.168,14.013],[77.249,14.013],[77.278,14.035],[77.285,14.014],[77.32,14.032],[77.337,13.997],[77.361,13.989],[77.351,13.958],[77.37,13.949],[77.35,13.913],[77.355,13.904],[77.397,13.905],[77.399,13.887],[77.433,13.909],[77.417,13.922],[77.415,13.943],[77.436,13.951],[77.438,13.976],[77.383,13.976],[77.39,14.014],[77.333,14.03],[77.345,14.061],[77.365,14.066],[77.402,14.11],[77.396,14.126],[77.351,14.103],[77.354,14.131],[77.383,14.137],[77.396,14.172],[77.47,14.171],[77.507,14.158],[77.517,14.179],[77.497,14.235],[77.503,14.279],[77.486,14.292],[77.45,14.284],[77.449,14.317],[77.434,14.312],[77.432,14.328],[77.401,14.336],[77.381,14.302],[77.391,14.272],[77.408,14.267],[77.422,14.21],[77.398,14.198],[77.362,14.237],[77.366,14.276],[77.286,14.283],[77.287,14.338],[77.238,14.318],[77.202,14.321],[77.166,14.343],[77.141,14.34],[77.118,14.294],[77.116,14.228],[77.101,14.216],[77.081,14.216],[77.055,14.246],[76.949,14.242],[76.93,14.278],[76.955,14.3],[76.904,14.325],[76.884,14.352],[76.888,14.396],[76.918,14.419],[76.947,14.405],[76.949,14.451],[76.964,14.451],[76.978,14.484],[76.911,14.49],[76.875,14.474],[76.849,14.515],[76.804,14.533],[76.781,14.596],[76.765,14.602],[76.775,14.679],[76.802,14.74],[76.784,14.785],[76.836,14.789],[76.841,14.809],[76.853,14.809],[76.844,14.835],[76.858,14.867],[76.847,14.887],[76.865,14.896],[76.87,14.943],[76.869,14.969],[76.832,14.956],[76.819,14.969],[76.768,14.975],[76.761,14.988],[76.788,15.022],[76.778,15.076],[76.801,15.096],[76.865,15.062],[76.881,15.034],[76.947,15.032],[76.986,15.016],[77.005,15.035],[77.052,15.035],[77.046,15.011],[77.084,15.005],[77.087,15.028],[77.114,15.034],[77.132,15.099],[77.159,15.126],[77.137,15.148],[77.163,15.154],[77.163,15.199],[77.146,15.223],[77.126,15.227],[77.145,15.257],[77.169,15.264],[77.15,15.271],[77.153,15.291],[77.12,15.295],[77.114,15.332],[77.066,15.327],[77.067,15.343],[77.042,15.364],[77.048,15.389],[77.033,15.406],[77.032,15.44],[76.974,15.496],[76.976,15.511],[77.031,15.505],[77.033,15.639],[77.086,15.658],[77.12,15.63],[77.125,15.642],[77.129,15.664],[77.08,15.696],[77.08,15.726],[77.047,15.739],[77.071,15.801],[77.068,15.828],[77.026,15.836],[77.081,15.914],[77.161,15.949],[77.253,15.962],[77.381,15.938],[77.431,15.947],[77.537,15.921],[77.612,15.917],[77.654,15.884],[77.689,15.879],[77.722,15.892],[77.805,15.871],[77.861,15.881],[77.882,15.902],[78.008,15.865],[78.023,15.901],[78.042,15.908],[78.047,15.878],[78.07,15.85],[78.116,15.833],[78.133,15.841],[78.132,15.855],[78.171,15.855],[78.187,15.906],[78.245,15.935],[78.266,16.001],[78.263,16.037],[78.323,16.035],[78.347,16.059],[78.412,16.087],[78.566,16.063],[78.624,16.105],[78.721,16.033],[78.783,16.03],[78.816,16.053],[78.844,16.094],[78.845,16.163],[78.87,16.16],[78.88,16.117],[78.897,16.105],[78.918,16.112],[78.929,16.129],[78.913,16.189],[78.949,16.217],[79.039,16.253],[79.131,16.245],[79.185,16.224],[79.227,16.247],[79.238,16.307],[79.22,16.401],[79.227,16.445],[79.244,16.465],[79.233,16.515],[79.274,16.568],[79.341,16.585],[79.435,16.589],[79.478,16.626],[79.572,16.645],[79.608,16.67],[79.656,16.669],[79.677,16.691],[79.731,16.7],[79.783,16.737],[79.819,16.698],[79.87,16.706],[79.911,16.645],[79.932,16.638],[79.967,16.65],[80.056,16.753],[80.078,16.821],[80.05,16.834],[80.041,16.86],[80,16.871],[80.018,16.915],[80.054,16.973],[80.093,16.97],[80.096,16.995],[80.142,16.993],[80.19,17.052],[80.203,17.05],[80.21,17.021],[80.226,17.027],[80.244,17.01],[80.271,17.018],[80.31,16.964],[80.328,16.879],[80.367,16.863],[80.382,16.819],[80.408,16.84],[80.408,16.858],[80.461,16.823],[80.465,16.798],[80.572,16.771],[80.613,16.796],[80.563,16.833],[80.574,16.877],[80.596,16.882],[80.593,16.935],[80.54,16.958],[80.529,16.944],[80.5,16.956],[80.497,16.925],[80.451,16.953],[80.367,16.978],[80.396,17.015],[80.376,17.06],[80.383,17.071],[80.404,17.085],[80.426,17.036],[80.455,17.025],[80.461,17.045],[80.491,17.058],[80.505,17.116],[80.528,17.116],[80.569,17.146],[80.665,17.096],[80.646,17.08],[80.648,17.063],[80.693,17.077],[80.735,17.073],[80.832,17.046],[80.841,17.034],[80.868,17.059],[80.864,17.12],[80.879,17.154],[80.922,17.154],[80.914,17.209],[80.939,17.213],[81,17.188],[81.035,17.195],[81.055,17.222],[81.071,17.212],[81.172,17.241],[81.189,17.263],[81.179,17.305],[81.19,17.331],[81.276,17.328],[81.339,17.401],[81.381,17.366],[81.425,17.37],[81.502,17.457],[81.508,17.54],[81.533,17.581],[81.512,17.598],[81.58,17.696],[81.585,17.734],[81.632,17.771],[81.693,17.779],[81.738,17.827],[81.791,17.84],[81.801,17.861],[81.767,17.901],[81.81,17.944],[81.96,18],[82.01,18.032],[82.01,18.053],[82.033,18.066],[82.068,18.053],[82.067,18.067],[82.081,18.074],[82.101,18.061],[82.122,18.066],[82.141,18.044],[82.169,18.052],[82.186,18.019],[82.246,18.001],[82.25,17.988],[82.276,17.995],[82.267,18.043],[82.275,18.057],[82.306,18.07],[82.305,18.055],[82.322,18.043],[82.326,18.057],[82.345,18.056],[82.352,18.091],[82.341,18.103],[82.342,18.151],[82.366,18.134],[82.374,18.148],[82.357,18.17],[82.319,18.183],[82.315,18.204],[82.341,18.224],[82.33,18.231],[82.345,18.274],[82.38,18.282],[82.401,18.315],[82.393,18.327],[82.357,18.314],[82.343,18.325],[82.393,18.377],[82.37,18.418],[82.482,18.545],[82.507,18.51],[82.531,18.512],[82.536,18.476],[82.524,18.464],[82.538,18.442],[82.562,18.446],[82.543,18.398],[82.609,18.377],[82.606,18.364],[82.62,18.355],[82.605,18.349],[82.61,18.326],[82.586,18.318],[82.599,18.3],[82.589,18.278],[82.64,18.237],[82.667,18.295],[82.775,18.34],[82.802,18.403],[82.784,18.428],[82.807,18.448],[82.827,18.447],[82.853,18.418],[82.893,18.421],[82.893,18.387],[82.911,18.365],[82.985,18.364],[83.025,18.393],[83.045,18.379],[83.062,18.384],[83.075,18.401],[83.064,18.413],[83.068,18.437],[83.046,18.428],[83.046,18.443],[83.024,18.453],[83.097,18.546],[83.059,18.543],[83.041,18.556],[83.034,18.573],[83.062,18.595],[83.049,18.605],[83.058,18.622],[83.084,18.612],[83.092,18.664],[83.147,18.669],[83.155,18.701],[83.173,18.701],[83.172,18.722],[83.192,18.734],[83.213,18.724],[83.231,18.756],[83.227,18.774],[83.274,18.765],[83.287,18.798],[83.331,18.806],[83.367,18.84],[83.381,18.829],[83.404,18.839],[83.406,18.861],[83.419,18.865],[83.382,18.894],[83.392,18.908],[83.368,18.909],[83.358,18.924],[83.357,18.942],[83.388,18.93],[83.367,18.963],[83.353,18.964],[83.347,18.924],[83.33,18.931],[83.326,18.942],[83.34,18.951],[83.313,18.997],[83.337,18.996],[83.354,19.018],[83.375,19.001],[83.417,19.004],[83.417,18.988],[83.463,18.954],[83.468,18.989],[83.456,19.008],[83.482,19.008],[83.486,19.029],[83.467,19.077],[83.481,19.086],[83.501,19.061],[83.513,19.073],[83.521,19.033],[83.501,19.035],[83.503,19.019],[83.539,19.013],[83.56,19.055],[83.554,19.082],[83.563,19.086],[83.565,19.059],[83.586,19.058],[83.592,19.088],[83.612,19.096],[83.602,19.128],[83.631,19.161],[83.638,19.135],[83.657,19.13],[83.667,19.078],[83.705,19.025],[83.731,19.02],[83.713,19.008],[83.713,18.993],[83.734,18.984],[83.754,18.927],[83.778,18.91],[83.788,18.916],[83.747,18.987],[83.795,19.017],[83.824,18.957],[83.825,18.918],[83.848,18.913],[83.845,18.873],[83.878,18.827],[83.891,18.828],[83.895,18.814],[83.915,18.825],[83.947,18.805],[84.035,18.811],[84.073,18.761],[84.099,18.754],[84.115,18.764],[84.131,18.757],[84.159,18.785],[84.187,18.778],[84.235,18.796],[84.26,18.782],[84.286,18.799],[84.32,18.788],[84.34,18.801],[84.337,18.818],[84.352,18.821],[84.353,18.836],[84.343,18.876],[84.37,18.86],[84.379,18.876],[84.359,18.892],[84.391,18.878],[84.393,18.892],[84.373,18.905],[84.405,18.895],[84.419,18.903],[84.414,18.915],[84.425,18.91],[84.437,18.923],[84.423,18.947],[84.448,18.976],[84.422,19.023],[84.479,18.99],[84.497,19.03],[84.561,19.056],[84.573,19.074],[84.585,19.071],[84.581,19.044],[84.597,19.022],[84.62,19.064],[84.662,19.061],[84.672,19.075],[84.656,19.093],[84.627,19.085],[84.599,19.133],[84.668,19.131],[84.68,19.166]],[[82.206,16.747],[82.184,16.736],[82.189,16.727],[82.263,16.701],[82.295,16.709],[82.312,16.734],[82.303,16.754],[82.29,16.734],[82.237,16.728],[82.22,16.742],[82.231,16.761],[82.206,16.747]],[[79.845,13.331],[79.843,13.323],[79.845,13.331]]]]}},{"type":"Feature","properties":{"ST_NM":"Arunanchal Pradesh"},"geometry":{"type":"Polygon","coordinates":[[[96.163,29.381],[96.19,29.342],[96.188,29.307],[96.248,29.232],[96.297,29.233],[96.368,29.283],[96.397,29.253],[96.35,29.168],[96.264,29.157],[96.222,29.135],[96.19,29.091],[96.119,29.074],[96.154,29.05],[96.189,28.985],[96.184,28.965],[96.149,28.934],[96.17,28.902],[96.252,28.939],[96.297,28.995],[96.35,29.029],[96.439,29.034],[96.529,29.075],[96.481,28.99],[96.491,28.961],[96.522,28.967],[96.542,28.917],[96.541,28.88],[96.619,28.774],[96.589,28.717],[96.475,28.683],[96.497,28.633],[96.431,28.582],[96.403,28.589],[96.409,28.559],[96.357,28.556],[96.328,28.529],[96.369,28.5],[96.375,28.482],[96.266,28.408],[96.307,28.399],[96.322,28.381],[96.373,28.389],[96.401,28.339],[96.425,28.345],[96.434,28.386],[96.46,28.414],[96.512,28.413],[96.582,28.457],[96.666,28.46],[96.753,28.415],[96.784,28.364],[96.854,28.362],[96.9,28.379],[96.927,28.338],[96.998,28.309],[97.053,28.351],[97.094,28.362],[97.153,28.327],[97.175,28.291],[97.225,28.292],[97.242,28.267],[97.283,28.268],[97.401,28.192],[97.393,28.183],[97.364,28.188],[97.331,28.154],[97.325,28.14],[97.339,28.111],[97.308,28.077],[97.319,28.058],[97.374,28.061],[97.377,28.03],[97.415,28.015],[97.391,28.003],[97.378,27.977],[97.376,27.935],[97.388,27.921],[97.378,27.909],[97.389,27.887],[97.365,27.876],[97.321,27.88],[97.324,27.903],[97.309,27.921],[97.247,27.895],[97.169,27.82],[97.098,27.78],[97.096,27.741],[97.067,27.751],[97.028,27.74],[96.991,27.662],[96.949,27.663],[96.897,27.612],[96.899,27.585],[96.914,27.579],[96.915,27.549],[96.937,27.521],[96.911,27.453],[96.965,27.406],[96.971,27.369],[96.997,27.345],[97.002,27.32],[97.039,27.298],[97.043,27.28],[97.093,27.238],[97.099,27.204],[97.166,27.145],[97.17,27.126],[97.145,27.092],[97.107,27.111],[97.061,27.101],[96.972,27.161],[96.917,27.165],[96.865,27.19],[96.865,27.214],[96.889,27.227],[96.888,27.254],[96.861,27.263],[96.849,27.297],[96.824,27.311],[96.802,27.345],[96.74,27.355],[96.712,27.372],[96.699,27.357],[96.62,27.364],[96.598,27.348],[96.6,27.336],[96.522,27.285],[96.47,27.304],[96.391,27.286],[96.364,27.292],[96.347,27.28],[96.311,27.294],[96.278,27.271],[96.234,27.277],[96.182,27.246],[96.099,27.224],[96.036,27.189],[95.946,27.052],[95.877,27.013],[95.808,27.013],[95.76,26.957],[95.758,26.908],[95.73,26.88],[95.703,26.88],[95.673,26.903],[95.636,26.872],[95.632,26.842],[95.611,26.814],[95.554,26.833],[95.532,26.824],[95.489,26.755],[95.465,26.744],[95.423,26.69],[95.302,26.649],[95.272,26.656],[95.25,26.686],[95.237,26.68],[95.236,26.706],[95.216,26.729],[95.22,26.754],[95.245,26.781],[95.215,26.792],[95.199,26.834],[95.209,26.845],[95.193,26.845],[95.185,26.859],[95.234,26.885],[95.232,26.92],[95.212,26.937],[95.21,26.977],[95.195,26.984],[95.196,27.037],[95.214,27.028],[95.231,27.04],[95.249,27.024],[95.349,27.099],[95.367,27.107],[95.377,27.096],[95.421,27.125],[95.458,27.129],[95.469,27.184],[95.46,27.207],[95.517,27.263],[95.575,27.245],[95.59,27.223],[95.721,27.251],[95.806,27.285],[95.81,27.274],[95.861,27.287],[95.872,27.26],[95.894,27.256],[95.902,27.281],[95.963,27.31],[95.997,27.356],[96.021,27.364],[95.978,27.429],[95.968,27.417],[95.953,27.437],[95.917,27.436],[95.893,27.399],[95.889,27.437],[95.865,27.422],[95.868,27.411],[95.85,27.424],[95.89,27.5],[95.879,27.513],[95.882,27.547],[95.841,27.56],[95.822,27.576],[95.825,27.597],[95.788,27.617],[95.802,27.643],[95.779,27.666],[95.794,27.686],[95.776,27.691],[95.759,27.725],[95.786,27.734],[95.782,27.752],[95.824,27.804],[95.93,27.885],[95.926,27.895],[95.94,27.898],[95.979,27.963],[95.827,27.972],[95.609,27.953],[95.573,27.937],[95.567,27.918],[95.518,27.877],[95.386,27.837],[95.318,27.867],[95.033,27.771],[94.868,27.742],[94.841,27.7],[94.802,27.693],[94.745,27.66],[94.692,27.663],[94.685,27.646],[94.528,27.592],[94.462,27.554],[94.433,27.6],[94.37,27.573],[94.315,27.586],[94.3,27.601],[94.278,27.59],[94.257,27.611],[94.27,27.625],[94.255,27.638],[94.214,27.608],[94.229,27.572],[94.259,27.554],[94.265,27.524],[94.159,27.475],[94.157,27.457],[94.089,27.401],[94.063,27.36],[94.002,27.332],[93.811,27.149],[93.839,27.075],[93.83,27.066],[93.789,27.051],[93.776,27.059],[93.77,27.04],[93.721,27.016],[93.678,26.968],[93.491,26.936],[93.35,26.961],[93.225,26.947],[93.094,26.913],[93.071,26.922],[93.022,26.915],[92.92,26.962],[92.919,26.983],[92.875,27.006],[92.788,27.029],[92.717,27.024],[92.662,27.037],[92.642,27.017],[92.648,26.986],[92.588,26.96],[92.463,26.962],[92.415,26.943],[92.403,26.925],[92.356,26.934],[92.306,26.923],[92.307,26.908],[92.28,26.901],[92.258,26.911],[92.198,26.89],[92.111,26.893],[92.121,26.959],[92.107,27.007],[92.083,27.019],[92.068,27.051],[92.037,27.064],[92.026,27.114],[92.04,27.137],[92.027,27.161],[92.06,27.189],[92.074,27.223],[92.07,27.244],[92.044,27.266],[92.074,27.276],[92.106,27.268],[92.125,27.287],[92.063,27.326],[92.05,27.378],[92.059,27.399],[92.043,27.436],[92.024,27.447],[92.023,27.479],[91.954,27.46],[91.854,27.482],[91.833,27.468],[91.778,27.464],[91.725,27.47],[91.695,27.502],[91.658,27.482],[91.567,27.584],[91.582,27.599],[91.563,27.633],[91.602,27.692],[91.629,27.706],[91.645,27.765],[91.621,27.811],[91.571,27.815],[91.551,27.847],[91.558,27.858],[91.675,27.856],[91.708,27.816],[91.763,27.801],[91.829,27.81],[91.866,27.736],[91.924,27.715],[91.989,27.769],[92.06,27.758],[92.161,27.836],[92.239,27.862],[92.269,27.857],[92.312,27.778],[92.385,27.794],[92.388,27.815],[92.403,27.82],[92.46,27.802],[92.506,27.841],[92.548,27.817],[92.565,27.82],[92.61,27.877],[92.674,27.899],[92.744,27.988],[92.7,28.048],[92.666,28.067],[92.692,28.125],[92.805,28.201],[92.821,28.201],[92.833,28.171],[92.9,28.204],[92.918,28.234],[92.961,28.258],[92.98,28.259],[93.005,28.23],[93.039,28.262],[93.027,28.299],[93.037,28.303],[93.1,28.306],[93.13,28.326],[93.199,28.317],[93.224,28.333],[93.237,28.4],[93.188,28.439],[93.281,28.504],[93.311,28.566],[93.305,28.599],[93.333,28.608],[93.342,28.64],[93.417,28.652],[93.451,28.675],[93.48,28.653],[93.497,28.683],[93.539,28.658],[93.612,28.655],[93.737,28.688],[93.78,28.668],[93.849,28.706],[93.931,28.671],[93.962,28.704],[93.974,28.75],[94.007,28.775],[93.991,28.797],[94.005,28.819],[94,28.841],[94.035,28.853],[94.084,28.905],[94.161,28.954],[94.181,29.02],[94.22,29.084],[94.294,29.148],[94.363,29.152],[94.378,29.19],[94.437,29.226],[94.5,29.216],[94.564,29.228],[94.58,29.275],[94.625,29.312],[94.634,29.348],[94.717,29.304],[94.772,29.252],[94.801,29.218],[94.803,29.164],[94.877,29.183],[94.924,29.161],[94.973,29.159],[95.028,29.129],[94.992,29.172],[95.003,29.172],[95.045,29.151],[95.104,29.142],[95.127,29.115],[95.256,29.108],[95.255,29.067],[95.272,29.048],[95.307,29.061],[95.415,29.032],[95.459,29.035],[95.488,29.069],[95.501,29.138],[95.551,29.127],[95.543,29.212],[95.591,29.216],[95.604,29.26],[95.643,29.248],[95.707,29.299],[95.732,29.301],[95.783,29.355],[95.802,29.334],[95.853,29.357],[95.886,29.39],[95.962,29.381],[96.049,29.449],[96.086,29.461],[96.163,29.381]]]}},{"type":"Feature","properties":{"ST_NM":"Assam"},"geometry":{"type":"MultiPolygon","coordinates":[[[[89.743,26.304],[89.734,26.307],[89.743,26.304]]],[[[95.967,27.947],[95.94,27.898],[95.926,27.895],[95.93,27.885],[95.824,27.804],[95.782,27.752],[95.786,27.734],[95.759,27.725],[95.776,27.691],[95.794,27.686],[95.779,27.666],[95.802,27.643],[95.788,27.617],[95.825,27.597],[95.822,27.576],[95.841,27.56],[95.882,27.547],[95.879,27.513],[95.89,27.5],[95.85,27.424],[95.868,27.411],[95.865,27.422],[95.889,27.437],[95.893,27.399],[95.917,27.436],[95.953,27.437],[95.968,27.417],[95.978,27.429],[96.021,27.364],[95.997,27.356],[95.963,27.31],[95.902,27.281],[95.894,27.256],[95.872,27.26],[95.861,27.287],[95.81,27.274],[95.806,27.285],[95.721,27.251],[95.59,27.223],[95.575,27.245],[95.517,27.263],[95.46,27.207],[95.469,27.184],[95.458,27.129],[95.421,27.125],[95.377,27.096],[95.367,27.107],[95.349,27.099],[95.249,27.024],[95.231,27.04],[95.214,27.028],[95.199,27.039],[95.117,26.978],[95.11,26.961],[95.022,26.92],[94.986,26.913],[94.958,26.938],[94.934,26.933],[94.929,26.947],[94.895,26.932],[94.822,26.849],[94.813,26.819],[94.797,26.813],[94.803,26.801],[94.773,26.79],[94.757,26.767],[94.746,26.777],[94.687,26.727],[94.659,26.72],[94.623,26.714],[94.6,26.733],[94.594,26.721],[94.605,26.712],[94.575,26.686],[94.563,26.686],[94.564,26.702],[94.541,26.705],[94.499,26.669],[94.465,26.663],[94.463,26.631],[94.408,26.61],[94.415,26.578],[94.4,26.528],[94.379,26.52],[94.378,26.508],[94.351,26.504],[94.35,26.488],[94.317,26.458],[94.294,26.476],[94.29,26.56],[94.277,26.554],[94.187,26.456],[94.176,26.367],[94.165,26.356],[94.18,26.35],[94.176,26.34],[94.12,26.329],[94.129,26.319],[94.108,26.322],[94.071,26.256],[94.049,26.246],[94.036,26.199],[94.005,26.169],[94.005,26.137],[93.991,26.129],[94.002,26.11],[93.991,26.068],[93.955,26.003],[93.979,25.915],[93.916,25.883],[93.883,25.841],[93.842,25.858],[93.819,25.822],[93.796,25.81],[93.78,25.842],[93.798,25.905],[93.79,25.948],[93.773,25.962],[93.752,25.932],[93.688,25.905],[93.706,25.845],[93.636,25.81],[93.606,25.764],[93.573,25.757],[93.566,25.737],[93.547,25.731],[93.544,25.698],[93.526,25.696],[93.5,25.653],[93.457,25.637],[93.462,25.63],[93.428,25.628],[93.407,25.593],[93.333,25.545],[93.386,25.49],[93.39,25.465],[93.462,25.431],[93.478,25.376],[93.452,25.34],[93.474,25.305],[93.388,25.242],[93.353,25.178],[93.335,25.092],[93.312,25.074],[93.304,25.044],[93.268,25.046],[93.248,25.015],[93.246,25],[93.263,25.001],[93.251,24.978],[93.262,24.948],[93.249,24.952],[93.254,24.939],[93.239,24.935],[93.248,24.937],[93.253,24.915],[93.238,24.911],[93.233,24.881],[93.197,24.853],[93.197,24.808],[93.152,24.786],[93.136,24.808],[93.121,24.805],[93.122,24.816],[93.109,24.806],[93.098,24.741],[93.107,24.739],[93.088,24.706],[93.075,24.707],[93.091,24.674],[93.104,24.676],[93.084,24.644],[93.089,24.624],[93.079,24.623],[93.086,24.608],[93.075,24.593],[93.106,24.58],[93.086,24.568],[93.06,24.572],[93.072,24.558],[93.052,24.541],[93.052,24.516],[93.035,24.494],[93.048,24.472],[93.031,24.426],[93.038,24.408],[92.935,24.393],[92.911,24.41],[92.904,24.391],[92.862,24.397],[92.828,24.375],[92.831,24.398],[92.8,24.416],[92.765,24.518],[92.69,24.352],[92.66,24.343],[92.649,24.326],[92.626,24.332],[92.613,24.253],[92.55,24.244],[92.531,24.175],[92.515,24.173],[92.512,24.16],[92.485,24.16],[92.466,24.133],[92.436,24.15],[92.434,24.179],[92.419,24.192],[92.422,24.251],[92.213,24.248],[92.273,24.378],[92.257,24.435],[92.236,24.448],[92.229,24.47],[92.24,24.488],[92.222,24.605],[92.24,24.648],[92.226,24.68],[92.239,24.702],[92.264,24.708],[92.266,24.774],[92.283,24.787],[92.272,24.829],[92.247,24.833],[92.237,24.861],[92.254,24.886],[92.244,24.904],[92.308,24.916],[92.315,24.901],[92.343,24.883],[92.356,24.89],[92.396,24.855],[92.43,24.857],[92.457,24.876],[92.498,24.868],[92.489,24.942],[92.455,24.942],[92.466,24.963],[92.42,24.98],[92.425,25.03],[92.464,25.035],[92.46,25.052],[92.485,25.106],[92.543,25.097],[92.525,25.138],[92.625,25.116],[92.667,25.175],[92.747,25.205],[92.78,25.2],[92.805,25.217],[92.773,25.231],[92.765,25.247],[92.793,25.283],[92.785,25.33],[92.761,25.333],[92.738,25.379],[92.719,25.372],[92.674,25.415],[92.661,25.408],[92.655,25.433],[92.642,25.417],[92.63,25.432],[92.61,25.414],[92.599,25.469],[92.568,25.465],[92.576,25.488],[92.646,25.535],[92.659,25.587],[92.604,25.555],[92.573,25.558],[92.559,25.61],[92.503,25.621],[92.467,25.68],[92.433,25.689],[92.429,25.708],[92.443,25.719],[92.435,25.729],[92.388,25.741],[92.387,25.752],[92.335,25.723],[92.272,25.709],[92.231,25.714],[92.173,25.665],[92.162,25.67],[92.151,25.713],[92.167,25.733],[92.155,25.811],[92.183,25.85],[92.183,25.87],[92.227,25.905],[92.199,25.916],[92.166,25.91],[92.158,25.943],[92.169,25.966],[92.211,25.988],[92.304,26.075],[92.243,26.061],[92.183,26.067],[92.18,26.078],[92.135,26.044],[92.095,26.047],[92.055,26.031],[91.993,26.04],[91.924,25.998],[91.919,26.02],[91.886,26.029],[91.873,26.051],[91.878,26.096],[91.822,26.118],[91.793,26.086],[91.781,26.09],[91.734,26.058],[91.723,25.953],[91.672,25.904],[91.614,25.939],[91.633,25.944],[91.64,25.964],[91.627,25.985],[91.635,26.021],[91.6,26.016],[91.579,26.032],[91.554,25.974],[91.521,25.957],[91.522,25.94],[91.504,25.92],[91.508,25.912],[91.539,25.933],[91.534,25.923],[91.511,25.909],[91.506,25.891],[91.486,25.89],[91.477,25.87],[91.51,25.866],[91.532,25.889],[91.528,25.872],[91.447,25.84],[91.422,25.854],[91.336,25.838],[91.278,25.746],[91.258,25.747],[91.227,25.723],[91.195,25.729],[91.183,25.776],[91.205,25.84],[91.199,25.858],[91.182,25.842],[91.156,25.849],[91.066,25.82],[91.053,25.828],[91.082,25.852],[91.052,25.848],[91.009,25.82],[91.032,25.887],[90.971,25.887],[90.964,25.927],[90.946,25.947],[90.919,25.943],[90.922,25.913],[90.886,25.951],[90.84,25.938],[90.813,25.952],[90.772,25.908],[90.762,25.921],[90.744,25.915],[90.756,25.934],[90.744,25.941],[90.751,25.957],[90.69,25.95],[90.618,25.899],[90.611,25.919],[90.633,25.937],[90.586,25.96],[90.575,25.939],[90.516,25.896],[90.538,25.958],[90.481,26.015],[90.432,25.989],[90.4,26.014],[90.369,26.01],[90.328,25.974],[90.213,25.961],[90.187,25.944],[90.158,25.965],[90.123,25.961],[90.046,25.891],[90.025,25.893],[90.009,25.879],[90.026,25.866],[90.006,25.842],[89.949,25.825],[89.959,25.775],[89.938,25.745],[89.9,25.744],[89.898,25.727],[89.941,25.687],[89.951,25.659],[90.022,25.608],[90.006,25.584],[89.983,25.591],[89.97,25.572],[89.878,25.549],[89.87,25.524],[89.879,25.492],[89.856,25.477],[89.856,25.538],[89.875,25.557],[89.883,25.621],[89.848,25.69],[89.856,25.715],[89.836,25.718],[89.827,25.738],[89.843,25.761],[89.819,25.817],[89.835,25.838],[89.84,25.878],[89.888,25.938],[89.831,25.947],[89.848,25.956],[89.845,25.972],[89.872,25.976],[89.835,26.007],[89.835,25.986],[89.819,25.989],[89.813,26.038],[89.792,26.017],[89.803,26.04],[89.779,26.035],[89.801,26.059],[89.797,26.088],[89.786,26.086],[89.787,26.106],[89.765,26.113],[89.77,26.132],[89.753,26.153],[89.724,26.157],[89.739,26.175],[89.711,26.173],[89.7,26.189],[89.719,26.189],[89.716,26.203],[89.737,26.212],[89.702,26.216],[89.734,26.238],[89.706,26.259],[89.71,26.27],[89.73,26.258],[89.742,26.271],[89.723,26.306],[89.728,26.295],[89.764,26.289],[89.756,26.321],[89.786,26.331],[89.787,26.353],[89.825,26.371],[89.817,26.361],[89.825,26.35],[89.833,26.381],[89.862,26.384],[89.852,26.403],[89.846,26.391],[89.832,26.396],[89.875,26.448],[89.858,26.488],[89.867,26.578],[89.883,26.584],[89.882,26.613],[89.862,26.623],[89.882,26.649],[89.862,26.704],[89.868,26.737],[89.895,26.724],[89.963,26.723],[90.12,26.745],[90.194,26.77],[90.189,26.81],[90.22,26.854],[90.307,26.848],[90.351,26.876],[90.36,26.896],[90.415,26.902],[90.565,26.801],[90.717,26.767],[91,26.788],[91.058,26.779],[91.101,26.819],[91.266,26.804],[91.299,26.784],[91.34,26.779],[91.377,26.795],[91.412,26.835],[91.497,26.789],[91.628,26.82],[91.691,26.804],[91.806,26.851],[91.861,26.913],[91.901,26.915],[91.989,26.857],[92.059,26.847],[92.101,26.867],[92.111,26.893],[92.198,26.89],[92.258,26.911],[92.28,26.901],[92.307,26.908],[92.306,26.923],[92.356,26.934],[92.403,26.925],[92.415,26.943],[92.463,26.962],[92.588,26.96],[92.648,26.986],[92.642,27.017],[92.662,27.037],[92.717,27.024],[92.788,27.029],[92.875,27.006],[92.919,26.983],[92.92,26.962],[93.022,26.915],[93.071,26.922],[93.094,26.913],[93.225,26.947],[93.35,26.961],[93.491,26.936],[93.657,26.963],[93.77,27.04],[93.776,27.059],[93.789,27.051],[93.83,27.066],[93.839,27.075],[93.811,27.149],[94.002,27.332],[94.063,27.36],[94.089,27.401],[94.157,27.457],[94.159,27.475],[94.262,27.52],[94.259,27.554],[94.229,27.572],[94.214,27.608],[94.255,27.638],[94.27,27.625],[94.257,27.611],[94.278,27.59],[94.3,27.601],[94.315,27.586],[94.37,27.573],[94.433,27.6],[94.462,27.554],[94.528,27.592],[94.685,27.646],[94.692,27.663],[94.745,27.66],[94.802,27.693],[94.841,27.7],[94.868,27.742],[95.033,27.771],[95.318,27.867],[95.386,27.837],[95.518,27.877],[95.567,27.918],[95.573,27.937],[95.609,27.953],[95.827,27.972],[95.979,27.963],[95.967,27.947]],[[91.783,26.494],[91.781,26.491],[91.785,26.496],[91.783,26.494]],[[89.815,26.325],[89.827,26.325],[89.817,26.346],[89.793,26.342],[89.815,26.325]]]]}},{"type":"Feature","properties":{"ST_NM":"Bihar"},"geometry":{"type":"MultiPolygon","coordinates":[[[[84.507,24.263],[84.499,24.283],[84.507,24.263]]],[[[84.124,27.512],[84.154,27.519],[84.151,27.491],[84.211,27.467],[84.218,27.44],[84.255,27.45],[84.275,27.425],[84.277,27.397],[84.294,27.385],[84.626,27.337],[84.691,27.223],[84.679,27.105],[84.651,27.073],[84.646,27.047],[84.763,27],[84.778,27.018],[84.797,26.997],[84.829,27.021],[84.858,27.008],[84.858,26.992],[84.901,26.973],[84.962,26.963],[84.981,26.941],[84.971,26.92],[85.002,26.916],[85.011,26.894],[85.059,26.885],[85.031,26.872],[85.034,26.853],[85.087,26.854],[85.087,26.865],[85.11,26.872],[85.196,26.869],[85.194,26.835],[85.179,26.815],[85.213,26.758],[85.239,26.763],[85.337,26.741],[85.409,26.791],[85.459,26.782],[85.567,26.841],[85.576,26.86],[85.588,26.848],[85.637,26.872],[85.643,26.853],[85.706,26.831],[85.736,26.795],[85.724,26.681],[85.737,26.65],[85.802,26.625],[85.818,26.603],[85.831,26.613],[85.852,26.608],[85.852,26.568],[85.912,26.609],[85.943,26.615],[85.96,26.652],[86.034,26.667],[86.139,26.629],[86.141,26.604],[86.195,26.615],[86.201,26.594],[86.222,26.59],[86.238,26.591],[86.256,26.613],[86.346,26.617],[86.343,26.606],[86.396,26.595],[86.501,26.542],[86.534,26.543],[86.569,26.5],[86.735,26.424],[86.773,26.458],[86.843,26.44],[86.897,26.462],[86.896,26.487],[86.932,26.488],[86.94,26.516],[87.016,26.534],[87.046,26.587],[87.072,26.586],[87.092,26.452],[87.164,26.404],[87.191,26.405],[87.188,26.414],[87.218,26.404],[87.262,26.411],[87.267,26.374],[87.314,26.372],[87.341,26.348],[87.358,26.361],[87.356,26.386],[87.37,26.407],[87.463,26.44],[87.55,26.419],[87.59,26.382],[87.609,26.381],[87.614,26.391],[87.653,26.393],[87.652,26.406],[87.679,26.416],[87.679,26.436],[87.736,26.408],[87.74,26.419],[87.767,26.409],[87.789,26.468],[87.851,26.436],[87.864,26.449],[87.86,26.463],[87.891,26.486],[87.911,26.458],[87.901,26.449],[87.927,26.446],[87.918,26.433],[87.929,26.419],[87.993,26.393],[87.999,26.363],[88.031,26.355],[88.033,26.377],[88.103,26.446],[88.105,26.533],[88.112,26.539],[88.152,26.511],[88.172,26.521],[88.175,26.537],[88.221,26.535],[88.222,26.557],[88.238,26.552],[88.24,26.532],[88.186,26.49],[88.2,26.472],[88.233,26.476],[88.222,26.466],[88.236,26.447],[88.25,26.449],[88.274,26.422],[88.236,26.39],[88.244,26.375],[88.28,26.377],[88.298,26.354],[88.286,26.335],[88.268,26.338],[88.231,26.289],[88.147,26.25],[88.145,26.231],[88.118,26.226],[88.076,26.176],[88.044,26.178],[88.018,26.155],[88.019,26.141],[88.005,26.14],[87.989,26.159],[87.971,26.152],[87.977,26.137],[87.965,26.126],[87.982,26.122],[87.961,26.103],[87.979,26.085],[87.944,26.084],[87.938,26.069],[87.919,26.091],[87.882,26.056],[87.849,26.044],[87.832,25.988],[87.836,25.936],[87.81,25.921],[87.814,25.909],[87.823,25.913],[87.829,25.872],[87.917,25.852],[87.89,25.829],[87.917,25.815],[87.901,25.805],[87.905,25.77],[87.938,25.772],[87.967,25.725],[87.994,25.724],[88.023,25.705],[88.022,25.692],[88.055,25.691],[88.054,25.644],[88.041,25.637],[88.06,25.633],[88.045,25.628],[88.047,25.606],[88.036,25.6],[88.046,25.598],[88.027,25.587],[88.044,25.564],[88.033,25.554],[88.041,25.537],[88.075,25.513],[88.076,25.481],[88.033,25.487],[88.013,25.511],[88.004,25.496],[87.986,25.516],[87.992,25.525],[87.932,25.537],[87.905,25.505],[87.885,25.516],[87.869,25.494],[87.869,25.466],[87.84,25.465],[87.825,25.438],[87.787,25.445],[87.765,25.405],[87.772,25.378],[87.795,25.373],[87.787,25.339],[87.861,25.29],[87.855,25.254],[87.828,25.235],[87.842,25.2],[87.793,25.221],[87.789,25.247],[87.714,25.257],[87.69,25.311],[87.613,25.312],[87.587,25.328],[87.586,25.349],[87.553,25.331],[87.546,25.282],[87.496,25.306],[87.488,25.296],[87.502,25.263],[87.479,25.241],[87.478,25.195],[87.398,25.228],[87.376,25.206],[87.33,25.224],[87.297,25.09],[87.257,25.106],[87.24,25.086],[87.217,25.09],[87.15,25.019],[87.16,24.992],[87.152,24.914],[87.164,24.886],[87.157,24.859],[87.12,24.856],[87.083,24.819],[87.103,24.802],[87.08,24.746],[87.088,24.725],[87.061,24.672],[87.056,24.608],[87.033,24.61],[87.03,24.622],[87.016,24.607],[86.972,24.633],[86.951,24.627],[86.955,24.644],[86.936,24.644],[86.94,24.627],[86.904,24.587],[86.917,24.54],[86.882,24.568],[86.861,24.551],[86.845,24.555],[86.843,24.569],[86.806,24.566],[86.812,24.595],[86.792,24.618],[86.793,24.6],[86.783,24.621],[86.757,24.619],[86.738,24.577],[86.675,24.562],[86.624,24.585],[86.609,24.606],[86.584,24.569],[86.561,24.56],[86.553,24.536],[86.53,24.537],[86.512,24.519],[86.491,24.46],[86.495,24.426],[86.472,24.423],[86.472,24.386],[86.458,24.37],[86.422,24.38],[86.357,24.445],[86.326,24.441],[86.286,24.463],[86.319,24.509],[86.31,24.559],[86.329,24.585],[86.271,24.577],[86.224,24.612],[86.222,24.592],[86.172,24.584],[86.132,24.612],[86.125,24.642],[86.14,24.676],[86.131,24.706],[86.093,24.747],[86.044,24.744],[86.06,24.762],[86.057,24.78],[85.957,24.732],[85.917,24.754],[85.885,24.801],[85.834,24.81],[85.818,24.795],[85.784,24.799],[85.744,24.823],[85.71,24.764],[85.704,24.714],[85.687,24.694],[85.656,24.687],[85.679,24.62],[85.672,24.582],[85.622,24.583],[85.584,24.603],[85.568,24.584],[85.575,24.565],[85.562,24.556],[85.544,24.566],[85.543,24.536],[85.525,24.525],[85.501,24.551],[85.44,24.536],[85.414,24.546],[85.377,24.53],[85.295,24.529],[85.289,24.497],[85.254,24.495],[85.231,24.471],[85.158,24.463],[85.176,24.43],[85.122,24.409],[85.097,24.379],[85.073,24.387],[85.083,24.44],[85.06,24.415],[85.039,24.425],[84.998,24.412],[84.976,24.376],[84.905,24.372],[84.905,24.394],[84.885,24.423],[84.887,24.463],[84.855,24.466],[84.842,24.452],[84.84,24.511],[84.803,24.529],[84.787,24.505],[84.749,24.496],[84.732,24.473],[84.686,24.456],[84.666,24.394],[84.589,24.401],[84.58,24.412],[84.567,24.397],[84.573,24.384],[84.529,24.376],[84.533,24.339],[84.501,24.287],[84.486,24.309],[84.508,24.332],[84.485,24.316],[84.469,24.317],[84.462,24.338],[84.425,24.331],[84.43,24.359],[84.402,24.368],[84.39,24.389],[84.343,24.395],[84.335,24.422],[84.323,24.423],[84.338,24.431],[84.301,24.45],[84.293,24.465],[84.302,24.48],[84.334,24.502],[84.305,24.563],[84.277,24.564],[84.288,24.551],[84.265,24.53],[84.243,24.553],[84.228,24.55],[84.225,24.535],[84.196,24.555],[84.181,24.546],[84.194,24.522],[84.187,24.51],[84.161,24.517],[84.172,24.533],[84.154,24.54],[84.144,24.529],[84.148,24.504],[84.117,24.481],[84.097,24.503],[84.097,24.533],[84.054,24.611],[84.01,24.635],[84,24.637],[83.936,24.547],[83.876,24.532],[83.802,24.529],[83.725,24.504],[83.506,24.526],[83.501,24.541],[83.525,24.548],[83.533,24.566],[83.525,24.602],[83.55,24.623],[83.505,24.65],[83.522,24.68],[83.489,24.704],[83.49,24.734],[83.461,24.732],[83.395,24.783],[83.403,24.819],[83.362,24.869],[83.372,24.879],[83.359,24.905],[83.365,24.954],[83.347,24.962],[83.352,25.009],[83.326,25.015],[83.348,25.11],[83.362,25.108],[83.366,25.122],[83.356,25.177],[83.344,25.179],[83.358,25.197],[83.397,25.205],[83.418,25.247],[83.44,25.242],[83.448,25.257],[83.466,25.248],[83.49,25.281],[83.52,25.286],[83.526,25.3],[83.554,25.308],[83.548,25.316],[83.573,25.306],[83.592,25.323],[83.651,25.339],[83.659,25.366],[83.697,25.369],[83.684,25.376],[83.703,25.394],[83.712,25.384],[83.741,25.409],[83.767,25.399],[83.758,25.39],[83.77,25.386],[83.772,25.397],[83.808,25.409],[83.814,25.423],[83.803,25.43],[83.847,25.435],[83.842,25.448],[83.814,25.452],[83.819,25.464],[83.86,25.472],[83.881,25.518],[83.905,25.526],[83.925,25.557],[84.085,25.636],[84.078,25.694],[84.103,25.718],[84.144,25.73],[84.135,25.717],[84.144,25.715],[84.157,25.729],[84.203,25.702],[84.211,25.668],[84.294,25.66],[84.292,25.675],[84.327,25.67],[84.34,25.743],[84.378,25.734],[84.388,25.747],[84.41,25.698],[84.432,25.693],[84.433,25.71],[84.457,25.713],[84.475,25.684],[84.498,25.689],[84.497,25.676],[84.533,25.683],[84.544,25.725],[84.54,25.691],[84.561,25.682],[84.564,25.735],[84.639,25.727],[84.609,25.759],[84.618,25.776],[84.629,25.771],[84.629,25.792],[84.565,25.836],[84.535,25.833],[84.528,25.859],[84.549,25.86],[84.537,25.876],[84.436,25.889],[84.417,25.929],[84.357,25.958],[84.305,25.945],[84.223,25.994],[84.175,25.989],[84.176,26.023],[84.125,26.073],[84.1,26.094],[84.058,26.097],[84.051,26.129],[84.027,26.143],[84.037,26.161],[84.012,26.176],[84.018,26.197],[84.033,26.199],[84.033,26.217],[84.014,26.232],[84.029,26.239],[84.088,26.219],[84.101,26.238],[84.119,26.239],[84.122,26.26],[84.154,26.259],[84.166,26.242],[84.191,26.315],[84.176,26.336],[84.18,26.372],[84.081,26.382],[84.04,26.41],[84.02,26.446],[83.991,26.432],[83.911,26.448],[83.911,26.515],[83.944,26.522],[83.972,26.506],[83.983,26.529],[84.01,26.522],[84.057,26.541],[84.066,26.571],[84.092,26.597],[84.091,26.64],[84.114,26.63],[84.161,26.636],[84.158,26.625],[84.211,26.622],[84.281,26.597],[84.312,26.615],[84.38,26.613],[84.424,26.625],[84.411,26.669],[84.335,26.682],[84.307,26.751],[84.257,26.727],[84.243,26.737],[84.234,26.754],[84.262,26.806],[84.251,26.86],[84.219,26.868],[84.19,26.855],[84.178,26.832],[84.141,26.853],[84.15,26.885],[84.11,26.898],[84.1,26.874],[84.062,26.889],[84.057,26.929],[84.035,26.94],[84.056,26.959],[84.046,26.981],[84.059,26.988],[84.04,27.009],[84.051,27.042],[84.001,27.066],[84.031,27.092],[84.021,27.102],[83.965,27.083],[83.949,27.09],[83.961,27.138],[83.995,27.179],[83.972,27.225],[83.908,27.256],[83.906,27.274],[83.932,27.293],[83.934,27.313],[83.918,27.327],[83.869,27.308],[83.839,27.319],[83.886,27.371],[83.837,27.422],[83.845,27.442],[83.881,27.435],[83.936,27.449],[84.03,27.436],[84.064,27.455],[84.07,27.481],[84.098,27.493],[84.106,27.519],[84.124,27.512]]]]}},{"type":"Feature","properties":{"ST_NM":"Chandigarh"},"geometry":{"type":"Polygon","coordinates":[[[76.841,30.76],[76.836,30.736],[76.85,30.71],[76.807,30.665],[76.739,30.692],[76.729,30.725],[76.704,30.743],[76.704,30.756],[76.773,30.795],[76.791,30.782],[76.783,30.773],[76.809,30.782],[76.817,30.774],[76.806,30.763],[76.841,30.76]]]}},{"type":"Feature","properties":{"ST_NM":"Chhattisgarh"},"geometry":{"type":"Polygon","coordinates":[[[83.335,24.099],[83.391,24.099],[83.408,24.081],[83.433,24.083],[83.455,24.042],[83.514,24.028],[83.524,24.01],[83.515,23.979],[83.547,23.933],[83.55,23.898],[83.584,23.884],[83.569,23.863],[83.657,23.848],[83.666,23.828],[83.703,23.821],[83.737,23.755],[83.742,23.714],[83.722,23.683],[83.758,23.653],[83.755,23.627],[83.772,23.622],[83.782,23.6],[83.808,23.583],[83.943,23.563],[83.945,23.623],[84.014,23.633],[84.009,23.621],[84.03,23.598],[84.03,23.545],[84.016,23.5],[83.977,23.456],[83.987,23.427],[83.973,23.382],[83.99,23.36],[84.014,23.354],[84.028,23.376],[84.051,23.375],[84.077,23.331],[84.058,23.248],[84.066,23.205],[84.038,23.162],[84.041,23.14],[84.074,23.108],[84.095,23.111],[84.136,23.083],[84.131,23.038],[84.155,22.965],[84.175,22.972],[84.184,23.022],[84.197,23.025],[84.224,22.978],[84.258,22.973],[84.278,22.99],[84.286,22.963],[84.332,22.981],[84.377,22.977],[84.397,22.925],[84.378,22.903],[84.383,22.875],[84.336,22.861],[84.292,22.765],[84.261,22.765],[84.232,22.737],[84.239,22.691],[84.228,22.671],[84.157,22.636],[84.087,22.638],[84.055,22.596],[84.012,22.571],[84.012,22.527],[83.987,22.524],[83.983,22.504],[84.049,22.466],[84.047,22.435],[84.021,22.406],[84.011,22.37],[83.923,22.362],[83.904,22.342],[83.868,22.346],[83.832,22.322],[83.826,22.295],[83.801,22.29],[83.76,22.245],[83.7,22.248],[83.653,22.227],[83.626,22.199],[83.613,22.16],[83.564,22.102],[83.607,22.068],[83.591,22.057],[83.55,22.062],[83.54,22.036],[83.556,22.009],[83.542,21.966],[83.565,21.946],[83.56,21.935],[83.595,21.929],[83.608,21.913],[83.579,21.875],[83.592,21.846],[83.581,21.832],[83.538,21.835],[83.544,21.797],[83.498,21.817],[83.474,21.785],[83.491,21.744],[83.463,21.697],[83.435,21.695],[83.427,21.678],[83.49,21.643],[83.492,21.629],[83.477,21.63],[83.46,21.608],[83.448,21.621],[83.448,21.652],[83.388,21.616],[83.375,21.6],[83.373,21.553],[83.343,21.503],[83.357,21.447],[83.373,21.443],[83.401,21.403],[83.41,21.352],[83.382,21.343],[83.277,21.378],[83.261,21.316],[83.282,21.289],[83.275,21.272],[83.256,21.281],[83.226,21.264],[83.226,21.227],[83.197,21.139],[83.169,21.135],[83.127,21.105],[83.048,21.122],[83,21.158],[82.972,21.159],[82.963,21.179],[82.945,21.164],[82.91,21.166],[82.887,21.152],[82.876,21.163],[82.82,21.162],[82.796,21.142],[82.76,21.163],[82.653,21.155],[82.64,21.146],[82.655,21.128],[82.644,21.115],[82.652,21.105],[82.617,21.074],[82.63,21.04],[82.553,20.938],[82.493,20.907],[82.489,20.859],[82.466,20.827],[82.423,20.83],[82.409,20.866],[82.366,20.87],[82.367,20.886],[82.354,20.887],[82.341,20.844],[82.343,20.762],[82.376,20.628],[82.346,20.598],[82.348,20.573],[82.331,20.558],[82.356,20.527],[82.388,20.514],[82.396,20.456],[82.418,20.477],[82.437,20.43],[82.417,20.407],[82.401,20.34],[82.43,20.314],[82.437,20.287],[82.413,20.268],[82.421,20.207],[82.386,20.149],[82.4,20.113],[82.398,20.064],[82.606,19.991],[82.639,20.005],[82.715,19.995],[82.708,19.899],[82.725,19.876],[82.719,19.854],[82.706,19.832],[82.653,19.831],[82.631,19.795],[82.593,19.776],[82.579,19.833],[82.601,19.87],[82.552,19.874],[82.538,19.887],[82.531,19.878],[82.502,19.902],[82.447,19.908],[82.396,19.887],[82.347,19.835],[82.306,19.888],[82.269,19.976],[82.238,20.003],[82.186,19.983],[82.173,20.003],[82.124,20.015],[82.065,20.054],[82.032,20.014],[82.018,20.049],[81.994,20.056],[81.952,20.106],[81.897,20.047],[81.881,20.05],[81.845,19.954],[81.857,19.912],[81.968,19.859],[81.969,19.829],[81.988,19.8],[82.067,19.788],[82.045,19.709],[82.059,19.637],[82.042,19.596],[82.054,19.544],[82.03,19.507],[82.068,19.509],[82.079,19.521],[82.1,19.515],[82.105,19.467],[82.127,19.429],[82.178,19.435],[82.191,19.423],[82.174,19.372],[82.149,19.371],[82.15,19.354],[82.188,19.338],[82.191,19.326],[82.159,19.264],[82.164,19.203],[82.187,19.165],[82.172,19.161],[82.183,19.151],[82.168,19.133],[82.178,19.119],[82.184,19.131],[82.208,19.124],[82.206,19.1],[82.22,19.097],[82.202,19.067],[82.233,19.021],[82.248,18.917],[82.181,18.902],[82.166,18.876],[82.169,18.798],[82.137,18.764],[82.09,18.763],[82.087,18.719],[82.042,18.726],[81.972,18.695],[81.956,18.636],[81.894,18.657],[81.897,18.628],[81.963,18.594],[81.955,18.566],[81.917,18.571],[81.905,18.535],[81.866,18.52],[81.853,18.489],[81.77,18.418],[81.753,18.353],[81.661,18.344],[81.667,18.318],[81.602,18.308],[81.576,18.28],[81.536,18.266],[81.513,18.191],[81.531,18.164],[81.517,18.1],[81.482,18.036],[81.486,17.978],[81.454,17.934],[81.449,17.887],[81.402,17.893],[81.407,17.854],[81.393,17.811],[81.272,17.818],[81.168,17.86],[81.097,17.818],[81.082,17.794],[81.046,17.793],[81.013,17.845],[80.974,18.05],[80.952,18.088],[80.957,18.13],[80.981,18.15],[80.982,18.175],[80.909,18.141],[80.87,18.139],[80.856,18.204],[80.876,18.213],[80.867,18.232],[80.838,18.24],[80.825,18.231],[80.826,18.193],[80.806,18.172],[80.743,18.178],[80.741,18.225],[80.796,18.26],[80.752,18.308],[80.724,18.389],[80.734,18.415],[80.699,18.425],[80.707,18.442],[80.658,18.478],[80.64,18.524],[80.496,18.632],[80.458,18.631],[80.389,18.598],[80.37,18.609],[80.346,18.593],[80.304,18.69],[80.247,18.757],[80.354,18.815],[80.343,18.86],[80.271,18.945],[80.275,18.991],[80.301,19.026],[80.296,19.05],[80.327,19.073],[80.339,19.105],[80.332,19.145],[80.394,19.193],[80.384,19.221],[80.391,19.243],[80.444,19.265],[80.483,19.339],[80.521,19.352],[80.575,19.405],[80.617,19.311],[80.679,19.33],[80.692,19.324],[80.696,19.288],[80.757,19.291],[80.785,19.323],[80.852,19.365],[80.823,19.383],[80.795,19.431],[80.875,19.447],[80.899,19.47],[80.893,19.513],[80.848,19.537],[80.835,19.566],[80.792,19.564],[80.728,19.612],[80.664,19.616],[80.673,19.696],[80.589,19.741],[80.547,19.778],[80.55,19.822],[80.515,19.833],[80.476,19.827],[80.467,19.814],[80.487,19.798],[80.485,19.775],[80.459,19.796],[80.402,19.797],[80.405,19.819],[80.439,19.813],[80.505,19.872],[80.49,19.902],[80.451,19.896],[80.41,19.912],[80.413,19.935],[80.451,19.955],[80.487,19.93],[80.527,19.934],[80.553,19.99],[80.54,20.007],[80.553,20.068],[80.542,20.088],[80.547,20.112],[80.505,20.141],[80.458,20.147],[80.447,20.131],[80.401,20.146],[80.391,20.161],[80.401,20.184],[80.421,20.192],[80.39,20.244],[80.472,20.274],[80.518,20.272],[80.549,20.309],[80.612,20.322],[80.625,20.336],[80.593,20.403],[80.61,20.435],[80.602,20.448],[80.629,20.606],[80.574,20.614],[80.526,20.586],[80.507,20.588],[80.488,20.619],[80.514,20.656],[80.587,20.685],[80.552,20.767],[80.563,20.821],[80.549,20.935],[80.466,20.929],[80.431,21.01],[80.454,21.037],[80.44,21.098],[80.456,21.113],[80.445,21.122],[80.462,21.17],[80.612,21.229],[80.68,21.299],[80.663,21.331],[80.699,21.389],[80.704,21.428],[80.737,21.473],[80.729,21.496],[80.738,21.539],[80.72,21.556],[80.726,21.574],[80.716,21.585],[80.729,21.617],[80.714,21.664],[80.732,21.698],[80.725,21.712],[80.747,21.757],[80.769,21.758],[80.79,21.74],[80.818,21.748],[80.848,21.856],[80.831,21.889],[80.844,21.936],[80.825,21.957],[80.853,21.961],[80.913,22.114],[80.958,22.113],[80.973,22.082],[80.97,22.058],[80.986,22.048],[81.011,22.07],[81.011,22.097],[80.979,22.121],[81.023,22.132],[81.027,22.229],[81.092,22.246],[81.121,22.294],[81.123,22.344],[81.108,22.383],[81.117,22.441],[81.155,22.455],[81.187,22.49],[81.2,22.482],[81.201,22.462],[81.226,22.451],[81.248,22.459],[81.283,22.499],[81.311,22.481],[81.33,22.524],[81.386,22.505],[81.404,22.441],[81.426,22.454],[81.432,22.479],[81.455,22.467],[81.445,22.494],[81.487,22.493],[81.526,22.54],[81.564,22.532],[81.57,22.551],[81.623,22.539],[81.631,22.564],[81.656,22.569],[81.649,22.607],[81.664,22.632],[81.686,22.649],[81.714,22.649],[81.73,22.676],[81.748,22.648],[81.77,22.663],[81.754,22.726],[81.792,22.766],[81.768,22.834],[81.777,22.873],[81.864,22.89],[81.867,22.914],[81.948,22.957],[81.945,23.009],[81.926,23.04],[81.945,23.076],[82.036,23.081],[82.075,23.116],[82.123,23.103],[82.159,23.141],[82.161,23.157],[82.145,23.164],[82.15,23.227],[82.194,23.277],[82.193,23.325],[82.166,23.332],[82.145,23.361],[82.118,23.355],[82.106,23.397],[82.064,23.393],[82.053,23.377],[82.022,23.387],[82.024,23.422],[81.986,23.41],[81.979,23.446],[81.955,23.47],[81.957,23.496],[81.924,23.531],[81.835,23.51],[81.82,23.516],[81.809,23.546],[81.764,23.551],[81.744,23.566],[81.701,23.522],[81.662,23.53],[81.655,23.501],[81.639,23.49],[81.615,23.505],[81.613,23.549],[81.585,23.553],[81.577,23.587],[81.61,23.598],[81.621,23.659],[81.654,23.661],[81.657,23.682],[81.681,23.692],[81.695,23.72],[81.682,23.752],[81.647,23.769],[81.65,23.803],[81.636,23.832],[81.615,23.834],[81.606,23.852],[81.623,23.871],[81.605,23.884],[81.618,23.905],[81.669,23.924],[81.69,23.888],[81.705,23.884],[81.71,23.861],[81.731,23.857],[81.727,23.839],[81.79,23.81],[81.861,23.823],[81.902,23.842],[81.924,23.871],[81.958,23.851],[82.008,23.861],[82.043,23.841],[82.039,23.83],[82.053,23.819],[82.173,23.819],[82.181,23.838],[82.212,23.852],[82.207,23.83],[82.237,23.805],[82.263,23.821],[82.336,23.802],[82.471,23.81],[82.493,23.787],[82.524,23.783],[82.552,23.793],[82.535,23.823],[82.594,23.822],[82.66,23.855],[82.668,23.869],[82.654,23.888],[82.664,23.907],[82.71,23.924],[82.756,23.921],[82.806,23.961],[82.829,23.964],[82.889,23.909],[82.957,23.872],[83.028,23.882],[83.069,23.874],[83.135,23.889],[83.153,23.909],[83.198,23.921],[83.224,23.989],[83.25,24.013],[83.282,24.02],[83.302,24.078],[83.324,24.106],[83.335,24.099]],[[82.456,22.176],[82.456,22.176],[82.467,22.181],[82.456,22.176]]]}},{"type":"Feature","properties":{"ST_NM":"Dadara & Nagar Havelli"},"geometry":{"type":"Polygon","coordinates":[[[73.207,20.122],[73.209,20.098],[73.176,20.053],[73.127,20.086],[73.107,20.079],[73.05,20.099],[73.042,20.068],[73,20.111],[73,20.141],[72.983,20.114],[72.962,20.131],[72.976,20.172],[72.965,20.18],[72.964,20.226],[72.911,20.275],[72.935,20.294],[72.974,20.272],[72.98,20.292],[73.01,20.291],[73.009,20.318],[73.016,20.294],[73.034,20.291],[73.04,20.323],[73.081,20.327],[73.097,20.361],[73.112,20.337],[73.103,20.305],[73.152,20.317],[73.168,20.311],[73.17,20.29],[73.159,20.282],[73.148,20.291],[73.1,20.232],[73.06,20.222],[73.062,20.164],[73.076,20.157],[73.086,20.175],[73.095,20.16],[73.118,20.157],[73.142,20.176],[73.132,20.205],[73.17,20.209],[73.22,20.184],[73.186,20.156],[73.191,20.13],[73.207,20.122]]]}},{"type":"Feature","properties":{"ST_NM":"Daman & Diu"},"geometry":{"type":"MultiPolygon","coordinates":[[[[72.893,20.445],[72.873,20.444],[72.859,20.424],[72.903,20.415],[72.886,20.393],[72.894,20.372],[72.802,20.374],[72.825,20.414],[72.822,20.442],[72.845,20.475],[72.882,20.463],[72.893,20.445]]],[[[71.013,20.74],[71.013,20.74],[71.013,20.74],[71.013,20.74]]],[[[70.925,20.738],[70.961,20.736],[70.962,20.722],[70.998,20.714],[70.977,20.702],[70.923,20.712],[70.914,20.699],[70.873,20.71],[70.882,20.729],[70.925,20.738]]],[[[71.011,20.74],[70.984,20.725],[71.005,20.747],[71.011,20.74]]],[[[71.15,20.772],[71.157,20.76],[71.146,20.757],[71.15,20.772]]]]}},{"type":"Feature","properties":{"ST_NM":"Goa"},"geometry":{"type":"MultiPolygon","coordinates":[[[[74.119,14.753],[74.109,14.759],[74.119,14.753]]],[[[73.871,15.781],[73.877,15.749],[73.937,15.744],[73.949,15.699],[73.963,15.689],[73.961,15.646],[73.995,15.611],[74.02,15.607],[74.032,15.623],[74.073,15.628],[74.119,15.652],[74.166,15.654],[74.183,15.683],[74.206,15.651],[74.222,15.655],[74.225,15.669],[74.249,15.656],[74.246,15.626],[74.262,15.612],[74.248,15.568],[74.261,15.566],[74.281,15.528],[74.25,15.492],[74.276,15.445],[74.276,15.391],[74.322,15.37],[74.317,15.332],[74.336,15.295],[74.328,15.285],[74.277,15.284],[74.251,15.26],[74.257,15.244],[74.301,15.226],[74.316,15.187],[74.283,15.146],[74.287,15.123],[74.272,15.098],[74.296,15.042],[74.255,14.993],[74.264,14.969],[74.238,14.96],[74.205,14.924],[74.174,14.956],[74.159,14.942],[74.169,14.912],[74.133,14.923],[74.088,14.896],[74.042,14.915],[74.042,14.947],[74.055,14.962],[74.037,14.979],[74.046,14.987],[73.984,15.026],[73.984,15.055],[73.914,15.084],[73.923,15.095],[73.916,15.107],[73.957,15.141],[73.96,15.177],[73.959,15.185],[73.947,15.173],[73.947,15.145],[73.884,15.355],[73.87,15.37],[73.843,15.36],[73.784,15.408],[73.814,15.399],[73.819,15.412],[73.843,15.411],[73.846,15.4],[73.878,15.399],[73.941,15.409],[73.926,15.415],[73.936,15.436],[73.896,15.418],[73.848,15.452],[73.786,15.462],[73.807,15.463],[73.807,15.483],[73.834,15.505],[73.767,15.495],[73.73,15.598],[73.767,15.633],[73.747,15.633],[73.732,15.615],[73.691,15.706],[73.7,15.721],[73.676,15.728],[73.728,15.719],[73.749,15.735],[73.789,15.727],[73.824,15.74],[73.857,15.8],[73.871,15.781]]]]}},{"type":"Feature","properties":{"ST_NM":"Gujarat"},"geometry":{"type":"MultiPolygon","coordinates":[[[[71.704,21],[71.695,20.997],[71.704,21]]],[[[71.71,21],[71.71,21]]],[[[72.648,21.076],[72.658,21.065],[72.648,21.076]]],[[[72.679,21.099],[72.679,21.099]]],[[[72.672,21.115],[72.676,21.097],[72.672,21.115]]],[[[72.702,21.122],[72.7,21.112],[72.702,21.122]]],[[[72.677,21.156],[72.71,21.141],[72.69,21.09],[72.665,21.142],[72.677,21.156]]],[[[72.103,21.274],[72.099,21.265],[72.103,21.274]]],[[[72.588,21.339],[72.588,21.339]]],[[[72.583,21.365],[72.583,21.365]]],[[[72.6,21.387],[72.588,21.367],[72.6,21.387]]],[[[72.628,21.417],[72.612,21.396],[72.628,21.417]]],[[[72.636,21.418],[72.636,21.418]]],[[[72.676,21.447],[72.664,21.44],[72.676,21.447]]],[[[72.693,21.462],[72.693,21.461],[72.693,21.462],[72.693,21.462]]],[[[72.658,21.471],[72.658,21.471],[72.658,21.471],[72.658,21.471]]],[[[72.671,21.515],[72.671,21.515]]],[[[72.674,21.521],[72.674,21.521],[72.674,21.521],[72.674,21.521]]],[[[72.675,21.521],[72.675,21.521],[72.675,21.521],[72.675,21.521]]],[[[72.696,21.527],[72.696,21.527]]],[[[72.707,21.532],[72.706,21.532],[72.707,21.533],[72.707,21.532]]],[[[72.685,21.541],[72.685,21.541]]],[[[72.353,21.613],[72.365,21.598],[72.359,21.58],[72.345,21.602],[72.353,21.613]]],[[[72.585,21.629],[72.585,21.629]]],[[[72.609,21.629],[72.606,21.619],[72.609,21.629]]],[[[72.612,21.632],[72.612,21.632]]],[[[72.617,21.638],[72.617,21.638]]],[[[72.596,21.639],[72.596,21.63],[72.612,21.636],[72.599,21.617],[72.588,21.629],[72.596,21.639]]],[[[72.62,21.64],[72.62,21.64]]],[[[72.597,21.641],[72.597,21.641]]],[[[72.749,21.644],[72.749,21.644],[72.749,21.644],[72.749,21.644]]],[[[72.75,21.648],[72.75,21.648]]],[[[72.706,21.652],[72.706,21.652],[72.706,21.652],[72.706,21.652]]],[[[72.82,21.659],[72.82,21.659],[72.82,21.659],[72.82,21.659]]],[[[72.821,21.659],[72.821,21.659],[72.821,21.659],[72.821,21.659]]],[[[72.822,21.66],[72.821,21.659],[72.821,21.66],[72.822,21.66]]],[[[72.822,21.66],[72.822,21.66],[72.822,21.66],[72.822,21.66]]],[[[72.723,21.666],[72.751,21.653],[72.716,21.645],[72.71,21.66],[72.723,21.666]]],[[[72.263,21.741],[72.263,21.741],[72.263,21.741],[72.263,21.741]]],[[[72.262,21.743],[72.262,21.743],[72.262,21.743],[72.262,21.743]]],[[[72.262,21.743],[72.262,21.743]]],[[[72.26,21.746],[72.26,21.746]]],[[[72.274,21.75],[72.288,21.707],[72.268,21.735],[72.274,21.75]]],[[[72.256,21.757],[72.256,21.757]]],[[[72.544,21.756],[72.544,21.756]]],[[[72.255,21.758],[72.255,21.758]]],[[[72.255,21.758],[72.255,21.758],[72.255,21.758],[72.255,21.758]]],[[[72.255,21.759],[72.255,21.759],[72.255,21.759],[72.255,21.759]]],[[[72.255,21.759],[72.255,21.759]]],[[[72.548,21.77],[72.548,21.77]]],[[[72.25,21.773],[72.25,21.773],[72.25,21.774],[72.25,21.773]]],[[[72.249,21.774],[72.249,21.774]]],[[[72.249,21.775],[72.249,21.775],[72.249,21.775],[72.249,21.775]]],[[[72.555,21.798],[72.555,21.798],[72.555,21.798],[72.555,21.798]]],[[[72.556,21.801],[72.556,21.8],[72.556,21.801],[72.556,21.801]]],[[[72.557,21.803],[72.557,21.803],[72.557,21.803],[72.557,21.803]]],[[[72.558,21.803],[72.558,21.803],[72.558,21.803],[72.558,21.803]]],[[[72.559,21.805],[72.559,21.805],[72.559,21.805],[72.559,21.805]]],[[[72.559,21.805],[72.559,21.805],[72.559,21.805],[72.559,21.805]]],[[[72.564,21.813],[72.56,21.806],[72.564,21.813]]],[[[72.565,21.814],[72.565,21.814],[72.565,21.814],[72.565,21.814]]],[[[72.355,21.943],[72.36,21.925],[72.348,21.928],[72.355,21.943]]],[[[72.214,22.005],[72.214,22.005]]],[[[72.562,22.177],[72.562,22.177],[72.562,22.177],[72.562,22.177]]],[[[72.564,22.18],[72.564,22.18],[72.564,22.18],[72.564,22.18]]],[[[72.564,22.181],[72.564,22.181]]],[[[72.566,22.184],[72.566,22.184],[72.566,22.184],[72.566,22.184]]],[[[72.567,22.185],[72.567,22.185],[72.567,22.185],[72.567,22.185]]],[[[72.567,22.185],[72.567,22.185],[72.567,22.185],[72.567,22.185]]],[[[72.568,22.186],[72.568,22.186],[72.568,22.186],[72.568,22.186]]],[[[72.568,22.187],[72.568,22.187],[72.568,22.187],[72.568,22.187]]],[[[72.569,22.188],[72.569,22.188],[72.569,22.188],[72.569,22.188]]],[[[72.569,22.188],[72.569,22.188],[72.569,22.188],[72.569,22.188]]],[[[72.573,22.192],[72.573,22.192],[72.573,22.192],[72.573,22.192]]],[[[72.574,22.193],[72.573,22.193],[72.573,22.193],[72.574,22.193]]],[[[72.473,22.208],[72.473,22.208]]],[[[72.384,22.216],[72.392,22.21],[72.384,22.216]]],[[[72.371,22.235],[72.377,22.204],[72.363,22.214],[72.371,22.235]]],[[[69.31,22.306],[69.31,22.306]]],[[[69.453,22.358],[69.437,22.354],[69.453,22.358]]],[[[69.184,22.368],[69.184,22.368]]],[[[69.195,22.375],[69.195,22.375]]],[[[69.213,22.385],[69.213,22.385]]],[[[69.201,22.386],[69.201,22.386]]],[[[69.335,22.389],[69.332,22.373],[69.323,22.383],[69.335,22.389]]],[[[69.483,22.399],[69.487,22.388],[69.483,22.399]]],[[[69.28,22.418],[69.28,22.418]]],[[[69.279,22.42],[69.279,22.42]]],[[[69.142,22.458],[69.142,22.458]]],[[[69.628,22.459],[69.657,22.429],[69.637,22.407],[69.588,22.436],[69.628,22.459]]],[[[69.302,22.474],[69.325,22.47],[69.327,22.457],[69.301,22.453],[69.293,22.46],[69.302,22.474]]],[[[69.137,22.478],[69.147,22.463],[69.112,22.465],[69.108,22.437],[69.085,22.421],[69.093,22.462],[69.137,22.478]]],[[[69.089,22.491],[69.089,22.491]]],[[[69.325,22.527],[69.351,22.527],[69.364,22.512],[69.335,22.507],[69.315,22.521],[69.325,22.527]]],[[[69.945,22.532],[69.945,22.532]]],[[[69.405,22.533],[69.403,22.524],[69.405,22.533]]],[[[69.957,22.536],[69.957,22.536]]],[[[69.96,22.544],[69.954,22.536],[69.96,22.544]]],[[[69.952,22.551],[69.954,22.537],[69.938,22.539],[69.952,22.551]]],[[[69.919,22.553],[69.942,22.518],[69.895,22.512],[69.862,22.527],[69.896,22.523],[69.9,22.546],[69.919,22.553]]],[[[70.024,22.553],[70.012,22.549],[70.024,22.553]]],[[[70.011,22.554],[69.996,22.548],[70.011,22.554]]],[[[70.023,22.558],[70.013,22.553],[70.023,22.558]]],[[[70.04,22.568],[70.04,22.568]]],[[[70.045,22.572],[70.045,22.572]]],[[[70.182,22.584],[70.182,22.584]]],[[[70.009,22.593],[70.025,22.587],[70.022,22.563],[69.989,22.547],[69.958,22.549],[69.965,22.578],[70.009,22.593]]],[[[70.19,22.6],[70.19,22.6]]],[[[69.948,22.606],[69.964,22.599],[69.953,22.595],[69.948,22.606]]],[[[70.216,22.647],[70.22,22.64],[70.216,22.647]]],[[[70.236,22.685],[70.236,22.685]]],[[[70.243,22.685],[70.243,22.685]]],[[[70.247,22.692],[70.247,22.692]]],[[[70.244,22.72],[70.246,22.712],[70.244,22.72]]],[[[69.643,22.765],[69.667,22.751],[69.631,22.761],[69.643,22.765]]],[[[69.637,22.78],[69.637,22.78]]],[[[69.817,22.853],[69.817,22.853]]],[[[69.821,22.854],[69.821,22.854],[69.821,22.854],[69.821,22.854]]],[[[69.823,22.855],[69.823,22.855],[69.823,22.855],[69.823,22.855]]],[[[70.455,22.996],[70.433,22.979],[70.455,22.996]]],[[[70.442,23.05],[70.415,23.023],[70.442,23.05]]],[[[70.448,23.052],[70.413,22.99],[70.414,23.019],[70.448,23.052]]],[[[70.453,23.053],[70.453,23.053]]],[[[70.459,23.058],[70.45,23.043],[70.459,23.058]]],[[[70.452,23.061],[70.452,23.061]]],[[[70.47,23.061],[70.46,23.056],[70.47,23.061]]],[[[70.482,23.065],[70.446,23.025],[70.482,23.065]]],[[[68.609,23.231],[68.613,23.221],[68.609,23.231]]],[[[68.594,23.262],[68.594,23.262]]],[[[68.658,23.271],[68.658,23.271]]],[[[68.629,23.29],[68.629,23.29]]],[[[68.558,23.314],[68.574,23.294],[68.572,23.304],[68.588,23.295],[68.582,23.31],[68.612,23.297],[68.615,23.272],[68.572,23.261],[68.584,23.254],[68.574,23.245],[68.538,23.271],[68.543,23.286],[68.555,23.274],[68.568,23.281],[68.553,23.296],[68.558,23.314]]],[[[68.643,23.314],[68.632,23.31],[68.643,23.314]]],[[[68.633,23.318],[68.633,23.318]]],[[[68.64,23.318],[68.64,23.318]]],[[[68.588,23.319],[68.61,23.317],[68.619,23.299],[68.598,23.302],[68.588,23.319]]],[[[68.632,23.321],[68.632,23.321]]],[[[68.627,23.322],[68.629,23.312],[68.627,23.322]]],[[[68.627,23.326],[68.627,23.326]]],[[[68.542,23.342],[68.542,23.342]]],[[[68.55,23.342],[68.55,23.342]]],[[[68.554,23.342],[68.554,23.342]]],[[[68.506,23.342],[68.528,23.337],[68.538,23.318],[68.503,23.323],[68.506,23.342]]],[[[68.525,23.344],[68.532,23.339],[68.525,23.344]]],[[[68.564,23.345],[68.564,23.345]]],[[[68.632,23.352],[68.634,23.342],[68.632,23.352]]],[[[68.473,23.357],[68.473,23.357]]],[[[68.573,23.36],[68.576,23.352],[68.573,23.36]]],[[[68.598,23.361],[68.598,23.361]]],[[[68.589,23.374],[68.597,23.357],[68.611,23.352],[68.607,23.365],[68.618,23.354],[68.618,23.328],[68.577,23.353],[68.568,23.373],[68.589,23.374]]],[[[68.541,23.378],[68.541,23.378]]],[[[68.503,23.383],[68.503,23.383]]],[[[68.505,23.384],[68.505,23.384]]],[[[68.579,23.385],[68.587,23.376],[68.579,23.385]]],[[[68.536,23.385],[68.543,23.38],[68.536,23.385]]],[[[68.535,23.388],[68.534,23.371],[68.535,23.388]]],[[[68.554,23.404],[68.554,23.404]]],[[[68.537,23.405],[68.567,23.377],[68.556,23.36],[68.55,23.372],[68.561,23.375],[68.547,23.396],[68.528,23.391],[68.537,23.405]]],[[[68.461,23.405],[68.469,23.403],[68.461,23.405]]],[[[68.523,23.405],[68.527,23.386],[68.523,23.405]]],[[[68.471,23.406],[68.471,23.406]]],[[[68.43,23.407],[68.43,23.407]]],[[[68.463,23.409],[68.463,23.409]]],[[[68.409,23.409],[68.409,23.409]]],[[[68.558,23.409],[68.551,23.404],[68.558,23.409]]],[[[68.415,23.41],[68.424,23.401],[68.415,23.41]]],[[[68.461,23.413],[68.461,23.413]]],[[[68.55,23.414],[68.542,23.405],[68.55,23.414]]],[[[68.401,23.421],[68.401,23.421]]],[[[68.402,23.423],[68.402,23.423]]],[[[68.4,23.428],[68.4,23.428]]],[[[68.502,23.432],[68.502,23.432]]],[[[68.517,23.433],[68.517,23.433]]],[[[68.501,23.436],[68.501,23.436]]],[[[68.501,23.444],[68.501,23.444]]],[[[68.501,23.453],[68.497,23.444],[68.501,23.453]]],[[[68.507,23.457],[68.526,23.436],[68.513,23.448],[68.521,23.437],[68.503,23.429],[68.507,23.457]]],[[[68.408,23.458],[68.401,23.454],[68.408,23.458]]],[[[68.499,23.476],[68.501,23.455],[68.499,23.476]]],[[[68.473,23.48],[68.495,23.457],[68.485,23.403],[68.458,23.418],[68.462,23.454],[68.475,23.46],[68.43,23.431],[68.418,23.44],[68.429,23.433],[68.421,23.42],[68.412,23.443],[68.435,23.44],[68.433,23.45],[68.453,23.461],[68.444,23.467],[68.473,23.48]]],[[[68.498,23.489],[68.487,23.473],[68.498,23.489]]],[[[68.507,23.492],[68.507,23.492]]],[[[68.512,23.492],[68.512,23.492]]],[[[68.487,23.495],[68.488,23.487],[68.487,23.495]]],[[[68.467,23.498],[68.471,23.48],[68.459,23.48],[68.467,23.498]]],[[[68.437,23.5],[68.437,23.5]]],[[[68.481,23.501],[68.478,23.478],[68.481,23.501]]],[[[68.468,23.524],[68.464,23.515],[68.468,23.524]]],[[[68.475,23.529],[68.47,23.522],[68.475,23.529]]],[[[68.473,23.537],[68.473,23.537]]],[[[68.482,23.55],[68.482,23.55]]],[[[68.48,23.555],[68.475,23.538],[68.453,23.529],[68.48,23.555]]],[[[68.223,23.586],[68.223,23.586]]],[[[68.255,23.59],[68.245,23.587],[68.255,23.59]]],[[[68.216,23.591],[68.216,23.591]]],[[[68.482,23.597],[68.481,23.561],[68.443,23.537],[68.43,23.508],[68.435,23.557],[68.473,23.578],[68.462,23.583],[68.482,23.597]]],[[[68.458,23.6],[68.468,23.592],[68.45,23.573],[68.458,23.6]]],[[[68.481,23.607],[68.482,23.598],[68.481,23.607]]],[[[68.456,23.625],[68.467,23.601],[68.45,23.602],[68.44,23.587],[68.435,23.618],[68.456,23.625]]],[[[68.485,23.628],[68.491,23.604],[68.467,23.593],[68.47,23.617],[68.485,23.628]]],[[[68.478,23.722],[68.472,23.715],[68.478,23.722]]],[[[68.45,23.732],[68.45,23.732]]],[[[68.467,23.74],[68.488,23.729],[68.459,23.725],[68.467,23.74]]],[[[68.487,23.746],[68.482,23.736],[68.487,23.746]]],[[[68.217,23.779],[68.218,23.756],[68.217,23.779]]],[[[68.349,23.8],[68.34,23.777],[68.349,23.8]]],[[[68.358,23.805],[68.396,23.785],[68.426,23.796],[68.418,23.762],[68.399,23.751],[68.417,23.761],[68.418,23.722],[68.39,23.653],[68.375,23.643],[68.389,23.686],[68.35,23.602],[68.316,23.583],[68.304,23.597],[68.308,23.584],[68.296,23.579],[68.274,23.592],[68.293,23.6],[68.275,23.613],[68.277,23.63],[68.314,23.622],[68.307,23.631],[68.277,23.633],[68.264,23.602],[68.242,23.606],[68.251,23.591],[68.222,23.589],[68.226,23.607],[68.198,23.596],[68.186,23.624],[68.205,23.648],[68.26,23.64],[68.312,23.65],[68.231,23.643],[68.27,23.65],[68.283,23.672],[68.305,23.679],[68.297,23.684],[68.319,23.719],[68.33,23.724],[68.334,23.711],[68.339,23.743],[68.348,23.732],[68.352,23.743],[68.335,23.76],[68.358,23.805]]],[[[68.605,23.81],[68.595,23.797],[68.605,23.81]]],[[[68.597,23.813],[68.597,23.813]]],[[[68.308,23.824],[68.322,23.805],[68.314,23.778],[68.324,23.734],[68.29,23.728],[68.286,23.755],[68.295,23.723],[68.274,23.701],[68.257,23.716],[68.273,23.793],[68.298,23.803],[68.29,23.817],[68.308,23.824]]],[[[68.498,23.831],[68.52,23.818],[68.513,23.79],[68.498,23.795],[68.522,23.776],[68.517,23.754],[68.49,23.76],[68.507,23.747],[68.488,23.737],[68.465,23.775],[68.478,23.742],[68.437,23.739],[68.457,23.774],[68.448,23.807],[68.498,23.831]]],[[[68.707,23.851],[68.707,23.851]]],[[[68.699,23.853],[68.699,23.853]]],[[[68.533,23.874],[68.524,23.858],[68.533,23.874]]],[[[68.396,23.878],[68.422,23.868],[68.439,23.839],[68.427,23.81],[68.413,23.807],[68.41,23.82],[68.416,23.802],[68.405,23.793],[68.38,23.838],[68.402,23.79],[68.354,23.811],[68.33,23.787],[68.325,23.798],[68.348,23.821],[68.343,23.838],[68.377,23.858],[68.378,23.875],[68.396,23.878]]],[[[68.248,23.88],[68.252,23.862],[68.233,23.842],[68.217,23.847],[68.215,23.866],[68.248,23.88]]],[[[68.449,23.938],[68.459,23.931],[68.444,23.92],[68.452,23.881],[68.442,23.87],[68.42,23.87],[68.411,23.886],[68.422,23.895],[68.408,23.885],[68.417,23.872],[68.377,23.877],[68.372,23.859],[68.35,23.846],[68.356,23.891],[68.368,23.891],[68.353,23.884],[68.354,23.902],[68.405,23.912],[68.449,23.938]]],[[[68.535,23.946],[68.558,23.923],[68.589,23.917],[68.546,23.872],[68.532,23.876],[68.522,23.856],[68.502,23.875],[68.491,23.866],[68.488,23.892],[68.508,23.903],[68.526,23.893],[68.514,23.905],[68.538,23.918],[68.525,23.94],[68.535,23.946]]],[[[68.526,23.95],[68.515,23.949],[68.526,23.95]]],[[[68.498,23.967],[68.499,23.949],[68.519,23.941],[68.506,23.942],[68.518,23.924],[68.48,23.89],[68.467,23.895],[68.48,23.889],[68.472,23.862],[68.432,23.852],[68.428,23.862],[68.453,23.879],[68.451,23.92],[68.463,23.932],[68.429,23.936],[68.435,23.955],[68.449,23.96],[68.443,23.968],[68.498,23.967]]],[[[68.358,23.975],[68.434,23.964],[68.411,23.925],[68.345,23.902],[68.338,23.819],[68.321,23.807],[68.304,23.825],[68.289,23.818],[68.296,23.804],[68.266,23.793],[68.254,23.718],[68.267,23.691],[68.238,23.681],[68.192,23.733],[68.234,23.775],[68.218,23.781],[68.212,23.833],[68.235,23.836],[68.245,23.854],[68.26,23.825],[68.261,23.837],[68.287,23.839],[68.25,23.848],[68.258,23.871],[68.306,23.866],[68.317,23.882],[68.302,23.867],[68.259,23.875],[68.261,23.887],[68.284,23.921],[68.336,23.918],[68.358,23.975]]],[[[72.658,21.471],[72.671,21.512],[72.682,21.515],[72.675,21.522],[72.743,21.547],[72.736,21.557],[72.737,21.54],[72.702,21.532],[72.683,21.543],[72.642,21.526],[72.614,21.555],[72.608,21.583],[72.628,21.617],[72.673,21.628],[72.7,21.652],[72.719,21.639],[72.751,21.65],[72.789,21.645],[72.835,21.669],[72.779,21.663],[72.736,21.69],[72.711,21.678],[72.6,21.682],[72.547,21.658],[72.525,21.678],[72.518,21.715],[72.522,21.707],[72.543,21.741],[72.567,21.819],[72.617,21.868],[72.629,21.909],[72.608,21.932],[72.637,21.954],[72.589,21.924],[72.58,21.884],[72.517,21.879],[72.505,21.908],[72.505,21.983],[72.547,22.15],[72.572,22.192],[72.605,22.215],[72.649,22.217],[72.7,22.184],[72.755,22.173],[72.808,22.246],[72.878,22.224],[72.902,22.233],[72.92,22.27],[72.914,22.278],[72.894,22.245],[72.865,22.243],[72.853,22.282],[72.842,22.282],[72.751,22.231],[72.688,22.238],[72.657,22.279],[72.635,22.285],[72.56,22.246],[72.557,22.259],[72.541,22.243],[72.537,22.274],[72.554,22.278],[72.541,22.281],[72.486,22.197],[72.474,22.201],[72.478,22.228],[72.493,22.237],[72.478,22.235],[72.493,22.248],[72.471,22.239],[72.435,22.302],[72.388,22.311],[72.413,22.356],[72.394,22.383],[72.375,22.385],[72.361,22.372],[72.382,22.376],[72.404,22.351],[72.378,22.335],[72.373,22.312],[72.382,22.3],[72.414,22.298],[72.417,22.227],[72.4,22.199],[72.377,22.226],[72.38,22.258],[72.356,22.271],[72.371,22.245],[72.362,22.205],[72.387,22.189],[72.392,22.168],[72.375,22.15],[72.358,22.193],[72.354,22.166],[72.344,22.168],[72.357,22.152],[72.345,22.125],[72.34,22.139],[72.316,22.147],[72.318,22.181],[72.294,22.202],[72.313,22.181],[72.31,22.145],[72.324,22.13],[72.28,21.964],[72.271,21.968],[72.278,21.932],[72.263,21.946],[72.262,21.981],[72.252,21.986],[72.261,22.019],[72.242,22.051],[72.286,22.074],[72.298,22.063],[72.3,22.109],[72.278,22.091],[72.265,22.105],[72.278,22.08],[72.233,22.054],[72.233,22.018],[72.21,22.01],[72.185,22.02],[72.172,22.042],[72.2,22.004],[72.231,22.008],[72.221,21.956],[72.191,21.942],[72.147,21.983],[72.161,21.963],[72.147,21.955],[72.168,21.955],[72.189,21.937],[72.22,21.948],[72.254,21.896],[72.265,21.74],[72.247,21.792],[72.218,21.802],[72.2,21.827],[72.183,21.824],[72.205,21.823],[72.215,21.802],[72.242,21.787],[72.247,21.751],[72.306,21.627],[72.268,21.572],[72.235,21.456],[72.121,21.325],[72.109,21.283],[72.093,21.288],[72.098,21.263],[72.081,21.248],[72.09,21.227],[72.112,21.224],[72.113,21.196],[72.019,21.155],[72.01,21.133],[71.99,21.142],[71.977,21.121],[71.899,21.109],[71.876,21.088],[71.819,21.072],[71.797,21.058],[71.807,21.038],[71.778,21.04],[71.786,21.032],[71.762,21.02],[71.729,21.013],[71.719,21.022],[71.68,20.997],[71.65,20.997],[71.637,20.973],[71.567,20.95],[71.514,20.948],[71.507,20.931],[71.517,20.923],[71.488,20.915],[71.495,20.908],[71.482,20.906],[71.478,20.89],[71.44,20.869],[71.387,20.863],[71.38,20.875],[71.385,20.857],[71.322,20.846],[71.211,20.803],[71.202,20.788],[71.156,20.779],[71.146,20.757],[71.087,20.757],[71.074,20.735],[71.046,20.731],[71.005,20.747],[70.992,20.732],[70.992,20.746],[70.938,20.733],[70.918,20.744],[70.873,20.727],[70.858,20.755],[70.874,20.705],[70.843,20.707],[70.838,20.69],[70.826,20.69],[70.791,20.713],[70.703,20.738],[70.673,20.765],[70.666,20.752],[70.657,20.765],[70.614,20.77],[70.438,20.853],[70.412,20.876],[70.417,20.887],[70.407,20.882],[70.371,20.903],[70.373,20.895],[70.351,20.921],[70.321,20.927],[70.252,20.978],[70.24,20.991],[70.247,21.001],[70.226,20.999],[70.142,21.069],[70.145,21.082],[70.099,21.105],[69.778,21.458],[69.8,21.452],[69.805,21.464],[69.798,21.453],[69.775,21.46],[69.614,21.628],[69.591,21.638],[69.589,21.62],[69.592,21.635],[69.236,21.938],[68.957,22.238],[68.936,22.313],[68.957,22.338],[68.957,22.368],[68.984,22.414],[69.067,22.48],[69.085,22.472],[69.044,22.43],[69.07,22.395],[69.093,22.395],[69.102,22.41],[69.13,22.398],[69.194,22.424],[69.204,22.402],[69.179,22.378],[69.158,22.311],[69.2,22.268],[69.235,22.258],[69.32,22.291],[69.338,22.312],[69.334,22.33],[69.364,22.317],[69.421,22.316],[69.454,22.336],[69.489,22.338],[69.49,22.356],[69.524,22.386],[69.498,22.436],[69.551,22.405],[69.55,22.372],[69.562,22.356],[69.574,22.368],[69.592,22.36],[69.572,22.335],[69.576,22.319],[69.582,22.347],[69.605,22.351],[69.607,22.338],[69.609,22.349],[69.607,22.326],[69.617,22.368],[69.655,22.359],[69.664,22.394],[69.7,22.397],[69.698,22.443],[69.672,22.439],[69.672,22.451],[69.688,22.444],[69.701,22.457],[69.704,22.447],[69.728,22.474],[69.745,22.43],[69.756,22.426],[69.76,22.442],[69.798,22.4],[69.823,22.427],[69.834,22.475],[69.836,22.454],[69.86,22.447],[69.9,22.468],[69.914,22.456],[69.913,22.49],[69.938,22.514],[69.957,22.495],[69.946,22.528],[69.986,22.538],[69.975,22.543],[70.027,22.551],[70.024,22.54],[70.039,22.563],[70.085,22.545],[70.164,22.552],[70.195,22.584],[70.197,22.617],[70.22,22.63],[70.216,22.642],[70.225,22.639],[70.247,22.671],[70.239,22.678],[70.253,22.693],[70.238,22.702],[70.255,22.706],[70.253,22.734],[70.276,22.731],[70.303,22.758],[70.309,22.796],[70.321,22.798],[70.383,22.908],[70.424,22.933],[70.438,22.976],[70.472,23.012],[70.493,23.075],[70.438,23.063],[70.401,23.031],[70.383,22.998],[70.395,22.995],[70.387,22.948],[70.348,22.93],[70.307,22.951],[70.287,22.945],[70.238,22.98],[70.227,22.966],[70.201,22.993],[70.225,22.96],[70.16,22.943],[70.12,22.963],[70.141,23.013],[70.112,22.973],[70.127,22.947],[70.111,22.953],[70.098,22.942],[70.091,22.953],[70.1,22.938],[70.111,22.95],[70.138,22.942],[70.132,22.924],[70.033,22.895],[69.995,22.903],[69.937,22.893],[69.906,22.866],[69.866,22.873],[69.862,22.858],[69.852,22.868],[69.802,22.851],[69.752,22.82],[69.706,22.728],[69.707,22.74],[69.662,22.757],[69.667,22.777],[69.66,22.757],[69.643,22.766],[69.634,22.795],[69.641,22.766],[69.609,22.767],[69.61,22.757],[69.58,22.762],[69.556,22.792],[69.548,22.779],[69.484,22.788],[69.498,22.782],[69.472,22.773],[69.391,22.814],[69.352,22.818],[69.356,22.829],[69.348,22.82],[69.314,22.833],[69.266,22.824],[69.229,22.842],[69.197,22.838],[68.836,23.043],[68.815,23.067],[68.759,23.08],[68.653,23.154],[68.632,23.178],[68.682,23.142],[68.586,23.22],[68.585,23.235],[68.599,23.24],[68.601,23.218],[68.631,23.213],[68.64,23.223],[68.619,23.22],[68.604,23.243],[68.641,23.245],[68.672,23.271],[68.638,23.268],[68.63,23.296],[68.695,23.31],[68.659,23.303],[68.667,23.325],[68.65,23.304],[68.625,23.337],[68.633,23.352],[68.622,23.351],[68.6,23.385],[68.603,23.359],[68.581,23.39],[68.57,23.391],[68.58,23.38],[68.57,23.375],[68.557,23.389],[68.561,23.419],[68.534,23.423],[68.517,23.475],[68.524,23.447],[68.502,23.465],[68.512,23.463],[68.502,23.492],[68.519,23.49],[68.499,23.494],[68.504,23.506],[68.492,23.5],[68.489,23.635],[68.5,23.657],[68.517,23.661],[68.523,23.651],[68.539,23.662],[68.52,23.654],[68.525,23.691],[68.547,23.697],[68.559,23.72],[68.595,23.73],[68.603,23.749],[68.633,23.758],[68.665,23.808],[68.743,23.837],[68.722,23.832],[68.737,23.842],[68.729,23.855],[68.761,23.875],[68.716,23.857],[68.672,23.862],[68.639,23.836],[68.604,23.838],[68.599,23.848],[68.529,23.755],[68.515,23.785],[68.537,23.815],[68.526,23.802],[68.515,23.825],[68.545,23.834],[68.574,23.882],[68.612,23.903],[68.639,23.895],[68.663,23.917],[68.621,23.906],[68.623,23.927],[68.615,23.922],[68.596,23.942],[68.588,23.922],[68.559,23.924],[68.537,23.947],[68.545,23.967],[68.753,23.967],[68.77,24.273],[68.762,24.292],[68.824,24.317],[68.851,24.221],[68.866,24.212],[68.885,24.225],[68.903,24.275],[68.943,24.302],[68.982,24.233],[69.005,24.223],[69.092,24.272],[69.193,24.238],[69.309,24.281],[69.375,24.27],[69.443,24.28],[69.484,24.268],[69.588,24.291],[69.73,24.172],[70.017,24.17],[70.066,24.198],[70.109,24.295],[70.304,24.348],[70.372,24.354],[70.43,24.382],[70.574,24.422],[70.6,24.409],[70.58,24.366],[70.56,24.352],[70.582,24.278],[70.576,24.252],[70.67,24.22],[70.834,24.229],[70.907,24.261],[70.878,24.275],[70.874,24.297],[70.949,24.353],[70.988,24.367],[71.002,24.353],[71.037,24.353],[71.122,24.407],[71.109,24.437],[71.028,24.436],[70.997,24.448],[71.005,24.529],[70.988,24.548],[70.991,24.605],[71.011,24.637],[71.098,24.687],[71.289,24.613],[71.313,24.645],[71.342,24.658],[71.372,24.626],[71.48,24.678],[71.609,24.675],[71.654,24.637],[71.792,24.674],[71.808,24.658],[71.805,24.625],[71.851,24.607],[71.862,24.627],[71.858,24.666],[71.87,24.678],[71.913,24.67],[71.912,24.649],[71.937,24.63],[71.987,24.656],[71.995,24.686],[72.046,24.708],[72.073,24.703],[72.086,24.677],[72.079,24.655],[72.115,24.634],[72.145,24.636],[72.159,24.617],[72.205,24.615],[72.224,24.635],[72.309,24.611],[72.348,24.62],[72.337,24.595],[72.308,24.587],[72.295,24.602],[72.274,24.602],[72.245,24.582],[72.266,24.552],[72.284,24.56],[72.289,24.54],[72.331,24.546],[72.329,24.56],[72.352,24.554],[72.385,24.5],[72.437,24.506],[72.431,24.462],[72.459,24.409],[72.502,24.411],[72.495,24.452],[72.506,24.449],[72.539,24.508],[72.583,24.474],[72.692,24.458],[72.689,24.42],[72.728,24.362],[72.864,24.366],[72.917,24.327],[72.987,24.364],[72.959,24.384],[72.987,24.421],[72.977,24.451],[72.996,24.471],[73.009,24.482],[73.018,24.465],[73.047,24.465],[73.091,24.495],[73.105,24.426],[73.081,24.394],[73.166,24.35],[73.208,24.375],[73.228,24.364],[73.208,24.334],[73.189,24.343],[73.177,24.301],[73.141,24.308],[73.135,24.28],[73.097,24.237],[73.107,24.231],[73.088,24.221],[73.079,24.185],[73.109,24.158],[73.11,24.138],[73.22,24.098],[73.195,24.051],[73.242,24.01],[73.287,24.027],[73.329,24.073],[73.332,24.114],[73.357,24.113],[73.37,24.127],[73.366,24.087],[73.41,24.05],[73.401,23.99],[73.416,23.982],[73.421,23.93],[73.392,23.916],[73.358,23.861],[73.369,23.821],[73.357,23.791],[73.372,23.766],[73.396,23.783],[73.417,23.778],[73.475,23.708],[73.505,23.702],[73.497,23.65],[73.508,23.644],[73.497,23.633],[73.51,23.616],[73.528,23.612],[73.574,23.654],[73.615,23.65],[73.657,23.622],[73.633,23.547],[73.655,23.503],[73.64,23.495],[73.629,23.451],[73.649,23.439],[73.678,23.456],[73.701,23.454],[73.723,23.411],[73.761,23.457],[73.78,23.433],[73.829,23.445],[73.892,23.351],[73.891,23.335],[73.936,23.34],[73.944,23.372],[73.959,23.38],[73.988,23.336],[74.03,23.33],[74.035,23.304],[74.047,23.305],[74.042,23.294],[74.104,23.292],[74.133,23.263],[74.124,23.177],[74.184,23.15],[74.205,23.19],[74.244,23.186],[74.286,23.117],[74.28,23.093],[74.308,23.077],[74.325,23.04],[74.347,23.028],[74.368,22.975],[74.339,22.962],[74.363,22.927],[74.398,22.897],[74.43,22.92],[74.461,22.911],[74.477,22.856],[74.47,22.83],[74.463,22.813],[74.437,22.807],[74.437,22.783],[74.4,22.729],[74.378,22.636],[74.262,22.643],[74.21,22.565],[74.187,22.565],[74.192,22.555],[74.155,22.532],[74.15,22.516],[74.074,22.55],[74.038,22.535],[74.033,22.49],[74.055,22.509],[74.081,22.507],[74.087,22.481],[74.076,22.484],[74.074,22.464],[74.1,22.466],[74.101,22.432],[74.119,22.419],[74.141,22.455],[74.153,22.455],[74.157,22.43],[74.183,22.442],[74.187,22.476],[74.201,22.465],[74.201,22.435],[74.243,22.435],[74.291,22.392],[74.255,22.398],[74.242,22.376],[74.222,22.376],[74.223,22.357],[74.203,22.366],[74.187,22.32],[74.13,22.331],[74.108,22.37],[74.068,22.359],[74.054,22.292],[74.087,22.242],[74.07,22.233],[74.072,22.22],[74.119,22.211],[74.131,22.16],[74.126,22.096],[74.151,22.104],[74.177,22.085],[74.163,22.081],[74.159,22.059],[74.134,22.052],[74.141,22.042],[74.093,22.014],[74.101,21.997],[74.15,21.985],[74.139,21.971],[74.145,21.959],[73.874,21.837],[73.822,21.834],[73.805,21.822],[73.839,21.789],[73.826,21.762],[73.891,21.699],[73.893,21.666],[73.865,21.638],[73.782,21.624],[73.819,21.597],[73.855,21.495],[73.905,21.519],[73.952,21.515],[73.961,21.538],[73.98,21.52],[73.978,21.541],[74.062,21.558],[74.146,21.549],[74.179,21.56],[74.202,21.528],[74.234,21.549],[74.266,21.534],[74.306,21.566],[74.311,21.542],[74.331,21.539],[74.329,21.518],[74.305,21.48],[74.249,21.461],[74.223,21.478],[74.218,21.457],[74.181,21.466],[74.146,21.452],[74.122,21.462],[74.102,21.447],[74.073,21.456],[74.062,21.481],[74.042,21.417],[74.01,21.417],[73.963,21.391],[73.947,21.401],[73.943,21.296],[73.886,21.261],[73.826,21.266],[73.83,21.241],[73.812,21.213],[73.815,21.194],[73.83,21.194],[73.816,21.171],[73.79,21.181],[73.781,21.165],[73.735,21.166],[73.741,21.151],[73.73,21.137],[73.674,21.151],[73.629,21.132],[73.63,21.152],[73.613,21.157],[73.606,21.175],[73.581,21.167],[73.582,21.153],[73.622,21.141],[73.622,21.119],[73.646,21.122],[73.653,21.108],[73.687,21.1],[73.704,21.118],[73.732,21.1],[73.746,21.113],[73.734,21.084],[73.764,21.067],[73.792,21.067],[73.811,21.084],[73.811,21.056],[73.796,21.045],[73.847,20.998],[73.9,20.982],[73.909,20.964],[73.896,20.961],[73.89,20.932],[73.917,20.907],[73.925,20.847],[73.939,20.839],[73.932,20.76],[73.943,20.741],[73.915,20.723],[73.879,20.729],[73.857,20.693],[73.816,20.693],[73.819,20.673],[73.839,20.666],[73.831,20.615],[73.78,20.602],[73.741,20.567],[73.694,20.578],[73.663,20.562],[73.629,20.579],[73.618,20.621],[73.6,20.636],[73.555,20.647],[73.531,20.673],[73.49,20.653],[73.475,20.717],[73.446,20.71],[73.432,20.665],[73.395,20.652],[73.394,20.642],[73.419,20.624],[73.429,20.597],[73.473,20.583],[73.474,20.543],[73.493,20.54],[73.464,20.514],[73.468,20.495],[73.441,20.466],[73.421,20.414],[73.383,20.39],[73.383,20.373],[73.406,20.381],[73.415,20.352],[73.428,20.282],[73.412,20.257],[73.421,20.206],[73.394,20.195],[73.386,20.209],[73.367,20.205],[73.365,20.193],[73.359,20.213],[73.344,20.198],[73.302,20.207],[73.285,20.194],[73.28,20.15],[73.25,20.125],[73.228,20.128],[73.223,20.141],[73.212,20.121],[73.191,20.13],[73.186,20.156],[73.22,20.184],[73.17,20.209],[73.132,20.205],[73.142,20.176],[73.118,20.157],[73.095,20.16],[73.086,20.175],[73.076,20.157],[73.062,20.164],[73.06,20.222],[73.1,20.232],[73.148,20.291],[73.159,20.282],[73.17,20.29],[73.168,20.311],[73.152,20.317],[73.103,20.305],[73.112,20.337],[73.097,20.361],[73.081,20.327],[73.04,20.323],[73.034,20.291],[73.016,20.294],[73.009,20.318],[73.01,20.291],[72.98,20.292],[72.974,20.272],[72.935,20.294],[72.914,20.279],[72.93,20.247],[72.959,20.234],[72.959,20.211],[72.863,20.226],[72.861,20.209],[72.839,20.209],[72.838,20.19],[72.822,20.184],[72.824,20.145],[72.798,20.153],[72.79,20.126],[72.729,20.137],[72.738,20.191],[72.77,20.215],[72.745,20.211],[72.738,20.235],[72.76,20.335],[72.802,20.374],[72.894,20.372],[72.886,20.393],[72.903,20.415],[72.86,20.42],[72.873,20.444],[72.893,20.445],[72.882,20.463],[72.845,20.475],[72.873,20.506],[72.883,20.61],[72.783,20.9],[72.784,20.932],[72.846,20.948],[72.807,20.953],[72.774,20.936],[72.771,20.918],[72.757,20.929],[72.722,21.04],[72.726,21.053],[72.755,21.052],[72.729,21.066],[72.694,21.065],[72.706,21.078],[72.707,21.13],[72.721,21.143],[72.671,21.158],[72.653,21.078],[72.625,21.091],[72.618,21.223],[72.647,21.217],[72.653,21.227],[72.609,21.231],[72.597,21.25],[72.605,21.277],[72.587,21.276],[72.598,21.28],[72.588,21.293],[72.635,21.371],[72.648,21.373],[72.643,21.358],[72.65,21.368],[72.637,21.376],[72.623,21.365],[72.625,21.382],[72.68,21.433],[72.697,21.465],[72.645,21.434],[72.658,21.471]],[[73.387,20.825],[73.385,20.825],[73.391,20.825],[73.387,20.825]],[[74.176,22.396],[74.169,22.419],[74.159,22.413],[74.178,22.388],[74.176,22.396]],[[73.811,22.547],[73.805,22.549],[73.815,22.546],[73.811,22.547]]]]}},{"type":"Feature","properties":{"ST_NM":"Haryana"},"geometry":{"type":"Polygon","coordinates":[[[76.851,30.875],[76.866,30.867],[76.916,30.893],[76.941,30.833],[76.967,30.807],[76.993,30.795],[77.009,30.813],[77.013,30.785],[77.002,30.773],[77.026,30.738],[77.047,30.751],[77.09,30.741],[77.167,30.684],[77.171,30.595],[77.125,30.563],[77.144,30.537],[77.198,30.521],[77.216,30.476],[77.265,30.48],[77.277,30.462],[77.323,30.449],[77.359,30.457],[77.37,30.437],[77.393,30.441],[77.414,30.414],[77.464,30.46],[77.466,30.436],[77.429,30.408],[77.448,30.399],[77.5,30.408],[77.523,30.444],[77.556,30.392],[77.605,30.366],[77.583,30.332],[77.583,30.306],[77.54,30.277],[77.486,30.184],[77.46,30.164],[77.436,30.164],[77.428,30.129],[77.411,30.114],[77.427,30.102],[77.337,30.057],[77.283,30.044],[77.275,29.997],[77.192,29.901],[77.194,29.868],[77.164,29.788],[77.13,29.771],[77.125,29.744],[77.155,29.701],[77.133,29.687],[77.143,29.658],[77.121,29.642],[77.097,29.596],[77.121,29.548],[77.096,29.529],[77.131,29.492],[77.129,29.451],[77.151,29.437],[77.137,29.406],[77.158,29.385],[77.128,29.372],[77.131,29.345],[77.165,29.33],[77.14,29.268],[77.155,29.238],[77.136,29.22],[77.151,29.177],[77.137,29.149],[77.149,29.13],[77.133,29.101],[77.168,29.072],[77.173,29.043],[77.225,29.001],[77.201,28.942],[77.216,28.931],[77.207,28.916],[77.232,28.899],[77.192,28.885],[77.194,28.857],[77.153,28.837],[77.139,28.86],[77.086,28.879],[77.06,28.868],[77.042,28.832],[76.994,28.834],[76.984,28.821],[76.952,28.816],[76.957,28.769],[76.948,28.755],[76.961,28.731],[76.951,28.712],[76.965,28.7],[76.957,28.672],[76.927,28.652],[76.944,28.632],[76.933,28.624],[76.888,28.633],[76.864,28.587],[76.843,28.577],[76.847,28.552],[76.886,28.523],[76.889,28.504],[76.954,28.508],[76.978,28.522],[77.015,28.509],[77.021,28.519],[77.006,28.532],[77.016,28.538],[77.058,28.51],[77.082,28.515],[77.117,28.489],[77.112,28.465],[77.128,28.437],[77.162,28.423],[77.175,28.403],[77.25,28.423],[77.253,28.442],[77.235,28.459],[77.252,28.479],[77.288,28.493],[77.317,28.485],[77.344,28.506],[77.484,28.408],[77.477,28.394],[77.504,28.353],[77.474,28.332],[77.506,28.301],[77.502,28.275],[77.474,28.272],[77.497,28.256],[77.548,28.249],[77.525,28.224],[77.533,28.201],[77.499,28.206],[77.5,28.187],[77.502,28.179],[77.515,28.19],[77.54,28.187],[77.552,28.176],[77.508,28.157],[77.497,28.136],[77.509,28.122],[77.502,28.092],[77.488,28.102],[77.478,28.08],[77.488,28.038],[77.545,27.988],[77.52,27.963],[77.547,27.952],[77.528,27.926],[77.487,27.935],[77.479,27.889],[77.455,27.873],[77.421,27.891],[77.411,27.876],[77.421,27.853],[77.348,27.854],[77.336,27.832],[77.298,27.824],[77.286,27.801],[77.271,27.811],[77.243,27.78],[77.203,27.816],[77.198,27.793],[77.177,27.779],[77.171,27.785],[77.189,27.803],[77.159,27.81],[77.16,27.786],[77.135,27.771],[77.131,27.783],[77.11,27.78],[77.047,27.815],[77.029,27.773],[77.076,27.758],[77.088,27.733],[77.062,27.722],[77.037,27.744],[77.003,27.737],[76.979,27.652],[76.943,27.67],[76.914,27.651],[76.889,27.694],[76.923,27.695],[76.892,27.726],[76.912,27.827],[76.935,27.829],[76.935,27.889],[76.947,27.891],[76.948,27.914],[76.928,27.92],[76.927,27.992],[76.971,28.139],[76.893,28.186],[76.909,28.2],[76.875,28.206],[76.873,28.219],[76.815,28.211],[76.815,28.195],[76.799,28.189],[76.8,28.152],[76.748,28.124],[76.719,28.127],[76.691,28.093],[76.66,28.092],[76.669,28.014],[76.607,28.005],[76.555,27.966],[76.539,27.974],[76.547,28.034],[76.534,28.041],[76.514,28.03],[76.462,28.045],[76.466,28.057],[76.506,28.06],[76.457,28.088],[76.465,28.106],[76.506,28.102],[76.507,28.118],[76.479,28.134],[76.48,28.15],[76.385,28.133],[76.344,28.173],[76.297,28.178],[76.285,28.168],[76.304,28.15],[76.364,28.124],[76.348,28.105],[76.316,28.107],[76.306,28.096],[76.329,28.09],[76.346,28.068],[76.363,28.069],[76.35,28.031],[76.325,28.016],[76.305,28.021],[76.298,28.044],[76.273,28.064],[76.234,28.051],[76.185,28.055],[76.191,28.038],[76.222,28.036],[76.222,28.027],[76.182,28.017],[76.163,27.994],[76.187,27.968],[76.174,27.91],[76.207,27.894],[76.201,27.859],[76.231,27.836],[76.202,27.827],[76.181,27.803],[76.135,27.829],[76.13,27.85],[76.096,27.864],[76.088,27.847],[76.068,27.853],[76.057,27.843],[75.971,27.86],[75.985,27.905],[75.936,27.912],[75.931,27.929],[75.946,27.947],[75.971,27.933],[75.995,27.98],[75.963,27.984],[75.964,27.997],[75.998,28.006],[75.978,28.027],[76.018,28.032],[76.013,28.05],[76.044,28.07],[76.024,28.084],[75.992,28.046],[75.982,28.053],[75.996,28.066],[75.99,28.076],[75.944,28.089],[75.999,28.124],[76.008,28.152],[76.036,28.168],[76.075,28.163],[76.073,28.14],[76.096,28.139],[76.101,28.151],[76.074,28.195],[76.053,28.199],[76.061,28.22],[76.019,28.237],[76.027,28.277],[75.995,28.292],[75.976,28.32],[75.963,28.314],[75.965,28.334],[75.936,28.341],[75.931,28.365],[75.898,28.39],[75.843,28.394],[75.811,28.41],[75.779,28.404],[75.774,28.417],[75.793,28.435],[75.787,28.454],[75.743,28.469],[75.745,28.483],[75.698,28.495],[75.672,28.517],[75.672,28.532],[75.637,28.542],[75.626,28.599],[75.564,28.611],[75.548,28.645],[75.537,28.747],[75.507,28.784],[75.522,28.833],[75.497,28.856],[75.497,28.895],[75.476,28.923],[75.478,28.935],[75.506,28.938],[75.525,28.972],[75.52,29.008],[75.444,29.014],[75.45,29.038],[75.439,29.062],[75.39,29.067],[75.39,29.108],[75.405,29.126],[75.37,29.14],[75.378,29.167],[75.404,29.171],[75.41,29.186],[75.395,29.218],[75.409,29.237],[75.405,29.259],[75.367,29.252],[75.355,29.223],[75.324,29.233],[75.329,29.291],[75.289,29.274],[75.281,29.252],[75.244,29.249],[75.233,29.232],[75.204,29.242],[75.189,29.266],[75.157,29.243],[75.123,29.241],[75.117,29.224],[75.087,29.23],[75.072,29.237],[75.049,29.285],[75.033,29.289],[75,29.27],[74.962,29.28],[74.949,29.303],[74.96,29.324],[74.936,29.363],[74.85,29.402],[74.818,29.397],[74.785,29.359],[74.765,29.355],[74.659,29.371],[74.65,29.33],[74.604,29.327],[74.605,29.361],[74.566,29.418],[74.54,29.424],[74.538,29.449],[74.552,29.466],[74.588,29.458],[74.623,29.526],[74.576,29.563],[74.615,29.752],[74.596,29.768],[74.535,29.741],[74.481,29.744],[74.475,29.787],[74.501,29.826],[74.542,29.839],[74.563,29.865],[74.543,29.902],[74.515,29.907],[74.534,29.951],[74.595,29.914],[74.657,29.904],[74.65,29.922],[74.691,29.948],[74.701,29.969],[74.734,29.961],[74.786,29.973],[74.811,29.992],[74.86,29.958],[74.892,29.967],[74.904,29.952],[74.895,29.938],[74.926,29.948],[74.953,29.901],[74.98,29.888],[75,29.855],[75.048,29.88],[75.076,29.877],[75.095,29.913],[75.113,29.895],[75.114,29.871],[75.091,29.848],[75.117,29.825],[75.1,29.805],[75.135,29.804],[75.145,29.778],[75.164,29.779],[75.166,29.818],[75.193,29.837],[75.211,29.828],[75.208,29.794],[75.241,29.75],[75.227,29.728],[75.204,29.723],[75.205,29.686],[75.168,29.661],[75.183,29.628],[75.231,29.604],[75.221,29.58],[75.238,29.556],[75.233,29.544],[75.306,29.566],[75.314,29.586],[75.29,29.608],[75.317,29.63],[75.328,29.668],[75.36,29.657],[75.345,29.691],[75.389,29.709],[75.407,29.759],[75.454,29.784],[75.446,29.796],[75.455,29.805],[75.517,29.771],[75.522,29.757],[75.541,29.77],[75.567,29.763],[75.579,29.74],[75.624,29.744],[75.636,29.77],[75.667,29.773],[75.708,29.752],[75.717,29.806],[75.782,29.822],[75.807,29.804],[75.84,29.809],[75.854,29.773],[75.89,29.744],[75.908,29.752],[75.925,29.735],[75.976,29.728],[76.028,29.753],[76.052,29.745],[76.085,29.778],[76.089,29.802],[76.105,29.808],[76.127,29.793],[76.253,29.865],[76.237,29.881],[76.196,29.885],[76.193,29.92],[76.178,29.925],[76.19,29.943],[76.215,29.94],[76.202,30.013],[76.228,30.025],[76.209,30.033],[76.267,30.101],[76.201,30.133],[76.224,30.132],[76.217,30.156],[76.263,30.115],[76.34,30.106],[76.361,30.124],[76.338,30.146],[76.355,30.15],[76.376,30.124],[76.402,30.124],[76.396,30.142],[76.414,30.154],[76.393,30.18],[76.422,30.199],[76.441,30.176],[76.434,30.155],[76.458,30.133],[76.464,30.097],[76.503,30.093],[76.513,30.073],[76.545,30.079],[76.635,30.145],[76.635,30.166],[76.654,30.185],[76.651,30.202],[76.616,30.211],[76.624,30.227],[76.596,30.253],[76.545,30.223],[76.56,30.261],[76.622,30.267],[76.635,30.287],[76.675,30.296],[76.687,30.322],[76.728,30.329],[76.751,30.356],[76.724,30.361],[76.731,30.373],[76.713,30.39],[76.739,30.401],[76.738,30.416],[76.776,30.436],[76.783,30.414],[76.821,30.408],[76.845,30.43],[76.877,30.405],[76.9,30.354],[76.943,30.388],[76.918,30.4],[76.902,30.437],[76.911,30.464],[76.902,30.48],[76.925,30.49],[76.933,30.514],[76.898,30.536],[76.919,30.554],[76.912,30.584],[76.926,30.596],[76.913,30.616],[76.872,30.637],[76.875,30.675],[76.853,30.653],[76.832,30.657],[76.831,30.687],[76.85,30.71],[76.836,30.736],[76.841,30.76],[76.86,30.789],[76.841,30.829],[76.815,30.839],[76.776,30.89],[76.824,30.927],[76.823,30.903],[76.851,30.875]],[[77.115,29.991],[77.131,29.983],[77.118,29.989],[77.115,29.991]],[[76.494,29.516],[76.493,29.515],[76.501,29.527],[76.494,29.516]]]}},{"type":"Feature","properties":{"ST_NM":"Himachal Pradesh"},"geometry":{"type":"Polygon","coordinates":[[[76.796,33.255],[76.824,33.235],[76.846,33.245],[76.829,33.215],[76.837,33.205],[76.821,33.193],[76.821,33.155],[76.862,33.111],[76.895,33.113],[76.935,33.032],[77.016,32.988],[77.053,32.998],[77.093,32.972],[77.121,32.985],[77.154,32.979],[77.164,32.912],[77.192,32.929],[77.207,32.908],[77.246,32.894],[77.242,32.878],[77.256,32.863],[77.276,32.874],[77.306,32.85],[77.323,32.852],[77.345,32.818],[77.374,32.823],[77.377,32.857],[77.405,32.883],[77.443,32.881],[77.473,32.859],[77.502,32.884],[77.545,32.89],[77.602,32.941],[77.631,32.939],[77.671,32.957],[77.683,32.984],[77.731,32.969],[77.808,32.903],[77.779,32.862],[77.826,32.833],[77.865,32.826],[77.899,32.772],[77.933,32.763],[77.936,32.728],[77.921,32.69],[78,32.583],[78.053,32.589],[78.051,32.632],[78.083,32.621],[78.106,32.657],[78.139,32.639],[78.17,32.676],[78.202,32.661],[78.231,32.666],[78.254,32.691],[78.314,32.709],[78.306,32.734],[78.363,32.76],[78.391,32.757],[78.396,32.716],[78.381,32.668],[78.389,32.635],[78.407,32.62],[78.349,32.581],[78.314,32.574],[78.317,32.526],[78.296,32.504],[78.328,32.472],[78.4,32.526],[78.456,32.502],[78.466,32.483],[78.455,32.454],[78.496,32.422],[78.536,32.415],[78.509,32.369],[78.48,32.346],[78.483,32.28],[78.456,32.242],[78.557,32.246],[78.61,32.215],[78.611,32.178],[78.591,32.154],[78.613,32.119],[78.665,32.103],[78.674,32.077],[78.748,32.003],[78.788,31.995],[78.746,31.902],[78.738,31.833],[78.709,31.81],[78.709,31.782],[78.741,31.759],[78.728,31.736],[78.75,31.687],[78.796,31.685],[78.8,31.656],[78.847,31.61],[78.813,31.571],[78.737,31.536],[78.722,31.514],[78.732,31.48],[78.765,31.486],[78.811,31.448],[78.808,31.413],[78.792,31.396],[78.85,31.367],[78.856,31.346],[78.845,31.325],[78.874,31.308],[78.895,31.266],[78.922,31.254],[78.925,31.229],[78.95,31.217],[78.961,31.188],[78.987,31.177],[79.012,31.11],[78.886,31.102],[78.834,31.142],[78.81,31.2],[78.663,31.19],[78.65,31.217],[78.611,31.231],[78.582,31.229],[78.552,31.202],[78.485,31.199],[78.459,31.239],[78.435,31.255],[78.413,31.243],[78.397,31.277],[78.371,31.286],[78.314,31.283],[78.309,31.261],[78.284,31.267],[78.248,31.23],[78.227,31.234],[78.203,31.217],[78.163,31.227],[78.103,31.186],[78.045,31.181],[78.029,31.15],[77.97,31.174],[77.907,31.153],[77.893,31.12],[77.866,31.106],[77.857,31.077],[77.815,31.057],[77.84,31.003],[77.824,31.001],[77.811,30.965],[77.834,30.952],[77.778,30.972],[77.751,30.959],[77.76,30.918],[77.81,30.919],[77.803,30.854],[77.779,30.86],[77.769,30.878],[77.756,30.874],[77.746,30.846],[77.758,30.825],[77.702,30.764],[77.705,30.744],[77.736,30.732],[77.755,30.706],[77.747,30.681],[77.793,30.659],[77.782,30.647],[77.796,30.614],[77.77,30.615],[77.768,30.596],[77.748,30.603],[77.743,30.593],[77.775,30.558],[77.817,30.559],[77.824,30.528],[77.813,30.506],[77.768,30.493],[77.692,30.447],[77.654,30.447],[77.644,30.431],[77.588,30.422],[77.575,30.405],[77.588,30.38],[77.578,30.38],[77.556,30.392],[77.523,30.444],[77.5,30.408],[77.448,30.399],[77.429,30.408],[77.466,30.436],[77.464,30.46],[77.414,30.414],[77.393,30.441],[77.37,30.437],[77.359,30.457],[77.323,30.449],[77.277,30.462],[77.265,30.48],[77.216,30.476],[77.198,30.521],[77.135,30.544],[77.125,30.563],[77.172,30.599],[77.167,30.684],[77.09,30.741],[77.047,30.751],[77.026,30.738],[77.002,30.773],[77.013,30.785],[77.009,30.813],[76.993,30.795],[76.967,30.807],[76.941,30.833],[76.916,30.893],[76.866,30.867],[76.829,30.892],[76.824,30.927],[76.783,30.903],[76.726,30.96],[76.676,30.968],[76.626,30.999],[76.613,31.05],[76.64,31.107],[76.603,31.125],[76.613,31.148],[76.604,31.18],[76.648,31.212],[76.63,31.226],[76.595,31.213],[76.59,31.223],[76.616,31.248],[76.585,31.277],[76.549,31.252],[76.551,31.281],[76.532,31.259],[76.528,31.28],[76.503,31.271],[76.481,31.307],[76.445,31.28],[76.462,31.303],[76.393,31.389],[76.405,31.395],[76.377,31.439],[76.361,31.403],[76.33,31.4],[76.351,31.35],[76.31,31.34],[76.31,31.317],[76.275,31.303],[76.27,31.312],[76.187,31.304],[76.18,31.339],[76.149,31.36],[76.168,31.412],[76.058,31.601],[76.017,31.645],[76.019,31.661],[75.99,31.694],[75.936,31.816],[75.968,31.823],[75.986,31.813],[75.909,31.949],[75.799,31.994],[75.755,32.034],[75.725,32.035],[75.705,32.061],[75.664,32.077],[75.613,32.066],[75.594,32.081],[75.626,32.099],[75.677,32.164],[75.671,32.176],[75.635,32.185],[75.638,32.235],[75.691,32.264],[75.752,32.273],[75.86,32.379],[75.948,32.416],[75.94,32.439],[75.867,32.508],[75.889,32.576],[75.94,32.644],[75.913,32.691],[75.929,32.757],[75.89,32.814],[75.822,32.857],[75.804,32.894],[75.825,32.93],[75.851,32.935],[75.917,32.916],[75.951,32.884],[76.004,32.901],[76.099,32.969],[76.111,33.005],[76.255,33.032],[76.292,33.104],[76.409,33.186],[76.484,33.179],[76.565,33.209],[76.604,33.204],[76.617,33.173],[76.645,33.162],[76.748,33.179],[76.778,33.224],[76.773,33.249],[76.796,33.255]]]}},{"type":"Feature","properties":{"ST_NM":"Jammu & Kashmir"},"geometry":{"type":"Polygon","coordinates":[[[74.735,37.021],[74.753,37.012],[74.779,37.03],[74.84,37.022],[74.846,36.99],[74.925,36.906],[74.941,36.935],[75.019,36.976],[75.097,36.943],[75.168,36.981],[75.209,37.037],[75.265,37.052],[75.343,37.053],[75.355,36.977],[75.376,36.96],[75.414,36.968],[75.426,36.956],[75.409,36.917],[75.414,36.892],[75.444,36.887],[75.474,36.811],[75.616,36.762],[75.769,36.573],[75.923,36.502],[76.078,36.474],[76.173,36.39],[76.199,36.387],[76.248,36.35],[76.352,36.36],[76.432,36.308],[76.45,36.269],[76.433,36.251],[76.482,36.211],[76.545,36.193],[76.563,36.173],[76.603,36.166],[76.644,36.184],[76.701,36.133],[76.722,36.081],[76.802,36.048],[76.809,36.02],[76.769,36.009],[76.723,35.953],[76.779,35.899],[76.813,35.844],[76.858,35.831],[76.935,35.784],[77.021,35.775],[77.08,35.798],[77.116,35.798],[77.142,35.771],[77.164,35.767],[77.169,35.733],[77.221,35.728],[77.228,35.712],[77.268,35.709],[77.278,35.72],[77.315,35.699],[77.327,35.719],[77.358,35.718],[77.403,35.661],[77.431,35.655],[77.437,35.622],[77.427,35.611],[77.457,35.594],[77.461,35.548],[77.487,35.532],[77.435,35.517],[77.381,35.55],[77.32,35.534],[77.349,35.494],[77.437,35.462],[77.512,35.489],[77.614,35.47],[77.645,35.489],[77.67,35.471],[77.723,35.476],[77.734,35.525],[77.773,35.495],[77.828,35.51],[77.901,35.468],[77.925,35.494],[77.983,35.456],[77.965,35.496],[77.931,35.516],[77.967,35.571],[77.952,35.607],[77.989,35.582],[78.045,35.586],[78.078,35.549],[78.093,35.556],[78.137,35.539],[78.157,35.552],[78.162,35.629],[78.186,35.624],[78.2,35.669],[78.255,35.646],[78.272,35.669],[78.273,35.722],[78.339,35.721],[78.385,35.735],[78.423,35.785],[78.521,35.764],[78.562,35.793],[78.575,35.79],[78.581,35.808],[78.62,35.817],[78.665,35.857],[78.769,35.87],[78.834,35.857],[78.961,35.893],[79.018,35.85],[79.133,35.836],[79.194,35.887],[79.189,35.943],[79.215,35.979],[79.378,35.995],[79.403,35.919],[79.422,35.897],[79.518,35.884],[79.738,35.802],[79.871,35.783],[79.936,35.83],[79.999,35.838],[80.038,35.8],[80.058,35.75],[80.086,35.728],[80.108,35.681],[80.243,35.64],[80.292,35.607],[80.329,35.473],[80.281,35.441],[80.284,35.388],[80.271,35.344],[80.236,35.277],[80.226,35.22],[80.184,35.167],[80.175,35.002],[80.124,34.893],[80.073,34.828],[80.069,34.715],[79.945,34.681],[79.861,34.689],[79.817,34.643],[79.776,34.628],[79.793,34.59],[79.771,34.582],[79.758,34.555],[79.815,34.522],[79.815,34.5],[79.792,34.484],[79.661,34.48],[79.593,34.501],[79.509,34.474],[79.527,34.446],[79.528,34.418],[79.561,34.41],[79.56,34.332],[79.592,34.283],[79.586,34.244],[79.544,34.207],[79.507,34.206],[79.49,34.157],[79.495,34.136],[79.42,34.078],[79.414,34.055],[79.438,34.029],[79.427,34.017],[79.356,34.037],[79.198,34.051],[79.171,34.073],[79.152,34.068],[79.136,34.027],[79.113,34.02],[79.072,34.025],[79.022,34.051],[78.954,34.03],[78.906,33.978],[78.948,33.921],[78.944,33.909],[79.001,33.803],[79.019,33.799],[79.017,33.779],[79.034,33.784],[79.047,33.766],[79.06,33.78],[79.068,33.756],[79.043,33.75],[79.021,33.706],[79.054,33.678],[79.091,33.687],[79.107,33.617],[79.045,33.628],[78.99,33.611],[78.914,33.628],[78.915,33.574],[78.942,33.521],[78.933,33.433],[78.989,33.334],[79.018,33.335],[79.111,33.292],[79.241,33.298],[79.316,33.273],[79.37,33.283],[79.455,33.259],[79.447,33.206],[79.377,33.085],[79.394,33.036],[79.332,33.012],[79.384,32.989],[79.386,32.968],[79.422,32.962],[79.568,32.787],[79.603,32.777],[79.627,32.738],[79.516,32.608],[79.47,32.576],[79.448,32.533],[79.407,32.53],[79.395,32.572],[79.321,32.593],[79.295,32.55],[79.274,32.532],[79.251,32.534],[79.238,32.506],[79.195,32.483],[79.135,32.475],[79.147,32.435],[79.115,32.384],[79.034,32.386],[78.982,32.338],[78.962,32.366],[78.887,32.406],[78.859,32.441],[78.827,32.439],[78.777,32.558],[78.796,32.61],[78.763,32.653],[78.763,32.698],[78.723,32.661],[78.662,32.654],[78.619,32.596],[78.573,32.618],[78.536,32.609],[78.5,32.582],[78.456,32.578],[78.427,32.531],[78.405,32.529],[78.328,32.472],[78.296,32.504],[78.317,32.526],[78.314,32.574],[78.349,32.581],[78.407,32.62],[78.389,32.635],[78.381,32.668],[78.396,32.716],[78.391,32.757],[78.363,32.76],[78.306,32.734],[78.314,32.709],[78.254,32.691],[78.231,32.666],[78.202,32.661],[78.17,32.676],[78.139,32.639],[78.106,32.657],[78.083,32.621],[78.051,32.632],[78.053,32.589],[78,32.583],[77.921,32.69],[77.936,32.728],[77.933,32.763],[77.899,32.772],[77.865,32.826],[77.826,32.833],[77.779,32.862],[77.808,32.903],[77.731,32.969],[77.683,32.984],[77.671,32.957],[77.631,32.939],[77.602,32.941],[77.545,32.89],[77.502,32.884],[77.473,32.859],[77.443,32.881],[77.405,32.883],[77.377,32.857],[77.374,32.823],[77.345,32.818],[77.323,32.852],[77.306,32.85],[77.276,32.874],[77.256,32.863],[77.242,32.878],[77.246,32.894],[77.207,32.908],[77.192,32.929],[77.164,32.912],[77.154,32.979],[77.121,32.985],[77.093,32.972],[77.053,32.998],[77.016,32.988],[76.935,33.032],[76.895,33.113],[76.862,33.111],[76.821,33.155],[76.821,33.193],[76.837,33.205],[76.829,33.215],[76.846,33.245],[76.824,33.235],[76.796,33.255],[76.773,33.249],[76.778,33.224],[76.748,33.179],[76.645,33.162],[76.617,33.173],[76.604,33.204],[76.565,33.209],[76.484,33.179],[76.402,33.183],[76.292,33.104],[76.255,33.032],[76.111,33.005],[76.099,32.969],[76.045,32.938],[76.034,32.918],[75.963,32.885],[75.884,32.931],[75.825,32.93],[75.806,32.882],[75.832,32.847],[75.89,32.814],[75.929,32.757],[75.913,32.691],[75.94,32.644],[75.82,32.487],[75.762,32.476],[75.727,32.418],[75.701,32.401],[75.561,32.361],[75.54,32.34],[75.514,32.276],[75.506,32.31],[75.483,32.318],[75.489,32.34],[75.43,32.325],[75.347,32.345],[75.316,32.334],[75.287,32.366],[75.259,32.365],[75.255,32.385],[75.197,32.393],[75.201,32.411],[75.19,32.42],[75.132,32.403],[75.137,32.425],[75.108,32.473],[75.09,32.464],[75.033,32.493],[75.005,32.452],[74.954,32.441],[74.936,32.463],[74.896,32.461],[74.877,32.483],[74.817,32.489],[74.796,32.469],[74.685,32.482],[74.689,32.525],[74.663,32.536],[74.668,32.559],[74.652,32.559],[74.65,32.591],[74.635,32.603],[74.652,32.63],[74.693,32.655],[74.662,32.673],[74.65,32.698],[74.701,32.835],[74.652,32.827],[74.635,32.812],[74.654,32.781],[74.63,32.772],[74.632,32.747],[74.611,32.755],[74.576,32.745],[74.555,32.757],[74.544,32.743],[74.509,32.739],[74.501,32.76],[74.457,32.784],[74.406,32.783],[74.385,32.758],[74.362,32.761],[74.309,32.793],[74.301,32.824],[74.217,32.845],[74.202,32.871],[74.178,32.883],[74.06,32.909],[74.049,32.932],[73.988,32.936],[73.997,32.961],[73.972,32.967],[73.958,32.987],[73.83,33.007],[73.808,32.973],[73.788,32.965],[73.788,33],[73.743,33.039],[73.735,33.067],[73.687,33.089],[73.629,33.089],[73.626,33.14],[73.656,33.169],[73.658,33.208],[73.641,33.227],[73.631,33.214],[73.626,33.236],[73.607,33.25],[73.604,33.295],[73.582,33.326],[73.591,33.337],[73.571,33.337],[73.559,33.368],[73.566,33.397],[73.592,33.424],[73.583,33.428],[73.588,33.444],[73.625,33.458],[73.613,33.48],[73.602,33.478],[73.597,33.504],[73.61,33.501],[73.607,33.52],[73.633,33.53],[73.618,33.546],[73.622,33.571],[73.601,33.593],[73.604,33.608],[73.561,33.621],[73.563,33.676],[73.598,33.716],[73.591,33.754],[73.558,33.784],[73.59,33.884],[73.537,33.952],[73.516,34.001],[73.489,34.145],[73.493,34.22],[73.47,34.252],[73.479,34.291],[73.468,34.296],[73.454,34.278],[73.425,34.353],[73.401,34.358],[73.391,34.377],[73.409,34.386],[73.42,34.418],[73.422,34.471],[73.437,34.504],[73.43,34.521],[73.448,34.574],[73.529,34.576],[73.558,34.593],[73.616,34.587],[73.651,34.568],[73.66,34.61],[73.696,34.654],[73.664,34.669],[73.667,34.685],[73.75,34.787],[73.821,34.796],[73.85,34.818],[73.918,34.814],[73.963,34.841],[73.974,34.865],[74.03,34.877],[74.044,34.922],[74.074,34.94],[74.062,34.996],[74.108,35.02],[74.066,35.049],[74.093,35.097],[74.134,35.113],[74.111,35.13],[74.114,35.152],[74.039,35.147],[74,35.184],[73.959,35.174],[73.917,35.212],[73.865,35.211],[73.82,35.24],[73.778,35.244],[73.732,35.217],[73.716,35.226],[73.727,35.278],[73.7,35.323],[73.7,35.358],[73.739,35.428],[73.795,35.46],[73.785,35.526],[73.735,35.537],[73.726,35.552],[73.669,35.552],[73.635,35.572],[73.571,35.555],[73.486,35.577],[73.407,35.564],[73.368,35.605],[73.273,35.63],[73.136,35.719],[73.136,35.794],[73.154,35.842],[73.091,35.883],[73.076,35.885],[73.039,35.855],[73,35.864],[72.926,35.846],[72.904,35.854],[72.902,35.882],[72.83,35.887],[72.777,35.844],[72.738,35.859],[72.691,35.833],[72.646,35.866],[72.603,35.87],[72.569,35.907],[72.534,35.917],[72.531,35.953],[72.549,35.963],[72.556,35.997],[72.573,35.996],[72.596,36.026],[72.585,36.051],[72.55,36.057],[72.531,36.075],[72.537,36.115],[72.574,36.151],[72.552,36.181],[72.56,36.212],[72.585,36.231],[72.601,36.266],[72.635,36.277],[72.694,36.25],[72.692,36.276],[72.779,36.31],[72.83,36.361],[72.887,36.391],[72.89,36.425],[72.879,36.443],[72.922,36.463],[72.992,36.458],[73.004,36.476],[72.99,36.48],[72.996,36.515],[73.062,36.538],[73.111,36.607],[73.092,36.635],[73.085,36.7],[73.131,36.688],[73.189,36.722],[73.214,36.7],[73.315,36.706],[73.361,36.715],[73.372,36.735],[73.444,36.745],[73.544,36.709],[73.6,36.72],[73.607,36.699],[73.633,36.69],[73.701,36.685],[73.724,36.71],[73.783,36.702],[73.809,36.717],[73.884,36.699],[73.902,36.707],[73.9,36.75],[73.864,36.788],[73.821,36.793],[73.808,36.815],[73.724,36.834],[73.719,36.857],[73.681,36.886],[73.69,36.912],[73.745,36.896],[73.768,36.905],[73.818,36.886],[73.849,36.9],[73.883,36.893],[73.913,36.871],[73.938,36.874],[73.994,36.827],[74.027,36.826],[74.056,36.806],[74.093,36.839],[74.143,36.84],[74.169,36.903],[74.264,36.888],[74.429,36.99],[74.532,36.987],[74.554,36.954],[74.579,36.949],[74.587,37.045],[74.709,37.078],[74.735,37.021]]]}},{"type":"Feature","properties":{"ST_NM":"Jharkhand"},"geometry":{"type":"Polygon","coordinates":[[[87.606,25.315],[87.69,25.311],[87.714,25.257],[87.789,25.247],[87.775,25.128],[87.782,25.092],[87.87,25.041],[87.967,24.937],[87.979,24.897],[87.972,24.882],[87.894,24.854],[87.904,24.825],[87.873,24.824],[87.883,24.799],[87.86,24.765],[87.84,24.764],[87.843,24.789],[87.823,24.767],[87.819,24.754],[87.845,24.739],[87.873,24.73],[87.883,24.74],[87.906,24.723],[87.891,24.679],[87.919,24.66],[87.911,24.634],[87.89,24.628],[87.907,24.627],[87.907,24.614],[87.878,24.612],[87.913,24.609],[87.915,24.595],[87.892,24.564],[87.853,24.552],[87.81,24.579],[87.775,24.583],[87.773,24.573],[87.81,24.55],[87.8,24.492],[87.812,24.512],[87.815,24.493],[87.828,24.496],[87.814,24.478],[87.82,24.453],[87.796,24.439],[87.79,24.416],[87.81,24.419],[87.815,24.408],[87.798,24.398],[87.803,24.384],[87.766,24.335],[87.761,24.305],[87.738,24.289],[87.715,24.294],[87.708,24.261],[87.686,24.248],[87.662,24.237],[87.652,24.25],[87.641,24.244],[87.643,24.213],[87.676,24.207],[87.698,24.188],[87.695,24.151],[87.621,24.166],[87.574,24.157],[87.613,24.131],[87.587,24.125],[87.574,24.108],[87.581,24.087],[87.544,24.089],[87.522,24.113],[87.499,24.117],[87.495,24.087],[87.511,24.084],[87.495,24.075],[87.496,24.054],[87.516,24.042],[87.488,24.015],[87.439,24.01],[87.452,24.01],[87.463,23.983],[87.362,24.011],[87.353,23.998],[87.329,23.999],[87.321,24.009],[87.338,24.019],[87.338,24.033],[87.288,24.029],[87.243,24.043],[87.246,24.007],[87.255,23.997],[87.266,24.005],[87.273,23.986],[87.267,23.968],[87.297,23.957],[87.29,23.936],[87.3,23.9],[87.276,23.875],[87.253,23.909],[87.26,23.841],[87.248,23.828],[87.225,23.829],[87.241,23.855],[87.197,23.842],[87.201,23.856],[87.136,23.869],[87.136,23.853],[87.172,23.821],[87.154,23.796],[87.129,23.797],[87.062,23.818],[86.972,23.867],[86.942,23.847],[86.93,23.868],[86.901,23.882],[86.881,23.864],[86.888,23.816],[86.877,23.846],[86.826,23.813],[86.798,23.833],[86.825,23.763],[86.798,23.689],[86.744,23.68],[86.737,23.696],[86.717,23.699],[86.597,23.673],[86.534,23.631],[86.446,23.632],[86.445,23.611],[86.387,23.586],[86.367,23.552],[86.373,23.521],[86.36,23.498],[86.378,23.485],[86.361,23.484],[86.337,23.449],[86.332,23.46],[86.306,23.446],[86.32,23.43],[86.306,23.422],[86.284,23.443],[86.258,23.44],[86.249,23.422],[86.231,23.438],[86.245,23.472],[86.231,23.472],[86.227,23.458],[86.178,23.481],[86.152,23.475],[86.161,23.521],[86.149,23.529],[86.159,23.55],[86.151,23.57],[86.079,23.57],[86.053,23.586],[86.017,23.563],[86.053,23.496],[85.956,23.457],[85.88,23.478],[85.866,23.453],[85.869,23.412],[85.885,23.41],[85.902,23.373],[85.872,23.367],[85.884,23.326],[85.832,23.265],[85.838,23.197],[85.864,23.197],[85.883,23.161],[85.921,23.132],[85.996,23.149],[86.043,23.146],[86.05,23.114],[86.142,23.086],[86.14,23.065],[86.156,23.043],[86.184,23.014],[86.21,23.016],[86.218,22.995],[86.267,22.998],[86.304,23.016],[86.318,22.998],[86.375,22.997],[86.399,22.977],[86.422,22.998],[86.451,22.988],[86.503,22.993],[86.513,22.976],[86.505,22.971],[86.518,22.969],[86.546,22.99],[86.544,22.965],[86.524,22.947],[86.504,22.951],[86.49,22.937],[86.476,22.952],[86.438,22.926],[86.469,22.9],[86.452,22.886],[86.452,22.862],[86.438,22.863],[86.422,22.78],[86.459,22.763],[86.512,22.705],[86.515,22.719],[86.545,22.724],[86.636,22.666],[86.64,22.601],[86.657,22.579],[86.765,22.576],[86.77,22.554],[86.789,22.548],[86.804,22.502],[86.794,22.478],[86.753,22.482],[86.757,22.454],[86.769,22.427],[86.849,22.4],[86.834,22.328],[86.89,22.301],[86.891,22.256],[86.825,22.265],[86.821,22.253],[86.817,22.268],[86.805,22.245],[86.806,22.266],[86.795,22.267],[86.798,22.243],[86.815,22.242],[86.805,22.218],[86.781,22.218],[86.797,22.228],[86.781,22.236],[86.78,22.219],[86.753,22.212],[86.687,22.224],[86.67,22.243],[86.656,22.237],[86.647,22.268],[86.596,22.279],[86.584,22.302],[86.538,22.302],[86.505,22.345],[86.447,22.329],[86.439,22.305],[86.358,22.349],[86.285,22.449],[86.248,22.448],[86.226,22.453],[86.224,22.472],[86.113,22.488],[86.075,22.546],[86.044,22.567],[86.024,22.547],[86.034,22.538],[86.028,22.524],[85.975,22.503],[85.959,22.459],[85.988,22.432],[86.015,22.428],[86.027,22.379],[85.999,22.342],[86.026,22.333],[86.014,22.314],[86.049,22.31],[86.014,22.296],[85.976,22.247],[86.032,22.189],[86,22.136],[86.006,22.113],[85.948,22.023],[85.918,22.009],[85.911,21.971],[85.897,21.983],[85.824,21.974],[85.821,21.984],[85.767,21.994],[85.762,22.012],[85.785,22.04],[85.776,22.055],[85.794,22.081],[85.837,22.081],[85.808,22.115],[85.752,22.074],[85.687,22.053],[85.651,22.094],[85.597,22.078],[85.56,22.095],[85.546,22.09],[85.521,22.112],[85.401,22.162],[85.369,22.158],[85.368,22.125],[85.329,22.129],[85.306,22.111],[85.237,22.004],[85.221,22.014],[85.217,22.047],[85.179,22.072],[85.177,22.052],[85.162,22.074],[85.125,22.07],[85.102,22.103],[85.05,22.114],[85.026,22.107],[85.009,22.083],[84.986,22.088],[85.03,22.115],[85.032,22.157],[85.054,22.178],[85.076,22.234],[85.077,22.275],[85.121,22.294],[85.12,22.317],[85.094,22.317],[85.099,22.344],[85.08,22.352],[85.09,22.381],[85.063,22.448],[85.078,22.459],[85.08,22.476],[85.069,22.481],[85.04,22.48],[84.961,22.442],[84.959,22.456],[84.914,22.422],[84.887,22.42],[84.883,22.446],[84.839,22.429],[84.819,22.434],[84.814,22.45],[84.759,22.445],[84.75,22.417],[84.668,22.417],[84.639,22.431],[84.533,22.423],[84.483,22.409],[84.484,22.386],[84.455,22.382],[84.434,22.367],[84.433,22.351],[84.296,22.34],[84.253,22.376],[84.201,22.374],[84.159,22.403],[84.143,22.423],[84.142,22.473],[84.113,22.476],[84.065,22.512],[84.01,22.523],[84.012,22.571],[84.055,22.596],[84.087,22.638],[84.157,22.636],[84.228,22.671],[84.239,22.691],[84.232,22.737],[84.261,22.765],[84.292,22.765],[84.336,22.861],[84.377,22.866],[84.378,22.903],[84.396,22.94],[84.377,22.977],[84.332,22.981],[84.286,22.963],[84.278,22.99],[84.258,22.973],[84.224,22.978],[84.197,23.025],[84.184,23.022],[84.175,22.972],[84.155,22.965],[84.131,23.038],[84.136,23.083],[84.095,23.111],[84.074,23.108],[84.043,23.136],[84.038,23.162],[84.066,23.205],[84.058,23.248],[84.077,23.331],[84.051,23.375],[84.028,23.376],[84.014,23.354],[83.99,23.36],[83.973,23.382],[83.987,23.427],[83.977,23.456],[84.016,23.5],[84.03,23.545],[84.03,23.598],[84.009,23.621],[84.014,23.633],[83.945,23.623],[83.943,23.563],[83.808,23.583],[83.782,23.6],[83.772,23.622],[83.755,23.627],[83.758,23.653],[83.722,23.683],[83.742,23.714],[83.737,23.755],[83.703,23.821],[83.666,23.828],[83.657,23.848],[83.569,23.863],[83.584,23.884],[83.55,23.898],[83.547,23.933],[83.515,23.979],[83.524,24.01],[83.514,24.028],[83.455,24.042],[83.433,24.083],[83.408,24.081],[83.391,24.099],[83.331,24.101],[83.351,24.113],[83.386,24.2],[83.385,24.235],[83.41,24.265],[83.404,24.292],[83.383,24.312],[83.459,24.364],[83.438,24.403],[83.408,24.408],[83.409,24.436],[83.389,24.454],[83.403,24.503],[83.506,24.526],[83.725,24.504],[83.802,24.529],[83.876,24.532],[83.941,24.551],[84,24.637],[84.054,24.611],[84.097,24.533],[84.097,24.503],[84.117,24.481],[84.148,24.504],[84.144,24.529],[84.154,24.54],[84.172,24.533],[84.161,24.517],[84.187,24.51],[84.194,24.522],[84.18,24.541],[84.196,24.555],[84.225,24.535],[84.228,24.55],[84.243,24.553],[84.265,24.53],[84.288,24.551],[84.277,24.564],[84.305,24.563],[84.334,24.502],[84.302,24.48],[84.293,24.465],[84.301,24.45],[84.338,24.431],[84.323,24.423],[84.335,24.422],[84.343,24.395],[84.39,24.389],[84.402,24.368],[84.43,24.359],[84.425,24.331],[84.462,24.338],[84.469,24.317],[84.485,24.316],[84.508,24.332],[84.486,24.309],[84.501,24.287],[84.533,24.339],[84.529,24.376],[84.573,24.384],[84.567,24.397],[84.58,24.412],[84.589,24.401],[84.666,24.394],[84.686,24.456],[84.732,24.473],[84.749,24.496],[84.787,24.505],[84.803,24.529],[84.84,24.511],[84.842,24.452],[84.855,24.466],[84.887,24.463],[84.885,24.423],[84.905,24.394],[84.905,24.372],[84.976,24.376],[84.998,24.412],[85.039,24.425],[85.06,24.415],[85.083,24.44],[85.073,24.387],[85.097,24.379],[85.122,24.409],[85.176,24.43],[85.158,24.463],[85.231,24.471],[85.254,24.495],[85.289,24.497],[85.295,24.529],[85.377,24.53],[85.414,24.546],[85.44,24.536],[85.501,24.551],[85.525,24.525],[85.543,24.536],[85.544,24.566],[85.562,24.556],[85.575,24.565],[85.568,24.584],[85.584,24.603],[85.622,24.583],[85.672,24.582],[85.679,24.62],[85.656,24.687],[85.687,24.694],[85.704,24.714],[85.71,24.764],[85.744,24.823],[85.784,24.799],[85.818,24.795],[85.834,24.81],[85.885,24.801],[85.917,24.754],[85.957,24.732],[86.057,24.78],[86.06,24.762],[86.044,24.744],[86.093,24.747],[86.131,24.706],[86.14,24.676],[86.125,24.642],[86.132,24.612],[86.172,24.584],[86.222,24.592],[86.224,24.612],[86.271,24.577],[86.329,24.585],[86.31,24.559],[86.319,24.509],[86.286,24.463],[86.326,24.441],[86.357,24.445],[86.422,24.38],[86.453,24.369],[86.472,24.386],[86.472,24.423],[86.495,24.426],[86.491,24.46],[86.512,24.519],[86.53,24.537],[86.553,24.536],[86.561,24.56],[86.584,24.569],[86.609,24.606],[86.624,24.585],[86.675,24.562],[86.738,24.577],[86.757,24.619],[86.783,24.621],[86.793,24.6],[86.792,24.618],[86.812,24.595],[86.806,24.566],[86.843,24.569],[86.845,24.555],[86.861,24.551],[86.882,24.568],[86.917,24.54],[86.904,24.587],[86.94,24.627],[86.936,24.644],[86.955,24.644],[86.951,24.627],[86.972,24.633],[87.016,24.607],[87.03,24.622],[87.033,24.61],[87.056,24.608],[87.061,24.672],[87.088,24.725],[87.08,24.746],[87.103,24.802],[87.083,24.819],[87.12,24.856],[87.157,24.859],[87.16,24.992],[87.15,25.019],[87.183,25.065],[87.217,25.09],[87.24,25.086],[87.255,25.106],[87.297,25.09],[87.33,25.224],[87.376,25.206],[87.398,25.228],[87.478,25.195],[87.479,25.241],[87.502,25.263],[87.488,25.296],[87.496,25.306],[87.546,25.282],[87.553,25.331],[87.586,25.349],[87.587,25.328],[87.606,25.315]],[[84.501,24.265],[84.511,24.268],[84.499,24.283],[84.501,24.265]]]}},{"type":"Feature","properties":{"ST_NM":"Karnataka"},"geometry":{"type":"MultiPolygon","coordinates":[[[[74.697,13.328],[74.697,13.328]]],[[[74.691,13.337],[74.691,13.337]]],[[[74.685,13.345],[74.685,13.345]]],[[[74.675,13.376],[74.668,13.386],[74.675,13.376]]],[[[74.743,13.64],[74.729,13.643],[74.743,13.64]]],[[[74.688,13.653],[74.678,13.667],[74.688,13.653]]],[[[74.485,14.011],[74.476,14.015],[74.485,14.011]]],[[[74.332,14.015],[74.326,14.022],[74.332,14.015]]],[[[74.49,14.024],[74.49,14.024]]],[[[74.474,14.085],[74.474,14.085]]],[[[74.47,14.276],[74.482,14.265],[74.458,14.275],[74.47,14.276]]],[[[74.402,14.311],[74.395,14.318],[74.402,14.311]]],[[[74.399,14.461],[74.392,14.477],[74.399,14.461]]],[[[74.087,14.79],[74.087,14.79]]],[[[74.058,14.816],[74.058,14.816]]],[[[74.094,14.832],[74.094,14.832]]],[[[74.1,14.838],[74.091,14.844],[74.1,14.838]]],[[[74.097,14.872],[74.097,14.872]]],[[[74.195,14.871],[74.187,14.873],[74.195,14.871]]],[[[74.309,15.799],[74.298,15.789],[74.266,15.793],[74.26,15.827],[74.29,15.831],[74.309,15.799]]],[[[77.34,18.437],[77.373,18.449],[77.373,18.402],[77.413,18.39],[77.395,18.368],[77.402,18.349],[77.362,18.312],[77.411,18.301],[77.44,18.308],[77.44,18.284],[77.469,18.262],[77.514,18.28],[77.513,18.309],[77.607,18.28],[77.576,18.242],[77.589,18.219],[77.568,18.203],[77.583,18.164],[77.601,18.154],[77.601,18.086],[77.571,18.078],[77.549,18.056],[77.557,18.037],[77.589,18.027],[77.596,18.012],[77.61,18.02],[77.633,17.995],[77.65,17.996],[77.647,17.976],[77.657,17.972],[77.648,17.949],[77.628,17.96],[77.62,17.905],[77.589,17.911],[77.601,17.873],[77.577,17.875],[77.553,17.821],[77.53,17.829],[77.511,17.795],[77.508,17.785],[77.57,17.767],[77.566,17.75],[77.543,17.728],[77.454,17.694],[77.457,17.633],[77.444,17.584],[77.494,17.569],[77.505,17.544],[77.531,17.576],[77.552,17.552],[77.594,17.566],[77.596,17.536],[77.661,17.524],[77.692,17.502],[77.688,17.476],[77.652,17.484],[77.657,17.506],[77.645,17.479],[77.615,17.473],[77.615,17.447],[77.577,17.457],[77.577,17.433],[77.537,17.444],[77.514,17.43],[77.515,17.416],[77.539,17.407],[77.525,17.389],[77.532,17.375],[77.503,17.357],[77.478,17.362],[77.483,17.373],[77.455,17.373],[77.459,17.341],[77.438,17.291],[77.457,17.29],[77.458,17.279],[77.426,17.256],[77.419,17.233],[77.409,17.241],[77.384,17.223],[77.403,17.212],[77.395,17.196],[77.374,17.193],[77.364,17.165],[77.38,17.141],[77.467,17.107],[77.502,17.019],[77.468,16.956],[77.472,16.921],[77.457,16.913],[77.475,16.783],[77.442,16.787],[77.428,16.722],[77.442,16.711],[77.471,16.716],[77.469,16.682],[77.421,16.667],[77.443,16.64],[77.474,16.651],[77.458,16.618],[77.468,16.588],[77.396,16.569],[77.42,16.548],[77.42,16.522],[77.383,16.515],[77.37,16.488],[77.301,16.495],[77.289,16.475],[77.239,16.472],[77.289,16.407],[77.347,16.384],[77.416,16.367],[77.499,16.38],[77.559,16.346],[77.596,16.342],[77.597,16.295],[77.57,16.302],[77.548,16.292],[77.539,16.267],[77.506,16.272],[77.492,16.254],[77.493,16.229],[77.516,16.222],[77.5,16.218],[77.488,16.163],[77.491,16.12],[77.514,16.108],[77.498,16.089],[77.508,16.078],[77.496,16.035],[77.515,16.007],[77.514,15.926],[77.431,15.947],[77.381,15.938],[77.253,15.962],[77.185,15.955],[77.081,15.914],[77.026,15.836],[77.068,15.828],[77.051,15.73],[77.08,15.726],[77.08,15.696],[77.129,15.664],[77.12,15.63],[77.086,15.658],[77.033,15.639],[77.031,15.505],[76.976,15.511],[76.974,15.496],[77.032,15.44],[77.033,15.406],[77.048,15.389],[77.042,15.364],[77.067,15.343],[77.066,15.327],[77.114,15.332],[77.12,15.295],[77.153,15.291],[77.15,15.271],[77.169,15.264],[77.145,15.257],[77.126,15.227],[77.155,15.213],[77.168,15.167],[77.163,15.154],[77.137,15.148],[77.159,15.126],[77.132,15.099],[77.114,15.034],[77.087,15.028],[77.084,15.005],[77.046,15.011],[77.052,15.035],[77.005,15.035],[76.986,15.016],[76.947,15.032],[76.881,15.034],[76.865,15.062],[76.801,15.096],[76.778,15.076],[76.788,15.022],[76.761,14.988],[76.768,14.975],[76.819,14.969],[76.832,14.956],[76.869,14.969],[76.87,14.943],[76.865,14.896],[76.847,14.887],[76.858,14.867],[76.844,14.835],[76.853,14.809],[76.841,14.809],[76.836,14.789],[76.784,14.785],[76.802,14.74],[76.775,14.679],[76.765,14.602],[76.781,14.596],[76.804,14.533],[76.849,14.515],[76.875,14.474],[76.911,14.49],[76.978,14.484],[76.964,14.451],[76.949,14.451],[76.947,14.405],[76.918,14.419],[76.888,14.396],[76.884,14.352],[76.904,14.325],[76.955,14.3],[76.93,14.278],[76.949,14.242],[77.055,14.246],[77.081,14.216],[77.111,14.22],[77.118,14.294],[77.138,14.337],[77.158,14.344],[77.216,14.319],[77.287,14.338],[77.286,14.283],[77.366,14.276],[77.362,14.237],[77.383,14.224],[77.39,14.199],[77.422,14.21],[77.408,14.267],[77.391,14.272],[77.381,14.302],[77.392,14.332],[77.432,14.328],[77.434,14.312],[77.449,14.317],[77.45,14.284],[77.486,14.292],[77.503,14.279],[77.497,14.235],[77.517,14.179],[77.507,14.158],[77.416,14.177],[77.396,14.172],[77.383,14.137],[77.354,14.131],[77.351,14.103],[77.396,14.126],[77.402,14.11],[77.365,14.066],[77.345,14.061],[77.333,14.03],[77.39,14.014],[77.383,13.976],[77.438,13.976],[77.436,13.951],[77.415,13.943],[77.417,13.922],[77.433,13.909],[77.399,13.887],[77.397,13.905],[77.355,13.904],[77.35,13.913],[77.37,13.949],[77.351,13.958],[77.361,13.989],[77.337,13.997],[77.32,14.032],[77.285,14.014],[77.278,14.035],[77.249,14.013],[77.168,14.013],[77.154,13.998],[77.141,14.005],[77.127,14.049],[77.082,14.045],[77.029,14.06],[77.03,14.09],[77.014,14.104],[77.026,14.129],[77.025,14.179],[76.964,14.182],[76.947,14.195],[76.942,14.172],[76.897,14.165],[76.889,14.137],[76.932,14.133],[76.952,14.092],[76.981,14.072],[76.977,14.059],[76.943,14.054],[76.937,14.029],[77,13.988],[76.995,13.963],[77.042,13.932],[77.047,13.904],[77.023,13.9],[77.012,13.857],[76.974,13.821],[76.99,13.811],[77,13.748],[77.018,13.739],[77.033,13.778],[77.066,13.746],[77.087,13.744],[77.087,13.76],[77.102,13.768],[77.173,13.762],[77.178,13.779],[77.161,13.807],[77.169,13.828],[77.13,13.856],[77.169,13.864],[77.162,13.907],[77.183,13.924],[77.185,13.867],[77.203,13.866],[77.212,13.888],[77.218,13.868],[77.24,13.902],[77.257,13.847],[77.29,13.848],[77.314,13.864],[77.327,13.833],[77.367,13.853],[77.38,13.839],[77.432,13.842],[77.416,13.807],[77.436,13.795],[77.448,13.81],[77.465,13.804],[77.458,13.793],[77.47,13.751],[77.452,13.703],[77.457,13.683],[77.484,13.685],[77.495,13.714],[77.529,13.696],[77.527,13.751],[77.547,13.751],[77.564,13.724],[77.603,13.751],[77.629,13.735],[77.645,13.743],[77.618,13.763],[77.657,13.784],[77.678,13.785],[77.672,13.76],[77.704,13.769],[77.717,13.741],[77.721,13.798],[77.787,13.821],[77.784,13.844],[77.836,13.869],[77.814,13.917],[77.826,13.943],[77.895,13.939],[77.898,13.919],[77.92,13.905],[77.97,13.958],[77.987,13.956],[77.987,13.902],[77.951,13.888],[77.953,13.828],[77.974,13.829],[77.994,13.87],[78.047,13.861],[78.05,13.895],[78.077,13.883],[78.084,13.863],[78.115,13.862],[78.122,13.85],[78.127,13.786],[78.094,13.742],[78.119,13.719],[78.115,13.693],[78.073,13.697],[78.067,13.676],[78.09,13.644],[78.165,13.658],[78.17,13.632],[78.203,13.625],[78.193,13.565],[78.237,13.596],[78.259,13.584],[78.401,13.588],[78.408,13.576],[78.377,13.505],[78.381,13.401],[78.365,13.365],[78.408,13.342],[78.399,13.328],[78.382,13.342],[78.377,13.33],[78.402,13.314],[78.435,13.329],[78.446,13.308],[78.482,13.318],[78.483,13.301],[78.532,13.266],[78.539,13.286],[78.561,13.286],[78.566,13.31],[78.588,13.272],[78.57,13.237],[78.568,13.222],[78.58,13.215],[78.552,13.198],[78.574,13.188],[78.58,13.167],[78.55,13.162],[78.546,13.141],[78.52,13.13],[78.539,13.108],[78.513,13.092],[78.516,13.063],[78.463,13.042],[78.469,12.974],[78.434,12.979],[78.438,12.961],[78.412,12.943],[78.419,12.918],[78.428,12.93],[78.467,12.903],[78.466,12.864],[78.447,12.911],[78.429,12.899],[78.399,12.916],[78.389,12.905],[78.356,12.938],[78.338,12.899],[78.324,12.899],[78.322,12.884],[78.338,12.884],[78.333,12.873],[78.315,12.876],[78.314,12.857],[78.274,12.867],[78.252,12.857],[78.253,12.822],[78.232,12.763],[78.131,12.78],[78.125,12.797],[78.057,12.852],[78.025,12.855],[78.027,12.843],[78.004,12.823],[78.012,12.805],[77.992,12.805],[77.992,12.82],[77.968,12.831],[77.956,12.859],[77.935,12.823],[77.919,12.831],[77.925,12.854],[77.945,12.865],[77.93,12.873],[77.934,12.887],[77.892,12.868],[77.835,12.868],[77.795,12.843],[77.811,12.83],[77.801,12.805],[77.808,12.792],[77.782,12.769],[77.793,12.748],[77.763,12.734],[77.773,12.724],[77.76,12.696],[77.737,12.692],[77.741,12.673],[77.714,12.683],[77.705,12.66],[77.688,12.658],[77.677,12.662],[77.68,12.68],[77.664,12.683],[77.6,12.666],[77.608,12.63],[77.595,12.621],[77.58,12.567],[77.588,12.516],[77.616,12.509],[77.585,12.477],[77.607,12.474],[77.627,12.495],[77.635,12.486],[77.617,12.369],[77.553,12.293],[77.48,12.271],[77.476,12.211],[77.522,12.193],[77.615,12.204],[77.737,12.177],[77.751,12.139],[77.78,12.115],[77.701,12.019],[77.676,11.949],[77.535,11.931],[77.495,11.942],[77.488,11.885],[77.464,11.898],[77.467,11.848],[77.43,11.76],[77.37,11.788],[77.337,11.768],[77.295,11.807],[77.289,11.798],[77.252,11.811],[77.237,11.792],[77.113,11.771],[77.119,11.721],[77.082,11.733],[77.06,11.766],[77.066,11.785],[77.032,11.773],[77.041,11.792],[77.014,11.811],[76.982,11.809],[76.969,11.773],[76.954,11.789],[76.909,11.791],[76.89,11.733],[76.839,11.657],[76.839,11.637],[76.86,11.61],[76.847,11.582],[76.826,11.605],[76.755,11.618],[76.617,11.608],[76.569,11.617],[76.549,11.678],[76.512,11.705],[76.482,11.691],[76.459,11.662],[76.418,11.672],[76.404,11.708],[76.427,11.724],[76.413,11.74],[76.415,11.76],[76.342,11.737],[76.318,11.751],[76.307,11.783],[76.279,11.81],[76.225,11.807],[76.208,11.861],[76.191,11.87],[76.123,11.849],[76.114,11.858],[76.114,11.977],[76,11.929],[75.871,11.951],[75.832,11.984],[75.831,12.012],[75.803,12.038],[75.804,12.077],[75.756,12.083],[75.721,12.068],[75.706,12.106],[75.666,12.097],[75.639,12.148],[75.595,12.148],[75.537,12.201],[75.541,12.216],[75.486,12.291],[75.47,12.3],[75.422,12.291],[75.433,12.305],[75.412,12.346],[75.424,12.372],[75.383,12.39],[75.368,12.412],[75.369,12.457],[75.394,12.45],[75.425,12.465],[75.417,12.502],[75.385,12.498],[75.374,12.474],[75.343,12.461],[75.337,12.495],[75.306,12.502],[75.306,12.522],[75.283,12.523],[75.274,12.545],[75.278,12.569],[75.293,12.58],[75.318,12.573],[75.329,12.59],[75.278,12.616],[75.238,12.567],[75.224,12.567],[75.212,12.589],[75.204,12.585],[75.202,12.63],[75.16,12.622],[75.144,12.638],[75.162,12.669],[75.151,12.681],[75.113,12.68],[75.086,12.702],[75.087,12.675],[75.071,12.662],[75.048,12.664],[75.045,12.692],[75.057,12.691],[75.05,12.719],[75.014,12.712],[75.003,12.718],[75.012,12.727],[74.985,12.734],[75.008,12.765],[75.005,12.79],[74.992,12.795],[74.982,12.78],[74.954,12.784],[74.885,12.753],[74.863,12.758],[74.805,12.904],[74.771,13.078],[74.782,13.058],[74.779,13.091],[74.79,13.102],[74.767,13.089],[74.703,13.344],[74.723,13.286],[74.725,13.321],[74.695,13.358],[74.688,13.454],[74.709,13.404],[74.733,13.403],[74.743,13.387],[74.739,13.413],[74.705,13.433],[74.722,13.459],[74.751,13.459],[74.733,13.476],[74.705,13.442],[74.695,13.481],[74.689,13.463],[74.664,13.631],[74.681,13.607],[74.687,13.639],[74.707,13.615],[74.724,13.621],[74.704,13.638],[74.76,13.639],[74.702,13.654],[74.705,13.674],[74.693,13.667],[74.679,13.677],[74.713,13.697],[74.685,13.699],[74.668,13.714],[74.678,13.691],[74.663,13.643],[74.645,13.673],[74.607,13.859],[74.621,13.848],[74.627,13.858],[74.598,13.878],[74.572,13.945],[74.538,13.96],[74.54,13.972],[74.516,13.989],[74.506,14.026],[74.525,14.025],[74.524,14.034],[74.505,14.051],[74.508,14.031],[74.501,14.041],[74.475,14.169],[74.433,14.266],[74.458,14.249],[74.47,14.256],[74.527,14.24],[74.49,14.265],[74.485,14.282],[74.469,14.292],[74.444,14.281],[74.426,14.305],[74.431,14.273],[74.403,14.367],[74.403,14.419],[74.385,14.424],[74.356,14.509],[74.376,14.519],[74.387,14.451],[74.408,14.448],[74.421,14.473],[74.441,14.457],[74.436,14.472],[74.401,14.496],[74.369,14.559],[74.336,14.514],[74.308,14.523],[74.314,14.551],[74.295,14.592],[74.325,14.603],[74.384,14.592],[74.43,14.625],[74.364,14.598],[74.317,14.616],[74.305,14.601],[74.285,14.609],[74.272,14.629],[74.285,14.636],[74.286,14.663],[74.275,14.665],[74.276,14.689],[74.256,14.706],[74.263,14.722],[74.242,14.744],[74.224,14.745],[74.2,14.72],[74.167,14.752],[74.177,14.767],[74.163,14.766],[74.157,14.747],[74.144,14.774],[74.124,14.773],[74.095,14.797],[74.12,14.802],[74.128,14.835],[74.162,14.838],[74.157,14.813],[74.176,14.855],[74.25,14.871],[74.209,14.876],[74.21,14.889],[74.177,14.88],[74.121,14.838],[74.088,14.896],[74.133,14.923],[74.169,14.912],[74.165,14.954],[74.184,14.954],[74.205,14.924],[74.238,14.96],[74.264,14.969],[74.255,14.993],[74.296,15.042],[74.272,15.098],[74.287,15.123],[74.283,15.146],[74.316,15.187],[74.301,15.226],[74.257,15.244],[74.251,15.26],[74.277,15.284],[74.328,15.285],[74.336,15.295],[74.317,15.332],[74.322,15.37],[74.276,15.391],[74.276,15.445],[74.25,15.492],[74.281,15.528],[74.261,15.566],[74.248,15.568],[74.262,15.612],[74.246,15.626],[74.249,15.656],[74.225,15.669],[74.222,15.655],[74.206,15.651],[74.183,15.683],[74.156,15.651],[74.119,15.652],[74.089,15.673],[74.126,15.681],[74.134,15.703],[74.123,15.72],[74.161,15.751],[74.197,15.756],[74.221,15.788],[74.234,15.783],[74.228,15.756],[74.243,15.743],[74.267,15.755],[74.286,15.741],[74.323,15.773],[74.341,15.765],[74.359,15.776],[74.37,15.803],[74.36,15.818],[74.383,15.846],[74.338,15.854],[74.368,15.894],[74.382,15.859],[74.406,15.855],[74.386,15.903],[74.429,15.953],[74.465,16.043],[74.43,16.059],[74.384,16.037],[74.372,16.039],[74.376,16.056],[74.362,16.055],[74.373,16.079],[74.391,16.08],[74.429,16.113],[74.476,16.089],[74.491,16.104],[74.48,16.149],[74.492,16.183],[74.507,16.19],[74.497,16.233],[74.478,16.249],[74.467,16.24],[74.416,16.259],[74.415,16.282],[74.385,16.277],[74.374,16.295],[74.347,16.294],[74.354,16.281],[74.334,16.269],[74.324,16.275],[74.325,16.288],[74.342,16.293],[74.326,16.313],[74.331,16.325],[74.316,16.327],[74.317,16.342],[74.328,16.342],[74.319,16.381],[74.337,16.392],[74.355,16.366],[74.363,16.396],[74.336,16.402],[74.332,16.454],[74.29,16.461],[74.293,16.504],[74.262,16.478],[74.246,16.497],[74.279,16.505],[74.27,16.546],[74.283,16.524],[74.3,16.531],[74.308,16.504],[74.317,16.508],[74.317,16.553],[74.34,16.548],[74.359,16.559],[74.356,16.54],[74.384,16.53],[74.397,16.58],[74.467,16.606],[74.457,16.646],[74.471,16.662],[74.492,16.628],[74.546,16.635],[74.544,16.594],[74.56,16.592],[74.554,16.561],[74.569,16.554],[74.612,16.57],[74.619,16.584],[74.631,16.577],[74.638,16.608],[74.685,16.606],[74.689,16.617],[74.655,16.639],[74.667,16.665],[74.691,16.677],[74.682,16.681],[74.693,16.717],[74.732,16.717],[74.774,16.75],[74.796,16.747],[74.851,16.772],[74.92,16.772],[74.908,16.857],[74.945,16.882],[74.96,16.879],[74.963,16.907],[74.923,16.927],[74.934,16.942],[74.982,16.93],[75,16.947],[75.027,16.943],[75.028,16.927],[75.091,16.949],[75.095,16.915],[75.119,16.909],[75.138,16.875],[75.169,16.866],[75.187,16.875],[75.18,16.844],[75.213,16.842],[75.227,16.843],[75.238,16.865],[75.266,16.863],[75.283,16.88],[75.282,16.955],[75.343,16.954],[75.392,16.978],[75.429,16.965],[75.466,16.987],[75.488,16.967],[75.491,16.945],[75.528,16.968],[75.569,16.965],[75.574,17.01],[75.608,17.005],[75.609,16.971],[75.635,16.968],[75.644,16.953],[75.673,16.962],[75.671,17.037],[75.642,17.038],[75.653,17.057],[75.677,17.065],[75.673,17.115],[75.652,17.115],[75.627,17.172],[75.629,17.188],[75.663,17.215],[75.659,17.263],[75.631,17.274],[75.604,17.305],[75.612,17.344],[75.583,17.351],[75.577,17.384],[75.614,17.393],[75.609,17.421],[75.634,17.479],[75.676,17.459],[75.69,17.414],[75.714,17.41],[75.736,17.423],[75.769,17.408],[75.79,17.374],[75.814,17.375],[75.824,17.424],[75.855,17.409],[75.861,17.387],[75.887,17.419],[75.893,17.355],[75.931,17.326],[76.054,17.356],[76.079,17.332],[76.096,17.36],[76.121,17.368],[76.163,17.343],[76.164,17.302],[76.176,17.299],[76.176,17.354],[76.245,17.376],[76.251,17.36],[76.271,17.358],[76.276,17.332],[76.318,17.331],[76.314,17.345],[76.344,17.352],[76.353,17.313],[76.383,17.314],[76.412,17.35],[76.409,17.371],[76.363,17.377],[76.374,17.436],[76.334,17.434],[76.332,17.471],[76.376,17.495],[76.344,17.496],[76.344,17.51],[76.367,17.524],[76.362,17.538],[76.341,17.544],[76.332,17.596],[76.417,17.606],[76.43,17.646],[76.49,17.662],[76.487,17.715],[76.525,17.717],[76.527,17.761],[76.575,17.762],[76.566,17.755],[76.575,17.704],[76.595,17.719],[76.616,17.77],[76.665,17.69],[76.69,17.68],[76.7,17.728],[76.729,17.739],[76.717,17.784],[76.765,17.789],[76.79,17.828],[76.768,17.852],[76.739,17.859],[76.742,17.9],[76.768,17.9],[76.776,17.879],[76.805,17.87],[76.81,17.885],[76.835,17.884],[76.856,17.9],[76.883,17.895],[76.902,17.916],[76.919,17.917],[76.92,18.035],[76.957,18.041],[76.949,18.075],[76.971,18.099],[76.924,18.122],[76.927,18.146],[76.946,18.156],[76.956,18.186],[76.99,18.19],[77,18.168],[77.026,18.164],[77.024,18.18],[77.035,18.185],[77.06,18.154],[77.111,18.154],[77.119,18.169],[77.098,18.197],[77.153,18.218],[77.15,18.239],[77.173,18.282],[77.209,18.279],[77.198,18.314],[77.213,18.315],[77.234,18.367],[77.248,18.372],[77.236,18.388],[77.243,18.41],[77.316,18.441],[77.32,18.455],[77.34,18.437]]],[[[77.301,18.477],[77.294,18.458],[77.268,18.453],[77.275,18.475],[77.301,18.477]]]]}},{"type":"Feature","properties":{"ST_NM":"Kerala"},"geometry":{"type":"Polygon","coordinates":[[[74.996,12.792],[75.008,12.765],[74.985,12.734],[75.012,12.727],[75.003,12.718],[75.014,12.712],[75.05,12.719],[75.057,12.691],[75.045,12.692],[75.048,12.664],[75.071,12.662],[75.087,12.675],[75.086,12.702],[75.113,12.68],[75.151,12.681],[75.162,12.669],[75.144,12.638],[75.16,12.622],[75.202,12.63],[75.204,12.585],[75.212,12.589],[75.224,12.567],[75.238,12.567],[75.278,12.616],[75.329,12.59],[75.318,12.573],[75.293,12.58],[75.272,12.558],[75.283,12.523],[75.306,12.522],[75.306,12.502],[75.337,12.495],[75.339,12.463],[75.374,12.474],[75.385,12.498],[75.417,12.502],[75.425,12.465],[75.394,12.45],[75.369,12.457],[75.368,12.412],[75.383,12.39],[75.424,12.372],[75.412,12.346],[75.433,12.305],[75.422,12.291],[75.47,12.3],[75.486,12.291],[75.541,12.216],[75.537,12.201],[75.58,12.156],[75.639,12.148],[75.662,12.1],[75.706,12.106],[75.721,12.068],[75.756,12.083],[75.8,12.08],[75.803,12.038],[75.831,12.012],[75.832,11.984],[75.882,11.947],[76,11.929],[76.114,11.977],[76.114,11.858],[76.123,11.849],[76.191,11.87],[76.208,11.861],[76.225,11.807],[76.279,11.81],[76.307,11.783],[76.318,11.751],[76.342,11.737],[76.415,11.76],[76.413,11.74],[76.427,11.724],[76.404,11.708],[76.442,11.641],[76.433,11.63],[76.388,11.629],[76.379,11.6],[76.343,11.585],[76.336,11.595],[76.306,11.571],[76.278,11.6],[76.233,11.571],[76.25,11.535],[76.241,11.525],[76.252,11.501],[76.248,11.466],[76.286,11.481],[76.297,11.463],[76.329,11.452],[76.342,11.466],[76.399,11.435],[76.419,11.441],[76.417,11.422],[76.457,11.389],[76.519,11.368],[76.518,11.354],[76.547,11.359],[76.538,11.311],[76.549,11.3],[76.523,11.269],[76.455,11.238],[76.447,11.202],[76.462,11.187],[76.476,11.193],[76.475,11.206],[76.497,11.21],[76.545,11.197],[76.603,11.205],[76.633,11.193],[76.707,11.239],[76.736,11.217],[76.731,11.192],[76.699,11.173],[76.701,11.152],[76.707,11.14],[76.713,11.15],[76.749,11.129],[76.744,11.101],[76.758,11.083],[76.745,11.072],[76.747,11.055],[76.778,11.04],[76.801,11.058],[76.803,11.05],[76.767,11.032],[76.717,11.039],[76.658,10.937],[76.743,10.889],[76.784,10.89],[76.829,10.87],[76.854,10.84],[76.852,10.816],[76.9,10.808],[76.909,10.779],[76.895,10.716],[76.867,10.683],[76.882,10.672],[76.884,10.638],[76.817,10.634],[76.815,10.622],[76.82,10.603],[76.842,10.593],[76.844,10.537],[76.819,10.423],[76.852,10.368],[76.832,10.303],[76.851,10.286],[76.877,10.298],[76.875,10.275],[76.918,10.233],[76.941,10.238],[76.984,10.217],[77.052,10.257],[77.047,10.281],[77.065,10.294],[77.128,10.319],[77.176,10.355],[77.236,10.349],[77.228,10.315],[77.265,10.263],[77.261,10.23],[77.284,10.233],[77.295,10.216],[77.273,10.164],[77.274,10.128],[77.239,10.127],[77.202,10.101],[77.263,10.029],[77.255,10.009],[77.276,9.973],[77.219,9.903],[77.214,9.875],[77.239,9.858],[77.224,9.823],[77.249,9.798],[77.225,9.789],[77.234,9.769],[77.223,9.731],[77.205,9.724],[77.207,9.695],[77.167,9.615],[77.211,9.613],[77.23,9.588],[77.266,9.574],[77.32,9.602],[77.341,9.572],[77.357,9.604],[77.367,9.597],[77.352,9.566],[77.367,9.536],[77.387,9.518],[77.403,9.526],[77.413,9.506],[77.395,9.46],[77.368,9.459],[77.338,9.415],[77.343,9.39],[77.328,9.337],[77.301,9.336],[77.3,9.31],[77.283,9.3],[77.284,9.218],[77.254,9.188],[77.265,9.185],[77.269,9.152],[77.213,9.097],[77.199,9.045],[77.171,9.045],[77.149,9.02],[77.198,8.955],[77.198,8.924],[77.222,8.926],[77.224,8.902],[77.261,8.868],[77.265,8.84],[77.235,8.806],[77.233,8.784],[77.216,8.778],[77.216,8.766],[77.201,8.769],[77.195,8.743],[77.173,8.746],[77.206,8.692],[77.209,8.663],[77.247,8.621],[77.284,8.551],[77.267,8.51],[77.242,8.497],[77.225,8.513],[77.205,8.501],[77.229,8.446],[77.208,8.443],[77.173,8.385],[77.154,8.386],[77.155,8.353],[77.174,8.359],[77.179,8.32],[77.141,8.331],[77.1,8.291],[77.006,8.36],[76.999,8.378],[76.983,8.38],[76.971,8.413],[76.879,8.516],[76.672,8.79],[76.603,8.868],[76.55,8.897],[76.503,9.051],[76.342,9.404],[76.243,9.969],[76.202,10.049],[76.169,10.184],[76.14,10.233],[76.099,10.382],[76.043,10.494],[76.059,10.481],[76.04,10.522],[76.055,10.527],[76.069,10.509],[76.066,10.535],[76.041,10.566],[76.048,10.532],[76.035,10.528],[76.033,10.507],[75.904,10.796],[75.852,11.054],[75.81,11.154],[75.823,11.168],[75.801,11.172],[75.739,11.328],[75.74,11.357],[75.701,11.422],[75.677,11.45],[75.621,11.476],[75.537,11.693],[75.542,11.707],[75.529,11.705],[75.473,11.769],[75.458,11.766],[75.454,11.785],[75.388,11.858],[75.358,11.854],[75.321,11.899],[75.309,11.941],[75.351,11.93],[75.323,11.953],[75.315,11.977],[75.31,11.967],[75.288,11.99],[75.296,11.952],[75.243,12.021],[75.204,12.003],[75.081,12.31],[75.002,12.448],[74.991,12.492],[74.98,12.49],[74.863,12.758],[74.885,12.753],[74.996,12.792]],[[75.54,11.735],[75.528,11.72],[75.558,11.718],[75.544,11.759],[75.533,11.756],[75.54,11.735]]]}},{"type":"Feature","properties":{"ST_NM":"Lakshadweep"},"geometry":{"type":"MultiPolygon","coordinates":[[[[74.101,11.204],[74.06,11.209],[73.997,11.254],[73.963,11.313],[73.974,11.345],[74.012,11.349],[74.09,11.298],[74.123,11.239],[74.101,11.204]]],[[[71.845,11.835],[71.84,11.821],[71.784,11.834],[71.761,11.872],[71.752,11.928],[71.731,11.954],[71.773,12.004],[71.798,11.98],[71.845,11.835]]],[[[72.265,10.011],[72.236,10.015],[72.242,10.051],[72.33,10.139],[72.342,10.097],[72.323,10.056],[72.265,10.011]]],[[[72.179,11.491],[72.147,11.503],[72.137,11.543],[72.173,11.607],[72.195,11.591],[72.197,11.499],[72.179,11.491]]],[[[72.096,11.192],[72.078,11.132],[72.055,11.121],[72.001,11.194],[72.067,11.193],[72.102,11.222],[72.096,11.192]]],[[[71.901,12.285],[71.891,12.288],[71.882,12.342],[71.88,12.395],[71.893,12.403],[71.927,12.375],[71.92,12.316],[71.901,12.285]]],[[[73.063,8.329],[73.085,8.328],[73.07,8.283],[73.045,8.26],[73.01,8.27],[73.01,8.303],[73.063,8.329]]],[[[73.646,10.053],[73.621,10.076],[73.62,10.103],[73.661,10.155],[73.646,10.053]]],[[[72.647,10.578],[72.652,10.562],[72.617,10.539],[72.631,10.577],[72.647,10.578]]],[[[73.67,10.817],[73.704,10.811],[73.669,10.8],[73.658,10.813],[73.67,10.817]]],[[[72.17,10.809],[72.207,10.878],[72.17,10.809]]],[[[72.791,11.259],[72.762,11.181],[72.791,11.259]]],[[[73.009,11.467],[73.002,11.498],[73.009,11.467]]],[[[72.719,11.695],[72.709,11.679],[72.7,11.684],[72.709,11.701],[72.719,11.695]]],[[[72.722,11.112],[72.717,11.123],[72.734,11.136],[72.722,11.112]]],[[[72.291,10.945],[72.286,10.934],[72.291,10.945]]],[[[72.327,10.949],[72.315,10.942],[72.327,10.949]]],[[[72.534,10.78],[72.534,10.78]]],[[[72.334,10.951],[72.334,10.951]]],[[[72.335,10.955],[72.335,10.955]]],[[[72.335,10.954],[72.335,10.954]]]]}},{"type":"Feature","properties":{"ST_NM":"Madhya Pradesh"},"geometry":{"type":"MultiPolygon","coordinates":[[[[74.179,22.391],[74.159,22.413],[74.169,22.419],[74.179,22.391]]],[[[80.488,25.056],[80.478,25.067],[80.485,25.074],[80.488,25.056]]],[[[78.373,26.863],[78.398,26.819],[78.434,26.826],[78.459,26.792],[78.524,26.779],[78.574,26.752],[78.611,26.75],[78.637,26.77],[78.668,26.763],[78.686,26.787],[78.724,26.794],[78.732,26.774],[78.75,26.787],[78.775,26.759],[78.82,26.76],[78.874,26.699],[78.913,26.708],[78.957,26.691],[78.947,26.657],[79.002,26.679],[79.01,26.668],[78.996,26.638],[79.014,26.605],[78.987,26.587],[78.988,26.568],[79,26.577],[79.015,26.552],[79.004,26.548],[79.029,26.546],[79.059,26.495],[79.07,26.498],[79.057,26.45],[79.089,26.438],[79.101,26.452],[79.135,26.439],[79.126,26.412],[79.095,26.412],[79.099,26.374],[79.085,26.357],[79.142,26.339],[79.136,26.326],[79.124,26.33],[79.135,26.31],[79.106,26.309],[79.092,26.292],[79.092,26.267],[79.076,26.282],[79.045,26.261],[79.067,26.248],[79.065,26.227],[79.035,26.228],[79.019,26.246],[78.992,26.235],[79.022,26.222],[79.029,26.204],[79.021,26.191],[79,26.198],[78.984,26.187],[79.012,26.167],[79.009,26.149],[78.969,26.149],[78.951,26.134],[79.012,26.089],[79.011,26.076],[78.952,26.031],[78.951,25.985],[78.932,25.975],[78.937,25.944],[78.884,25.91],[78.895,25.894],[78.891,25.865],[78.871,25.869],[78.854,25.855],[78.854,25.833],[78.874,25.829],[78.87,25.794],[78.857,25.791],[78.849,25.815],[78.819,25.825],[78.808,25.808],[78.83,25.81],[78.828,25.794],[78.807,25.794],[78.783,25.756],[78.754,25.744],[78.76,25.722],[78.799,25.705],[78.819,25.669],[78.813,25.619],[78.684,25.589],[78.656,25.56],[78.613,25.584],[78.589,25.559],[78.499,25.577],[78.462,25.547],[78.437,25.559],[78.416,25.528],[78.428,25.472],[78.401,25.466],[78.384,25.443],[78.356,25.451],[78.337,25.396],[78.302,25.37],[78.338,25.332],[78.315,25.306],[78.352,25.293],[78.369,25.26],[78.361,25.241],[78.405,25.213],[78.392,25.19],[78.424,25.168],[78.451,25.168],[78.449,25.152],[78.425,25.148],[78.45,25.124],[78.402,25.125],[78.334,25.084],[78.345,25.022],[78.337,24.999],[78.206,24.891],[78.172,24.877],[78.17,24.852],[78.215,24.808],[78.232,24.772],[78.227,24.743],[78.275,24.662],[78.263,24.644],[78.276,24.611],[78.265,24.554],[78.23,24.537],[78.226,24.518],[78.246,24.505],[78.246,24.485],[78.276,24.472],[78.266,24.455],[78.273,24.443],[78.367,24.381],[78.331,24.33],[78.386,24.271],[78.409,24.271],[78.441,24.293],[78.446,24.321],[78.474,24.335],[78.482,24.363],[78.512,24.389],[78.559,24.356],[78.585,24.353],[78.608,24.314],[78.629,24.305],[78.628,24.282],[78.661,24.269],[78.675,24.241],[78.705,24.23],[78.739,24.25],[78.752,24.235],[78.767,24.254],[78.766,24.232],[78.798,24.176],[78.812,24.18],[78.82,24.206],[78.831,24.197],[78.885,24.219],[78.886,24.25],[78.918,24.272],[78.914,24.297],[78.974,24.349],[78.995,24.424],[78.989,24.443],[78.951,24.439],[78.915,24.462],[78.908,24.484],[78.924,24.498],[78.937,24.48],[78.973,24.493],[78.951,24.505],[78.951,24.552],[78.92,24.577],[78.889,24.635],[78.873,24.641],[78.863,24.618],[78.846,24.624],[78.838,24.604],[78.784,24.589],[78.756,24.6],[78.747,24.655],[78.78,24.702],[78.771,24.79],[78.787,24.81],[78.771,24.857],[78.675,24.898],[78.661,24.939],[78.647,24.935],[78.649,24.948],[78.629,24.96],[78.649,25.057],[78.627,25.087],[78.604,25.093],[78.601,25.152],[78.569,25.222],[78.576,25.254],[78.528,25.283],[78.512,25.276],[78.504,25.289],[78.461,25.265],[78.434,25.284],[78.448,25.299],[78.474,25.288],[78.499,25.319],[78.507,25.299],[78.532,25.301],[78.549,25.321],[78.532,25.358],[78.563,25.343],[78.583,25.347],[78.585,25.372],[78.564,25.379],[78.568,25.391],[78.596,25.387],[78.611,25.412],[78.636,25.401],[78.641,25.433],[78.66,25.439],[78.682,25.433],[78.693,25.443],[78.709,25.424],[78.676,25.399],[78.664,25.415],[78.665,25.383],[78.716,25.374],[78.717,25.349],[78.772,25.353],[78.76,25.385],[78.767,25.397],[78.749,25.393],[78.75,25.408],[78.82,25.425],[78.797,25.437],[78.762,25.429],[78.732,25.458],[78.739,25.495],[78.764,25.471],[78.797,25.478],[78.837,25.461],[78.853,25.449],[78.821,25.441],[78.842,25.427],[78.865,25.462],[78.836,25.505],[78.884,25.519],[78.877,25.546],[78.893,25.556],[78.918,25.554],[78.924,25.536],[78.933,25.555],[78.949,25.546],[78.946,25.522],[78.924,25.516],[78.943,25.475],[78.911,25.442],[78.937,25.423],[78.95,25.437],[78.968,25.434],[78.986,25.371],[78.936,25.347],[78.9,25.37],[78.939,25.372],[78.957,25.395],[78.882,25.383],[78.845,25.347],[78.851,25.327],[78.822,25.306],[78.794,25.305],[78.798,25.288],[78.819,25.295],[78.813,25.266],[78.849,25.224],[78.88,25.283],[78.864,25.312],[78.886,25.342],[78.926,25.341],[78.939,25.327],[78.963,25.343],[78.96,25.307],[78.977,25.28],[78.955,25.279],[78.954,25.259],[78.923,25.271],[78.899,25.24],[78.879,25.246],[78.874,25.228],[78.89,25.206],[78.875,25.185],[78.884,25.157],[78.932,25.206],[78.956,25.215],[79.003,25.191],[79.002,25.229],[78.979,25.24],[78.994,25.27],[79.012,25.272],[79.022,25.266],[79.02,25.243],[79.037,25.244],[79.034,25.23],[79.064,25.221],[79.032,25.182],[79.043,25.169],[79.029,25.138],[79.05,25.133],[79.092,25.188],[79.098,25.171],[79.128,25.159],[79.115,25.139],[79.132,25.125],[79.122,25.113],[79.132,25.107],[79.187,25.113],[79.174,25.138],[79.192,25.146],[79.214,25.109],[79.246,25.112],[79.251,25.136],[79.221,25.144],[79.253,25.157],[79.267,25.148],[79.266,25.119],[79.284,25.115],[79.322,25.147],[79.286,25.193],[79.281,25.243],[79.318,25.215],[79.333,25.218],[79.34,25.196],[79.355,25.209],[79.337,25.225],[79.349,25.226],[79.348,25.268],[79.318,25.257],[79.295,25.285],[79.279,25.262],[79.264,25.275],[79.275,25.314],[79.312,25.335],[79.354,25.328],[79.338,25.289],[79.357,25.284],[79.366,25.259],[79.375,25.289],[79.41,25.274],[79.409,25.258],[79.423,25.254],[79.465,25.279],[79.499,25.264],[79.467,25.265],[79.435,25.22],[79.45,25.208],[79.44,25.198],[79.417,25.204],[79.391,25.166],[79.401,25.111],[79.417,25.111],[79.422,25.133],[79.434,25.134],[79.444,25.103],[79.476,25.13],[79.468,25.092],[79.497,25.078],[79.525,25.097],[79.521,25.121],[79.573,25.173],[79.597,25.143],[79.611,25.15],[79.606,25.127],[79.628,25.138],[79.674,25.123],[79.753,25.139],[79.857,25.092],[79.855,25.129],[79.88,25.146],[79.868,25.152],[79.86,25.199],[79.871,25.215],[79.855,25.236],[79.91,25.252],[79.921,25.229],[79.951,25.267],[80.005,25.264],[79.999,25.279],[80.021,25.297],[80.029,25.339],[80.07,25.337],[80.091,25.351],[80.131,25.334],[80.167,25.373],[80.196,25.379],[80.202,25.412],[80.22,25.399],[80.253,25.4],[80.264,25.424],[80.282,25.421],[80.319,25.383],[80.312,25.284],[80.349,25.274],[80.386,25.233],[80.407,25.239],[80.432,25.17],[80.359,25.141],[80.356,25.126],[80.377,25.111],[80.35,25.089],[80.353,25.054],[80.311,25.043],[80.29,25.056],[80.275,25.026],[80.322,24.999],[80.367,25.022],[80.381,25.004],[80.394,25.007],[80.374,25.054],[80.402,25.068],[80.413,25.057],[80.418,25.073],[80.433,25.067],[80.449,25.078],[80.478,25.041],[80.502,25.038],[80.493,25.03],[80.454,25.041],[80.434,25.027],[80.466,25],[80.46,24.983],[80.481,24.976],[80.501,25.003],[80.521,25.009],[80.55,25.003],[80.548,25.032],[80.502,25.041],[80.508,25.085],[80.483,25.098],[80.518,25.097],[80.552,25.064],[80.571,25.087],[80.615,25.068],[80.596,25.105],[80.61,25.119],[80.598,25.131],[80.603,25.151],[80.614,25.131],[80.633,25.134],[80.641,25.119],[80.61,25.1],[80.63,25.085],[80.643,25.094],[80.664,25.07],[80.676,25.083],[80.687,25.078],[80.682,25.05],[80.735,25.068],[80.784,25.058],[80.784,25.08],[80.733,25.094],[80.734,25.119],[80.708,25.133],[80.731,25.145],[80.744,25.131],[80.808,25.142],[80.836,25.106],[80.851,25.167],[80.843,25.186],[80.886,25.192],[80.913,25.156],[80.897,25.137],[80.884,25.141],[80.873,25.12],[80.879,25.067],[80.835,25.035],[80.856,24.994],[80.827,24.97],[80.798,24.968],[80.81,24.941],[80.843,24.931],[80.893,24.945],[80.911,24.936],[80.905,24.953],[80.945,24.969],[80.963,24.922],[80.98,24.936],[80.989,24.926],[81.008,24.937],[81.025,24.929],[81.018,24.951],[81.027,24.941],[81.035,24.951],[81.085,24.949],[81.098,24.921],[81.141,24.889],[81.148,24.913],[81.161,24.913],[81.17,24.955],[81.207,24.931],[81.193,24.926],[81.221,24.931],[81.208,24.963],[81.221,24.978],[81.21,24.992],[81.27,25.065],[81.254,25.102],[81.283,25.15],[81.278,25.164],[81.315,25.162],[81.325,25.112],[81.321,25.16],[81.338,25.169],[81.358,25.164],[81.373,25.134],[81.397,25.121],[81.439,25.13],[81.447,25.107],[81.409,25.104],[81.492,25.072],[81.516,25.103],[81.49,25.114],[81.481,25.134],[81.498,25.131],[81.504,25.149],[81.533,25.14],[81.538,25.16],[81.516,25.173],[81.518,25.184],[81.575,25.192],[81.596,25.18],[81.59,25.165],[81.618,25.17],[81.626,25.161],[81.626,25.143],[81.603,25.135],[81.599,25.12],[81.611,25.114],[81.61,25.097],[81.625,25.119],[81.64,25.1],[81.602,25.076],[81.613,25.057],[81.63,25.054],[81.667,25.076],[81.69,25.041],[81.714,25.035],[81.725,25.05],[81.741,25.046],[81.798,25.007],[81.838,25.016],[81.894,24.99],[81.898,25.01],[81.907,25.007],[81.92,24.928],[81.905,24.89],[81.937,24.87],[81.935,24.858],[81.965,24.829],[82.013,24.848],[82.09,24.819],[82.12,24.79],[82.14,24.802],[82.168,24.79],[82.204,24.822],[82.187,24.802],[82.217,24.795],[82.218,24.779],[82.198,24.78],[82.204,24.761],[82.181,24.737],[82.211,24.738],[82.222,24.726],[82.222,24.742],[82.208,24.75],[82.231,24.749],[82.229,24.765],[82.247,24.752],[82.252,24.773],[82.251,24.699],[82.237,24.688],[82.238,24.667],[82.256,24.673],[82.261,24.664],[82.272,24.684],[82.305,24.668],[82.302,24.611],[82.343,24.621],[82.362,24.602],[82.417,24.596],[82.41,24.682],[82.428,24.703],[82.453,24.694],[82.457,24.676],[82.527,24.676],[82.537,24.65],[82.674,24.698],[82.704,24.674],[82.703,24.642],[82.771,24.644],[82.768,24.598],[82.804,24.598],[82.809,24.551],[82.754,24.54],[82.749,24.553],[82.721,24.554],[82.724,24.511],[82.745,24.498],[82.732,24.475],[82.741,24.431],[82.728,24.428],[82.715,24.384],[82.726,24.37],[82.769,24.371],[82.772,24.291],[82.758,24.235],[82.735,24.222],[82.744,24.167],[82.728,24.138],[82.679,24.157],[82.665,24.133],[82.716,24.079],[82.774,24.077],[82.75,24.02],[82.76,24.007],[82.805,24.004],[82.816,23.962],[82.762,23.935],[82.756,23.921],[82.71,23.924],[82.664,23.907],[82.654,23.888],[82.668,23.869],[82.637,23.838],[82.594,23.822],[82.535,23.823],[82.552,23.793],[82.501,23.784],[82.471,23.81],[82.336,23.802],[82.263,23.821],[82.237,23.805],[82.207,23.83],[82.212,23.852],[82.181,23.838],[82.173,23.819],[82.053,23.819],[82.039,23.83],[82.043,23.841],[82.008,23.861],[81.958,23.851],[81.924,23.871],[81.902,23.842],[81.819,23.808],[81.78,23.812],[81.727,23.839],[81.731,23.857],[81.71,23.861],[81.705,23.884],[81.69,23.888],[81.669,23.924],[81.618,23.905],[81.605,23.887],[81.623,23.871],[81.605,23.86],[81.615,23.834],[81.636,23.832],[81.65,23.803],[81.647,23.769],[81.682,23.752],[81.695,23.721],[81.681,23.692],[81.657,23.682],[81.654,23.661],[81.621,23.659],[81.61,23.598],[81.577,23.587],[81.585,23.553],[81.613,23.549],[81.615,23.505],[81.639,23.49],[81.655,23.501],[81.662,23.53],[81.701,23.522],[81.744,23.566],[81.764,23.551],[81.809,23.546],[81.82,23.516],[81.835,23.51],[81.924,23.531],[81.957,23.496],[81.955,23.47],[81.979,23.446],[81.986,23.41],[82.024,23.422],[82.022,23.387],[82.053,23.377],[82.064,23.393],[82.106,23.397],[82.118,23.355],[82.145,23.361],[82.166,23.332],[82.193,23.325],[82.194,23.277],[82.15,23.227],[82.145,23.164],[82.161,23.157],[82.159,23.141],[82.123,23.103],[82.075,23.116],[82.036,23.081],[81.945,23.076],[81.926,23.04],[81.945,23.009],[81.948,22.957],[81.867,22.914],[81.864,22.89],[81.777,22.873],[81.768,22.834],[81.792,22.766],[81.754,22.726],[81.77,22.663],[81.748,22.648],[81.73,22.676],[81.714,22.649],[81.686,22.649],[81.664,22.632],[81.649,22.607],[81.656,22.569],[81.631,22.564],[81.623,22.539],[81.57,22.551],[81.564,22.532],[81.526,22.54],[81.487,22.493],[81.445,22.494],[81.455,22.467],[81.432,22.479],[81.426,22.454],[81.404,22.441],[81.386,22.505],[81.33,22.524],[81.311,22.481],[81.283,22.499],[81.248,22.459],[81.226,22.451],[81.201,22.462],[81.2,22.482],[81.187,22.49],[81.155,22.455],[81.117,22.441],[81.108,22.383],[81.123,22.344],[81.121,22.294],[81.092,22.246],[81.027,22.229],[81.023,22.132],[80.979,22.121],[81.011,22.097],[81.011,22.07],[80.986,22.048],[80.97,22.058],[80.973,22.082],[80.958,22.113],[80.913,22.114],[80.853,21.961],[80.825,21.957],[80.844,21.936],[80.831,21.889],[80.848,21.856],[80.818,21.748],[80.79,21.74],[80.769,21.758],[80.747,21.757],[80.725,21.712],[80.732,21.698],[80.714,21.664],[80.729,21.617],[80.716,21.585],[80.726,21.574],[80.72,21.556],[80.738,21.539],[80.729,21.496],[80.737,21.473],[80.704,21.428],[80.699,21.389],[80.67,21.338],[80.625,21.32],[80.6,21.325],[80.526,21.39],[80.481,21.4],[80.455,21.403],[80.447,21.372],[80.411,21.376],[80.396,21.408],[80.418,21.438],[80.382,21.491],[80.376,21.523],[80.336,21.544],[80.327,21.573],[80.302,21.575],[80.267,21.62],[80.227,21.619],[80.195,21.634],[80.157,21.607],[80.125,21.609],[80.07,21.554],[80.035,21.557],[80,21.534],[79.973,21.557],[79.937,21.555],[79.922,21.524],[79.863,21.53],[79.798,21.581],[79.739,21.602],[79.664,21.577],[79.654,21.556],[79.543,21.543],[79.544,21.568],[79.512,21.589],[79.504,21.611],[79.519,21.626],[79.495,21.673],[79.422,21.69],[79.401,21.674],[79.355,21.678],[79.291,21.693],[79.271,21.714],[79.234,21.723],[79.226,21.65],[79.154,21.659],[79.147,21.638],[79.105,21.618],[79.11,21.608],[79.094,21.598],[79.015,21.6],[79,21.617],[78.919,21.591],[78.917,21.57],[78.934,21.563],[78.91,21.554],[78.946,21.512],[78.937,21.486],[78.901,21.499],[78.891,21.484],[78.857,21.494],[78.798,21.489],[78.777,21.466],[78.752,21.493],[78.744,21.472],[78.725,21.463],[78.689,21.481],[78.59,21.485],[78.572,21.514],[78.514,21.527],[78.488,21.506],[78.435,21.5],[78.418,21.576],[78.427,21.6],[78.384,21.617],[78.366,21.577],[78.342,21.589],[78.309,21.57],[78.305,21.583],[78.267,21.592],[78.26,21.583],[78.274,21.569],[78.22,21.552],[78.185,21.557],[78.174,21.497],[78.068,21.437],[77.984,21.401],[77.945,21.397],[77.943,21.385],[77.886,21.376],[77.803,21.41],[77.797,21.389],[77.754,21.384],[77.738,21.363],[77.709,21.357],[77.697,21.395],[77.671,21.37],[77.655,21.391],[77.605,21.392],[77.608,21.365],[77.588,21.363],[77.566,21.371],[77.562,21.396],[77.531,21.419],[77.514,21.375],[77.49,21.376],[77.473,21.455],[77.442,21.471],[77.42,21.531],[77.461,21.554],[77.508,21.552],[77.581,21.527],[77.611,21.541],[77.575,21.56],[77.575,21.625],[77.546,21.699],[77.479,21.755],[77.479,21.769],[77.404,21.754],[77.289,21.76],[77.28,21.757],[77.286,21.722],[77.228,21.715],[77.225,21.698],[77.21,21.692],[77.187,21.702],[77.191,21.72],[77.174,21.725],[77.161,21.711],[77.124,21.723],[77.075,21.72],[77,21.679],[76.903,21.598],[76.854,21.613],[76.836,21.591],[76.798,21.595],[76.782,21.56],[76.788,21.533],[76.765,21.52],[76.794,21.488],[76.786,21.464],[76.745,21.441],[76.734,21.407],[76.626,21.333],[76.663,21.28],[76.66,21.246],[76.644,21.246],[76.625,21.191],[76.561,21.204],[76.531,21.187],[76.492,21.196],[76.454,21.113],[76.413,21.105],[76.411,21.092],[76.377,21.075],[76.283,21.073],[76.263,21.093],[76.173,21.083],[76.17,21.102],[76.136,21.124],[76.14,21.138],[76.114,21.163],[76.128,21.176],[76.167,21.169],[76.173,21.186],[76.165,21.222],[76.145,21.236],[76.16,21.257],[76.13,21.295],[76.099,21.372],[76.053,21.35],[75.985,21.375],[75.969,21.392],[75.888,21.397],[75.833,21.381],[75.733,21.391],[75.673,21.378],[75.629,21.379],[75.608,21.393],[75.546,21.37],[75.524,21.385],[75.467,21.392],[75.383,21.383],[75.36,21.401],[75.3,21.387],[75.3,21.413],[75.218,21.409],[75.113,21.457],[75.056,21.563],[74.916,21.611],[74.898,21.629],[74.862,21.632],[74.828,21.608],[74.789,21.608],[74.698,21.628],[74.661,21.651],[74.587,21.662],[74.581,21.683],[74.553,21.682],[74.55,21.716],[74.508,21.723],[74.515,21.76],[74.5,21.805],[74.524,21.907],[74.49,21.953],[74.445,21.969],[74.433,21.998],[74.451,22],[74.443,22.025],[74.385,22.018],[74.353,21.978],[74.298,21.966],[74.287,21.934],[74.193,21.924],[74.142,21.952],[74.15,21.985],[74.101,21.997],[74.093,22.014],[74.141,22.042],[74.134,22.052],[74.159,22.059],[74.163,22.081],[74.177,22.085],[74.151,22.104],[74.126,22.096],[74.131,22.16],[74.119,22.211],[74.072,22.22],[74.07,22.233],[74.087,22.242],[74.054,22.292],[74.068,22.359],[74.108,22.37],[74.13,22.331],[74.187,22.32],[74.203,22.366],[74.223,22.357],[74.222,22.376],[74.242,22.376],[74.255,22.398],[74.291,22.392],[74.243,22.435],[74.201,22.435],[74.201,22.465],[74.187,22.476],[74.183,22.442],[74.157,22.43],[74.153,22.455],[74.141,22.455],[74.119,22.419],[74.101,22.432],[74.1,22.466],[74.074,22.464],[74.076,22.484],[74.087,22.481],[74.081,22.507],[74.055,22.509],[74.033,22.49],[74.038,22.535],[74.074,22.55],[74.15,22.516],[74.155,22.532],[74.192,22.555],[74.187,22.565],[74.21,22.565],[74.262,22.643],[74.378,22.636],[74.4,22.729],[74.437,22.783],[74.437,22.807],[74.463,22.813],[74.477,22.856],[74.449,22.922],[74.416,22.916],[74.398,22.897],[74.363,22.927],[74.339,22.962],[74.368,22.978],[74.32,23.06],[74.353,23.074],[74.389,23.11],[74.465,23.083],[74.51,23.086],[74.541,23.104],[74.544,23.13],[74.606,23.142],[74.668,23.199],[74.714,23.192],[74.745,23.209],[74.745,23.23],[74.723,23.217],[74.694,23.22],[74.721,23.24],[74.7,23.269],[74.672,23.272],[74.645,23.257],[74.57,23.298],[74.552,23.28],[74.532,23.32],[74.517,23.326],[74.537,23.331],[74.544,23.361],[74.569,23.375],[74.573,23.42],[74.597,23.427],[74.612,23.459],[74.654,23.462],[74.7,23.501],[74.733,23.498],[74.784,23.545],[74.802,23.531],[74.851,23.554],[74.906,23.62],[74.94,23.627],[74.907,23.68],[74.941,23.732],[74.938,23.774],[74.928,23.795],[74.91,23.798],[74.916,23.843],[74.905,23.865],[74.921,23.933],[74.964,23.97],[74.993,24.026],[74.96,24.107],[74.937,24.121],[74.928,24.154],[74.901,24.171],[74.882,24.21],[74.908,24.238],[74.89,24.264],[74.87,24.278],[74.844,24.267],[74.773,24.269],[74.753,24.28],[74.784,24.314],[74.787,24.369],[74.815,24.408],[74.826,24.405],[74.859,24.464],[74.819,24.459],[74.818,24.488],[74.78,24.48],[74.712,24.508],[74.758,24.554],[74.749,24.594],[74.791,24.608],[74.784,24.634],[74.818,24.669],[74.814,24.683],[74.79,24.676],[74.776,24.685],[74.791,24.724],[74.781,24.74],[74.804,24.752],[74.8,24.792],[74.811,24.793],[74.851,24.695],[74.857,24.702],[74.894,24.652],[74.898,24.662],[74.904,24.653],[74.944,24.657],[74.963,24.676],[74.963,24.698],[75.001,24.705],[74.995,24.749],[75.022,24.749],[75.023,24.769],[75.009,24.793],[74.918,24.784],[74.879,24.81],[74.86,24.81],[74.85,24.789],[74.839,24.805],[74.859,24.815],[74.857,24.85],[74.825,24.912],[74.834,24.964],[74.855,24.971],[74.869,24.934],[74.881,24.946],[74.902,24.936],[74.914,24.925],[74.908,24.904],[74.931,24.885],[74.952,24.89],[74.946,24.875],[75.014,24.871],[75.045,24.856],[75.058,24.878],[75.121,24.885],[75.117,24.958],[75.122,24.972],[75.166,24.988],[75.161,25.042],[75.176,25.05],[75.203,25.031],[75.348,25.039],[75.354,25.021],[75.321,25.003],[75.34,24.959],[75.32,24.903],[75.314,24.896],[75.305,24.939],[75.278,24.973],[75.269,24.958],[75.295,24.919],[75.269,24.911],[75.264,24.886],[75.313,24.866],[75.328,24.883],[75.374,24.874],[75.427,24.889],[75.419,24.86],[75.308,24.81],[75.281,24.85],[75.229,24.855],[75.252,24.892],[75.243,24.899],[75.225,24.886],[75.21,24.906],[75.203,24.881],[75.23,24.844],[75.254,24.833],[75.249,24.818],[75.208,24.806],[75.187,24.764],[75.219,24.719],[75.226,24.732],[75.269,24.729],[75.454,24.689],[75.584,24.719],[75.616,24.684],[75.662,24.698],[75.683,24.724],[75.763,24.761],[75.789,24.761],[75.842,24.726],[75.83,24.667],[75.847,24.665],[75.852,24.649],[75.831,24.609],[75.841,24.592],[75.866,24.609],[75.887,24.578],[75.92,24.567],[75.91,24.546],[75.928,24.529],[75.912,24.511],[75.895,24.517],[75.894,24.505],[75.915,24.488],[75.912,24.452],[75.85,24.415],[75.815,24.433],[75.818,24.461],[75.794,24.471],[75.786,24.448],[75.751,24.424],[75.758,24.405],[75.729,24.401],[75.732,24.386],[75.741,24.391],[75.74,24.344],[75.767,24.307],[75.8,24.31],[75.814,24.299],[75.815,24.253],[75.829,24.242],[75.776,24.217],[75.746,24.136],[75.778,24.135],[75.792,24.106],[75.805,24.114],[75.814,24.099],[75.838,24.107],[75.836,24.071],[75.782,24.058],[75.764,23.994],[75.702,23.965],[75.698,23.987],[75.686,23.989],[75.688,24.014],[75.671,24.03],[75.643,24.015],[75.636,23.996],[75.585,23.988],[75.57,23.997],[75.569,24.019],[75.544,24.022],[75.516,24.045],[75.491,23.997],[75.466,23.977],[75.458,23.917],[75.559,23.859],[75.578,23.838],[75.557,23.822],[75.585,23.812],[75.584,23.797],[75.653,23.798],[75.686,23.757],[75.7,23.784],[75.689,23.815],[75.72,23.815],[75.717,23.842],[75.731,23.854],[75.7,23.873],[75.704,23.9],[75.752,23.886],[75.763,23.853],[75.779,23.85],[75.796,23.87],[75.855,23.89],[75.881,23.881],[75.934,23.898],[75.978,23.929],[75.983,23.97],[75.963,23.993],[75.963,24.021],[76.005,24.031],[76.05,24.072],[76.137,24.091],[76.124,24.192],[76.155,24.231],[76.146,24.281],[76.172,24.292],[76.189,24.327],[76.209,24.307],[76.198,24.281],[76.219,24.213],[76.251,24.224],[76.286,24.211],[76.297,24.236],[76.338,24.25],[76.418,24.203],[76.427,24.223],[76.457,24.212],[76.473,24.227],[76.509,24.201],[76.521,24.162],[76.535,24.159],[76.583,24.176],[76.569,24.196],[76.601,24.226],[76.592,24.245],[76.618,24.238],[76.62,24.258],[76.683,24.266],[76.697,24.281],[76.706,24.244],[76.678,24.189],[76.705,24.167],[76.725,24.157],[76.759,24.168],[76.805,24.116],[76.86,24.135],[76.904,24.127],[76.92,24.184],[76.937,24.182],[76.949,24.202],[76.874,24.272],[76.844,24.334],[76.841,24.356],[76.857,24.37],[76.84,24.412],[76.855,24.433],[76.842,24.446],[76.856,24.465],[76.818,24.528],[76.85,24.546],[76.871,24.545],[76.884,24.521],[76.904,24.543],[76.917,24.539],[76.919,24.483],[76.97,24.456],[77.006,24.473],[77.037,24.524],[77.055,24.522],[77.069,24.565],[77.064,24.638],[77.031,24.706],[76.977,24.727],[76.957,24.761],[76.908,24.741],[76.852,24.746],[76.851,24.765],[76.806,24.815],[76.836,24.835],[76.931,24.845],[76.954,24.868],[76.919,24.883],[76.926,24.912],[76.896,24.915],[76.898,24.931],[76.872,24.961],[76.873,24.997],[76.859,25.005],[76.879,25.008],[76.887,25.029],[76.974,25.051],[76.989,25.073],[77.082,25.053],[77.12,25.064],[77.146,25.091],[77.163,25.083],[77.175,25.109],[77.268,25.114],[77.308,25.079],[77.392,25.117],[77.404,25.108],[77.393,25.128],[77.396,25.183],[77.424,25.188],[77.412,25.221],[77.369,25.245],[77.355,25.267],[77.378,25.289],[77.375,25.32],[77.342,25.32],[77.362,25.363],[77.35,25.383],[77.367,25.408],[77.36,25.419],[77.301,25.427],[77.226,25.368],[77.221,25.319],[77.204,25.325],[77.211,25.306],[77.159,25.308],[77.121,25.33],[77.081,25.335],[77.069,25.319],[77.045,25.32],[77.03,25.296],[76.964,25.292],[76.947,25.27],[76.898,25.317],[76.848,25.326],[76.775,25.307],[76.607,25.384],[76.594,25.427],[76.568,25.439],[76.565,25.468],[76.525,25.525],[76.52,25.629],[76.505,25.643],[76.516,25.668],[76.483,25.69],[76.488,25.713],[76.536,25.729],[76.535,25.793],[76.598,25.869],[76.632,25.866],[76.647,25.901],[76.662,25.906],[76.739,25.897],[76.768,25.917],[76.759,25.935],[76.812,25.948],[76.846,26.006],[76.836,26.024],[76.877,26.051],[76.901,26.093],[76.935,26.097],[76.992,26.127],[77.041,26.177],[77.098,26.186],[77.131,26.233],[77.21,26.232],[77.297,26.29],[77.342,26.352],[77.373,26.366],[77.44,26.359],[77.441,26.404],[77.53,26.409],[77.559,26.435],[77.616,26.454],[77.675,26.503],[77.722,26.499],[77.752,26.54],[77.821,26.549],[77.832,26.567],[77.828,26.594],[77.887,26.615],[77.902,26.656],[77.956,26.659],[78,26.697],[78.094,26.677],[78.097,26.732],[78.124,26.749],[78.104,26.766],[78.114,26.795],[78.184,26.786],[78.176,26.826],[78.225,26.832],[78.264,26.814],[78.291,26.858],[78.373,26.863]],[[81.198,23.289],[81.203,23.279],[81.199,23.287],[81.198,23.289]],[[80.457,25.004],[80.438,25],[80.457,25.004]],[[79.4,25.031],[79.426,25.052],[79.392,25.083],[79.381,25.121],[79.367,25.127],[79.376,25.141],[79.364,25.142],[79.352,25.119],[79.381,25.099],[79.382,25.065],[79.351,25.061],[79.362,25.055],[79.359,25.04],[79.376,25.05],[79.4,25.031]],[[79.371,25.181],[79.363,25.187],[79.357,25.174],[79.369,25.17],[79.371,25.181]]]]}},{"type":"Feature","properties":{"ST_NM":"Maharashtra"},"geometry":{"type":"MultiPolygon","coordinates":[[[[73.463,16.037],[73.456,16.048],[73.463,16.037]]],[[[73.387,16.616],[73.387,16.616]]],[[[72.73,19.464],[72.734,19.452],[72.73,19.464]]],[[[74.448,22.007],[74.433,22],[74.445,21.969],[74.49,21.953],[74.524,21.907],[74.5,21.805],[74.515,21.76],[74.508,21.723],[74.55,21.716],[74.553,21.682],[74.581,21.683],[74.587,21.662],[74.661,21.651],[74.698,21.628],[74.789,21.608],[74.828,21.608],[74.862,21.632],[74.898,21.629],[74.916,21.611],[75.056,21.563],[75.121,21.451],[75.218,21.409],[75.3,21.413],[75.3,21.387],[75.36,21.401],[75.383,21.383],[75.467,21.392],[75.524,21.385],[75.547,21.37],[75.608,21.393],[75.629,21.379],[75.673,21.378],[75.733,21.391],[75.833,21.381],[75.876,21.396],[75.96,21.394],[76.053,21.35],[76.099,21.372],[76.13,21.295],[76.16,21.257],[76.145,21.236],[76.165,21.222],[76.173,21.186],[76.167,21.169],[76.115,21.168],[76.14,21.138],[76.136,21.124],[76.17,21.102],[76.169,21.084],[76.263,21.093],[76.283,21.073],[76.377,21.075],[76.411,21.092],[76.413,21.105],[76.454,21.113],[76.492,21.196],[76.531,21.187],[76.561,21.204],[76.625,21.191],[76.644,21.246],[76.66,21.246],[76.663,21.28],[76.626,21.333],[76.734,21.407],[76.745,21.441],[76.786,21.464],[76.794,21.488],[76.765,21.52],[76.788,21.533],[76.782,21.56],[76.798,21.595],[76.836,21.591],[76.854,21.613],[76.903,21.598],[77,21.679],[77.075,21.72],[77.124,21.723],[77.161,21.711],[77.174,21.725],[77.191,21.72],[77.187,21.702],[77.21,21.692],[77.225,21.698],[77.228,21.715],[77.286,21.722],[77.28,21.757],[77.289,21.76],[77.404,21.754],[77.481,21.768],[77.479,21.755],[77.546,21.699],[77.575,21.625],[77.575,21.56],[77.611,21.541],[77.581,21.527],[77.508,21.552],[77.461,21.554],[77.423,21.536],[77.442,21.471],[77.473,21.455],[77.49,21.376],[77.514,21.375],[77.531,21.419],[77.562,21.396],[77.566,21.371],[77.588,21.363],[77.608,21.365],[77.605,21.392],[77.655,21.391],[77.671,21.37],[77.697,21.395],[77.709,21.357],[77.742,21.365],[77.754,21.384],[77.794,21.387],[77.803,21.41],[77.886,21.376],[77.943,21.385],[77.945,21.397],[77.984,21.401],[78.068,21.437],[78.174,21.497],[78.185,21.557],[78.22,21.552],[78.274,21.569],[78.26,21.583],[78.267,21.592],[78.305,21.583],[78.309,21.57],[78.342,21.589],[78.366,21.577],[78.384,21.617],[78.427,21.6],[78.418,21.576],[78.435,21.5],[78.488,21.506],[78.514,21.527],[78.572,21.514],[78.59,21.485],[78.689,21.481],[78.725,21.463],[78.744,21.472],[78.752,21.493],[78.777,21.466],[78.79,21.488],[78.857,21.494],[78.891,21.484],[78.901,21.499],[78.937,21.486],[78.946,21.512],[78.91,21.554],[78.934,21.563],[78.917,21.57],[78.919,21.591],[79,21.617],[79.015,21.6],[79.094,21.598],[79.11,21.608],[79.105,21.618],[79.147,21.638],[79.154,21.659],[79.226,21.65],[79.234,21.723],[79.271,21.714],[79.291,21.693],[79.355,21.678],[79.401,21.674],[79.422,21.69],[79.495,21.673],[79.519,21.626],[79.504,21.611],[79.512,21.589],[79.544,21.568],[79.543,21.543],[79.654,21.556],[79.664,21.577],[79.739,21.602],[79.798,21.581],[79.863,21.53],[79.922,21.524],[79.937,21.555],[79.973,21.557],[80,21.534],[80.035,21.557],[80.07,21.554],[80.125,21.609],[80.157,21.607],[80.195,21.634],[80.227,21.619],[80.267,21.62],[80.302,21.575],[80.327,21.573],[80.336,21.544],[80.376,21.523],[80.382,21.491],[80.418,21.438],[80.396,21.408],[80.411,21.376],[80.447,21.372],[80.455,21.403],[80.523,21.391],[80.6,21.325],[80.659,21.332],[80.681,21.31],[80.644,21.253],[80.612,21.229],[80.557,21.202],[80.528,21.204],[80.514,21.183],[80.464,21.173],[80.445,21.122],[80.456,21.113],[80.44,21.098],[80.454,21.037],[80.431,21.01],[80.462,20.933],[80.549,20.935],[80.563,20.821],[80.552,20.767],[80.587,20.685],[80.514,20.656],[80.488,20.619],[80.507,20.588],[80.526,20.586],[80.574,20.614],[80.629,20.606],[80.602,20.448],[80.61,20.435],[80.593,20.403],[80.625,20.336],[80.612,20.322],[80.549,20.309],[80.518,20.272],[80.472,20.274],[80.39,20.244],[80.421,20.192],[80.401,20.184],[80.391,20.161],[80.401,20.146],[80.447,20.131],[80.458,20.147],[80.505,20.141],[80.547,20.112],[80.542,20.088],[80.553,20.068],[80.54,20.007],[80.553,19.99],[80.527,19.934],[80.487,19.93],[80.451,19.955],[80.413,19.935],[80.41,19.912],[80.451,19.896],[80.49,19.902],[80.505,19.872],[80.439,19.813],[80.405,19.819],[80.402,19.797],[80.459,19.796],[80.485,19.775],[80.487,19.798],[80.467,19.814],[80.476,19.827],[80.515,19.833],[80.55,19.822],[80.547,19.778],[80.589,19.741],[80.673,19.696],[80.664,19.616],[80.728,19.612],[80.792,19.564],[80.835,19.566],[80.848,19.537],[80.893,19.513],[80.899,19.47],[80.875,19.447],[80.795,19.431],[80.823,19.383],[80.852,19.365],[80.785,19.323],[80.757,19.291],[80.696,19.288],[80.692,19.324],[80.679,19.33],[80.617,19.311],[80.575,19.405],[80.521,19.352],[80.483,19.339],[80.453,19.274],[80.386,19.236],[80.394,19.193],[80.332,19.145],[80.339,19.105],[80.327,19.073],[80.296,19.05],[80.301,19.026],[80.275,18.991],[80.272,18.939],[80.343,18.86],[80.354,18.815],[80.301,18.795],[80.284,18.769],[80.249,18.764],[80.275,18.722],[80.254,18.706],[80.215,18.705],[80.196,18.68],[80.178,18.682],[80.165,18.7],[80.123,18.68],[80.053,18.725],[80.016,18.773],[79.939,18.788],[79.901,18.835],[79.932,18.841],[79.946,18.863],[79.94,19.033],[79.923,19.051],[79.866,19.038],[79.865,19.107],[79.948,19.168],[79.927,19.23],[79.969,19.301],[79.964,19.338],[79.98,19.404],[79.952,19.462],[79.918,19.495],[79.885,19.503],[79.835,19.54],[79.823,19.571],[79.792,19.596],[79.747,19.605],[79.712,19.584],[79.646,19.577],[79.622,19.561],[79.598,19.504],[79.559,19.522],[79.549,19.551],[79.521,19.544],[79.52,19.52],[79.477,19.5],[79.447,19.536],[79.408,19.542],[79.375,19.573],[79.32,19.567],[79.311,19.592],[79.25,19.614],[79.244,19.601],[79.256,19.579],[79.243,19.529],[79.214,19.501],[79.229,19.47],[79.184,19.463],[79.146,19.503],[79.111,19.514],[79.109,19.53],[79.069,19.533],[79.057,19.547],[79.024,19.542],[78.998,19.564],[78.96,19.553],[78.986,19.587],[78.968,19.619],[78.975,19.651],[78.96,19.665],[78.921,19.669],[78.864,19.658],[78.869,19.698],[78.85,19.76],[78.813,19.759],[78.79,19.78],[78.748,19.781],[78.722,19.768],[78.701,19.791],[78.609,19.818],[78.524,19.821],[78.509,19.793],[78.499,19.794],[78.481,19.817],[78.402,19.837],[78.389,19.88],[78.341,19.884],[78.328,19.895],[78.34,19.91],[78.315,19.913],[78.299,19.85],[78.344,19.84],[78.341,19.819],[78.365,19.806],[78.372,19.782],[78.35,19.714],[78.321,19.691],[78.29,19.69],[78.274,19.664],[78.292,19.655],[78.316,19.605],[78.316,19.573],[78.284,19.559],[78.315,19.487],[78.314,19.457],[78.278,19.455],[78.257,19.431],[78.229,19.435],[78.203,19.408],[78.187,19.413],[78.184,19.354],[78.202,19.333],[78.191,19.251],[78.175,19.237],[78.154,19.231],[78.087,19.256],[78.055,19.243],[78.05,19.272],[77.953,19.342],[77.865,19.303],[77.866,19.285],[77.91,19.268],[77.904,19.257],[77.871,19.256],[77.85,19.198],[77.862,19.182],[77.835,19.137],[77.852,19.091],[77.832,19.086],[77.819,19.105],[77.806,19.103],[77.801,19.052],[77.765,19.063],[77.761,19.03],[77.771,18.983],[77.821,18.984],[77.817,18.951],[77.858,18.954],[77.844,18.913],[77.886,18.91],[77.903,18.869],[77.948,18.844],[77.947,18.824],[77.912,18.831],[77.841,18.809],[77.79,18.686],[77.761,18.709],[77.732,18.666],[77.752,18.607],[77.74,18.556],[77.661,18.529],[77.649,18.538],[77.652,18.554],[77.601,18.549],[77.605,18.524],[77.59,18.505],[77.606,18.493],[77.605,18.476],[77.58,18.485],[77.574,18.468],[77.55,18.467],[77.589,18.447],[77.564,18.437],[77.538,18.444],[77.529,18.429],[77.559,18.42],[77.553,18.389],[77.523,18.351],[77.574,18.31],[77.554,18.293],[77.513,18.309],[77.514,18.28],[77.469,18.262],[77.44,18.284],[77.44,18.308],[77.411,18.301],[77.362,18.312],[77.402,18.349],[77.395,18.368],[77.413,18.39],[77.373,18.402],[77.373,18.449],[77.357,18.45],[77.345,18.432],[77.329,18.457],[77.243,18.41],[77.236,18.388],[77.248,18.372],[77.234,18.367],[77.213,18.315],[77.198,18.314],[77.209,18.279],[77.173,18.282],[77.15,18.239],[77.153,18.218],[77.098,18.197],[77.119,18.169],[77.111,18.154],[77.06,18.154],[77.035,18.185],[77.024,18.18],[77.026,18.164],[77,18.168],[76.99,18.19],[76.956,18.186],[76.946,18.156],[76.927,18.146],[76.924,18.122],[76.971,18.099],[76.949,18.075],[76.957,18.041],[76.92,18.035],[76.919,17.917],[76.902,17.916],[76.883,17.895],[76.856,17.9],[76.835,17.884],[76.81,17.885],[76.805,17.87],[76.776,17.879],[76.768,17.9],[76.742,17.9],[76.739,17.859],[76.768,17.852],[76.79,17.828],[76.765,17.789],[76.717,17.784],[76.729,17.739],[76.7,17.728],[76.69,17.68],[76.665,17.69],[76.616,17.77],[76.595,17.719],[76.575,17.704],[76.566,17.755],[76.575,17.762],[76.527,17.761],[76.525,17.717],[76.487,17.715],[76.49,17.662],[76.43,17.646],[76.417,17.606],[76.332,17.596],[76.341,17.544],[76.362,17.538],[76.367,17.524],[76.344,17.51],[76.344,17.496],[76.376,17.495],[76.332,17.471],[76.334,17.434],[76.374,17.436],[76.363,17.377],[76.409,17.371],[76.412,17.35],[76.383,17.314],[76.353,17.313],[76.344,17.352],[76.314,17.345],[76.318,17.331],[76.276,17.332],[76.271,17.358],[76.251,17.36],[76.245,17.376],[76.176,17.354],[76.176,17.299],[76.164,17.302],[76.163,17.343],[76.121,17.368],[76.096,17.36],[76.079,17.332],[76.054,17.356],[75.931,17.326],[75.893,17.355],[75.887,17.419],[75.861,17.387],[75.855,17.409],[75.824,17.424],[75.814,17.375],[75.79,17.374],[75.769,17.408],[75.736,17.423],[75.714,17.41],[75.69,17.414],[75.676,17.459],[75.634,17.479],[75.609,17.421],[75.614,17.393],[75.577,17.384],[75.583,17.351],[75.612,17.344],[75.604,17.305],[75.631,17.274],[75.659,17.263],[75.663,17.215],[75.629,17.188],[75.627,17.172],[75.652,17.115],[75.673,17.115],[75.677,17.065],[75.653,17.057],[75.642,17.038],[75.671,17.037],[75.673,16.962],[75.644,16.953],[75.635,16.968],[75.609,16.971],[75.608,17.005],[75.574,17.01],[75.569,16.965],[75.528,16.968],[75.491,16.945],[75.488,16.967],[75.466,16.987],[75.429,16.965],[75.392,16.978],[75.343,16.954],[75.282,16.955],[75.283,16.88],[75.266,16.863],[75.238,16.865],[75.227,16.843],[75.213,16.842],[75.18,16.844],[75.187,16.875],[75.169,16.866],[75.138,16.875],[75.119,16.909],[75.095,16.915],[75.091,16.949],[75.028,16.927],[75.027,16.943],[75,16.947],[74.982,16.93],[74.934,16.942],[74.923,16.927],[74.963,16.907],[74.96,16.879],[74.945,16.882],[74.908,16.857],[74.92,16.772],[74.851,16.772],[74.796,16.747],[74.774,16.75],[74.732,16.717],[74.693,16.717],[74.682,16.681],[74.691,16.677],[74.667,16.665],[74.655,16.639],[74.689,16.617],[74.685,16.606],[74.638,16.608],[74.631,16.577],[74.619,16.584],[74.612,16.57],[74.569,16.554],[74.554,16.561],[74.56,16.592],[74.544,16.594],[74.546,16.635],[74.492,16.628],[74.471,16.662],[74.457,16.646],[74.467,16.606],[74.397,16.58],[74.384,16.53],[74.356,16.54],[74.359,16.559],[74.34,16.548],[74.317,16.553],[74.317,16.508],[74.308,16.504],[74.3,16.531],[74.283,16.524],[74.278,16.545],[74.265,16.54],[74.279,16.505],[74.246,16.497],[74.262,16.478],[74.293,16.504],[74.29,16.461],[74.332,16.454],[74.336,16.402],[74.363,16.396],[74.355,16.366],[74.337,16.392],[74.319,16.381],[74.328,16.342],[74.317,16.342],[74.316,16.327],[74.331,16.325],[74.326,16.313],[74.342,16.293],[74.325,16.288],[74.327,16.27],[74.354,16.281],[74.347,16.294],[74.384,16.292],[74.385,16.277],[74.415,16.282],[74.416,16.259],[74.467,16.24],[74.478,16.249],[74.508,16.203],[74.48,16.149],[74.491,16.114],[74.483,16.089],[74.429,16.113],[74.391,16.08],[74.373,16.079],[74.362,16.055],[74.376,16.056],[74.372,16.039],[74.384,16.037],[74.43,16.059],[74.465,16.043],[74.429,15.953],[74.386,15.903],[74.406,15.855],[74.382,15.859],[74.368,15.894],[74.338,15.854],[74.383,15.846],[74.36,15.818],[74.37,15.803],[74.359,15.776],[74.341,15.765],[74.323,15.773],[74.286,15.741],[74.267,15.755],[74.243,15.743],[74.228,15.756],[74.234,15.783],[74.221,15.788],[74.197,15.756],[74.161,15.751],[74.123,15.72],[74.132,15.688],[74.089,15.673],[74.115,15.647],[74.032,15.623],[74.02,15.607],[73.968,15.631],[73.963,15.689],[73.949,15.699],[73.937,15.744],[73.874,15.751],[73.878,15.772],[73.857,15.8],[73.824,15.74],[73.777,15.725],[73.749,15.735],[73.728,15.719],[73.676,15.728],[73.659,15.749],[73.689,15.755],[73.666,15.765],[73.633,15.851],[73.618,15.853],[73.59,15.91],[73.508,15.943],[73.509,15.962],[73.488,15.975],[73.487,16.038],[73.459,16.057],[73.474,16.096],[73.472,16.159],[73.461,16.11],[73.442,16.196],[73.386,16.335],[73.391,16.356],[73.421,16.365],[73.382,16.358],[73.372,16.383],[73.47,16.415],[73.411,16.411],[73.37,16.394],[73.314,16.533],[73.346,16.568],[73.322,16.589],[73.324,16.603],[73.355,16.591],[73.343,16.61],[73.368,16.625],[73.379,16.594],[73.403,16.586],[73.385,16.599],[73.399,16.615],[73.392,16.627],[73.37,16.636],[73.344,16.616],[73.335,16.619],[73.342,16.631],[73.324,16.636],[73.327,16.675],[73.345,16.691],[73.323,16.691],[73.304,16.743],[73.318,16.797],[73.293,16.834],[73.293,16.883],[73.315,16.888],[73.282,16.893],[73.285,16.948],[73.295,16.975],[73.329,16.95],[73.334,16.968],[73.32,16.962],[73.313,16.98],[73.273,16.985],[73.283,17.011],[73.275,17.023],[73.26,17.019],[73.258,17.047],[73.279,17.039],[73.292,17.071],[73.312,17.077],[73.293,17.08],[73.271,17.114],[73.277,17.156],[73.239,17.194],[73.249,17.22],[73.22,17.275],[73.208,17.274],[73.19,17.299],[73.232,17.298],[73.246,17.317],[73.225,17.324],[73.226,17.356],[73.206,17.387],[73.18,17.387],[73.168,17.406],[73.188,17.411],[73.19,17.432],[73.204,17.439],[73.189,17.446],[73.183,17.51],[73.141,17.557],[73.16,17.591],[73.145,17.604],[73.117,17.69],[73.138,17.719],[73.093,17.834],[73.13,17.831],[73.092,17.839],[73.079,17.896],[73.056,17.893],[73.055,17.918],[73.034,17.936],[73.028,17.987],[73.007,18.016],[73.047,18.044],[73.036,18.048],[73.018,18.03],[73.009,18.049],[72.992,18.05],[73.002,18.074],[72.971,18.129],[72.985,18.142],[72.978,18.195],[72.95,18.219],[72.932,18.214],[72.942,18.236],[72.932,18.279],[72.963,18.316],[72.913,18.359],[72.927,18.381],[72.911,18.394],[72.892,18.459],[72.91,18.501],[72.904,18.536],[72.933,18.534],[72.866,18.623],[72.852,18.699],[72.865,18.804],[72.808,18.896],[72.822,18.943],[72.813,18.952],[72.787,18.941],[72.82,19.019],[72.827,19.112],[72.807,19.137],[72.784,19.125],[72.78,19.154],[72.795,19.183],[72.779,19.216],[72.784,19.3],[72.8,19.33],[72.755,19.378],[72.749,19.486],[72.73,19.5],[72.713,19.54],[72.721,19.617],[72.699,19.641],[72.695,19.668],[72.714,19.693],[72.696,19.717],[72.676,19.714],[72.671,19.762],[72.687,19.774],[72.686,19.793],[72.713,19.802],[72.723,19.819],[72.682,19.805],[72.665,19.822],[72.655,19.812],[72.644,19.869],[72.656,19.86],[72.673,19.873],[72.65,19.942],[72.708,19.968],[72.735,19.91],[72.75,19.912],[72.754,19.882],[72.773,19.897],[72.762,19.929],[72.769,19.946],[72.753,19.954],[72.769,19.959],[72.762,19.979],[72.72,19.979],[72.715,20.02],[72.725,20.036],[72.712,20.037],[72.704,20.081],[72.729,20.137],[72.79,20.126],[72.798,20.153],[72.824,20.145],[72.822,20.184],[72.838,20.19],[72.839,20.209],[72.861,20.209],[72.863,20.226],[72.96,20.213],[72.976,20.172],[72.962,20.131],[72.983,20.114],[73,20.141],[73,20.111],[73.042,20.068],[73.05,20.099],[73.107,20.079],[73.127,20.086],[73.171,20.052],[73.189,20.062],[73.223,20.141],[73.228,20.128],[73.25,20.125],[73.284,20.154],[73.285,20.194],[73.302,20.207],[73.344,20.198],[73.359,20.213],[73.365,20.193],[73.367,20.205],[73.386,20.209],[73.389,20.196],[73.418,20.201],[73.414,20.274],[73.428,20.282],[73.406,20.381],[73.383,20.373],[73.383,20.39],[73.421,20.414],[73.441,20.466],[73.468,20.495],[73.464,20.514],[73.493,20.54],[73.474,20.543],[73.473,20.583],[73.429,20.597],[73.393,20.649],[73.432,20.665],[73.451,20.714],[73.475,20.717],[73.49,20.653],[73.531,20.673],[73.555,20.647],[73.584,20.645],[73.615,20.625],[73.629,20.579],[73.663,20.562],[73.694,20.578],[73.741,20.567],[73.78,20.602],[73.831,20.615],[73.839,20.666],[73.819,20.673],[73.816,20.693],[73.857,20.693],[73.879,20.729],[73.915,20.723],[73.943,20.741],[73.932,20.76],[73.939,20.839],[73.925,20.847],[73.917,20.907],[73.89,20.932],[73.896,20.961],[73.909,20.964],[73.9,20.982],[73.847,20.998],[73.796,21.045],[73.811,21.056],[73.811,21.084],[73.792,21.067],[73.764,21.067],[73.734,21.084],[73.746,21.113],[73.732,21.1],[73.704,21.118],[73.687,21.1],[73.653,21.108],[73.646,21.122],[73.622,21.119],[73.622,21.141],[73.582,21.153],[73.581,21.167],[73.606,21.175],[73.613,21.157],[73.63,21.152],[73.629,21.132],[73.674,21.151],[73.73,21.137],[73.741,21.151],[73.735,21.166],[73.781,21.165],[73.79,21.181],[73.816,21.171],[73.83,21.194],[73.815,21.194],[73.812,21.213],[73.83,21.241],[73.826,21.266],[73.886,21.261],[73.943,21.296],[73.947,21.401],[73.963,21.391],[74.01,21.417],[74.042,21.417],[74.062,21.481],[74.073,21.456],[74.102,21.447],[74.122,21.462],[74.146,21.452],[74.181,21.466],[74.218,21.457],[74.223,21.478],[74.245,21.461],[74.3,21.477],[74.324,21.496],[74.331,21.539],[74.311,21.542],[74.306,21.566],[74.266,21.534],[74.234,21.549],[74.202,21.528],[74.179,21.56],[74.146,21.549],[74.062,21.558],[73.978,21.541],[73.98,21.52],[73.961,21.538],[73.952,21.515],[73.905,21.519],[73.855,21.495],[73.819,21.597],[73.782,21.624],[73.88,21.644],[73.893,21.666],[73.891,21.699],[73.826,21.762],[73.839,21.789],[73.805,21.822],[73.822,21.834],[73.874,21.837],[74.042,21.921],[74.134,21.952],[74.193,21.924],[74.282,21.933],[74.298,21.966],[74.353,21.978],[74.393,22.022],[74.432,22.029],[74.448,22.007]],[[77.292,18.476],[77.275,18.475],[77.268,18.453],[77.294,18.458],[77.301,18.477],[77.292,18.476]],[[74.266,15.8],[74.287,15.788],[74.309,15.799],[74.29,15.831],[74.26,15.827],[74.266,15.8]]]]}},{"type":"Feature","properties":{"ST_NM":"Manipur"},"geometry":{"type":"Polygon","coordinates":[[[94.576,25.642],[94.594,25.638],[94.554,25.58],[94.563,25.562],[94.556,25.507],[94.631,25.459],[94.681,25.453],[94.675,25.414],[94.643,25.395],[94.6,25.292],[94.584,25.209],[94.607,25.184],[94.629,25.184],[94.744,25.13],[94.746,25.042],[94.733,25.006],[94.701,24.971],[94.717,24.935],[94.636,24.835],[94.622,24.789],[94.631,24.758],[94.608,24.715],[94.589,24.704],[94.579,24.724],[94.574,24.705],[94.549,24.71],[94.548,24.668],[94.529,24.626],[94.496,24.586],[94.463,24.569],[94.427,24.487],[94.401,24.481],[94.409,24.463],[94.398,24.456],[94.401,24.415],[94.363,24.393],[94.384,24.378],[94.349,24.336],[94.324,24.333],[94.325,24.286],[94.311,24.248],[94.293,24.234],[94.281,24.174],[94.26,24.162],[94.257,24.083],[94.244,24.056],[94.23,24.061],[94.243,24.038],[94.192,23.959],[94.193,23.932],[94.168,23.929],[94.159,23.847],[94.137,23.85],[94.12,23.837],[94.093,23.888],[94.054,23.892],[94.019,23.926],[93.967,23.928],[93.951,23.945],[93.905,23.952],[93.864,23.933],[93.806,23.928],[93.755,24.005],[93.738,23.994],[93.619,24.01],[93.619,23.987],[93.601,23.965],[93.578,23.966],[93.562,23.985],[93.553,23.961],[93.513,23.943],[93.467,23.97],[93.465,23.995],[93.423,24.068],[93.365,24.089],[93.35,24.109],[93.352,24.094],[93.332,24.086],[93.336,24.05],[93.287,24.048],[93.254,24.02],[93.265,24.057],[93.247,24.082],[93.225,24.083],[93.215,24.046],[93.168,24.051],[93.168,24.068],[93.147,24.085],[93.1,24.042],[93.101,24.071],[93.078,24.1],[93.052,24.087],[92.975,24.112],[93.004,24.157],[93.002,24.194],[93.021,24.207],[93.026,24.229],[93.006,24.251],[93.007,24.277],[93.042,24.34],[93.021,24.344],[93.023,24.387],[93,24.4],[93.038,24.408],[93.031,24.426],[93.048,24.472],[93.035,24.494],[93.052,24.516],[93.052,24.541],[93.072,24.558],[93.06,24.572],[93.086,24.568],[93.106,24.58],[93.075,24.593],[93.086,24.608],[93.079,24.623],[93.089,24.624],[93.084,24.644],[93.104,24.672],[93.091,24.674],[93.075,24.707],[93.088,24.706],[93.107,24.739],[93.098,24.741],[93.109,24.806],[93.122,24.816],[93.121,24.805],[93.136,24.808],[93.152,24.786],[93.197,24.808],[93.197,24.853],[93.233,24.881],[93.238,24.911],[93.253,24.915],[93.248,24.937],[93.239,24.935],[93.254,24.939],[93.249,24.952],[93.262,24.948],[93.251,24.978],[93.263,25.001],[93.246,25],[93.248,25.015],[93.268,25.046],[93.304,25.044],[93.312,25.074],[93.335,25.092],[93.353,25.178],[93.403,25.259],[93.474,25.305],[93.476,25.275],[93.51,25.272],[93.505,25.24],[93.554,25.246],[93.59,25.216],[93.592,25.2],[93.607,25.198],[93.672,25.307],[93.671,25.324],[93.687,25.327],[93.692,25.357],[93.717,25.357],[93.808,25.461],[93.804,25.495],[93.765,25.495],[93.77,25.536],[93.819,25.54],[93.836,25.559],[93.862,25.553],[93.9,25.564],[93.965,25.552],[93.98,25.566],[94.01,25.566],[94.014,25.591],[94.069,25.554],[94.085,25.555],[94.091,25.528],[94.138,25.519],[94.159,25.55],[94.194,25.547],[94.19,25.525],[94.214,25.495],[94.286,25.506],[94.308,25.488],[94.419,25.537],[94.429,25.587],[94.473,25.616],[94.507,25.613],[94.572,25.692],[94.596,25.681],[94.576,25.642]]]}},{"type":"Feature","properties":{"ST_NM":"Meghalaya"},"geometry":{"type":"Polygon","coordinates":[[[91.856,26.104],[91.878,26.096],[91.872,26.056],[91.886,26.029],[91.919,26.02],[91.924,25.998],[91.993,26.04],[92.055,26.031],[92.095,26.047],[92.135,26.044],[92.18,26.078],[92.183,26.067],[92.243,26.061],[92.304,26.075],[92.211,25.988],[92.169,25.966],[92.158,25.943],[92.166,25.91],[92.199,25.916],[92.227,25.905],[92.183,25.87],[92.183,25.85],[92.155,25.811],[92.167,25.733],[92.151,25.713],[92.162,25.67],[92.173,25.665],[92.231,25.714],[92.272,25.709],[92.335,25.723],[92.387,25.752],[92.388,25.741],[92.435,25.729],[92.443,25.719],[92.429,25.708],[92.433,25.689],[92.467,25.68],[92.503,25.621],[92.559,25.61],[92.573,25.558],[92.604,25.555],[92.659,25.587],[92.646,25.535],[92.576,25.488],[92.568,25.465],[92.599,25.469],[92.61,25.414],[92.63,25.432],[92.642,25.417],[92.655,25.433],[92.661,25.408],[92.674,25.415],[92.719,25.372],[92.738,25.379],[92.761,25.333],[92.785,25.33],[92.793,25.283],[92.765,25.247],[92.804,25.215],[92.667,25.175],[92.622,25.115],[92.525,25.138],[92.543,25.097],[92.485,25.106],[92.46,25.052],[92.464,25.035],[92.425,25.03],[92.348,25.05],[92.336,25.082],[92.3,25.071],[92.232,25.097],[92.212,25.111],[92.228,25.118],[92.191,25.135],[92.193,25.122],[92.179,25.123],[92.078,25.186],[92.014,25.189],[91.986,25.171],[91.95,25.183],[91.75,25.171],[91.747,25.148],[91.714,25.158],[91.697,25.14],[91.645,25.124],[91.622,25.146],[91.604,25.146],[91.611,25.172],[91.489,25.134],[91.417,25.172],[91.336,25.174],[91.268,25.206],[91.138,25.192],[91.084,25.201],[90.872,25.159],[90.822,25.163],[90.783,25.183],[90.735,25.154],[90.678,25.167],[90.658,25.193],[90.639,25.173],[90.513,25.168],[90.447,25.143],[90.38,25.161],[90.335,25.191],[90.304,25.187],[90.162,25.223],[90.115,25.224],[89.995,25.279],[89.975,25.3],[89.911,25.307],[89.877,25.287],[89.838,25.295],[89.843,25.318],[89.823,25.347],[89.819,25.388],[89.856,25.477],[89.879,25.492],[89.871,25.54],[89.89,25.558],[89.977,25.575],[89.983,25.591],[90.006,25.584],[90.022,25.608],[89.951,25.659],[89.941,25.687],[89.898,25.727],[89.9,25.744],[89.938,25.745],[89.959,25.775],[89.949,25.825],[90.006,25.842],[90.026,25.866],[90.009,25.879],[90.025,25.893],[90.046,25.891],[90.123,25.961],[90.158,25.965],[90.187,25.944],[90.213,25.961],[90.328,25.974],[90.369,26.01],[90.4,26.014],[90.432,25.989],[90.481,26.015],[90.538,25.958],[90.516,25.896],[90.575,25.939],[90.586,25.96],[90.633,25.937],[90.611,25.919],[90.618,25.899],[90.69,25.95],[90.751,25.957],[90.744,25.941],[90.756,25.934],[90.744,25.915],[90.762,25.921],[90.772,25.908],[90.813,25.952],[90.84,25.938],[90.886,25.951],[90.922,25.913],[90.919,25.943],[90.946,25.947],[90.964,25.927],[90.971,25.887],[91.032,25.887],[91.009,25.82],[91.052,25.848],[91.082,25.852],[91.053,25.828],[91.066,25.82],[91.156,25.849],[91.182,25.842],[91.199,25.858],[91.205,25.84],[91.183,25.776],[91.195,25.729],[91.227,25.723],[91.258,25.747],[91.278,25.746],[91.336,25.838],[91.422,25.854],[91.447,25.84],[91.528,25.872],[91.532,25.889],[91.51,25.866],[91.477,25.87],[91.486,25.89],[91.506,25.891],[91.511,25.909],[91.534,25.923],[91.539,25.933],[91.508,25.912],[91.504,25.92],[91.522,25.94],[91.521,25.957],[91.554,25.974],[91.579,26.032],[91.6,26.016],[91.635,26.021],[91.627,25.985],[91.64,25.964],[91.633,25.944],[91.614,25.939],[91.672,25.904],[91.723,25.953],[91.734,26.058],[91.781,26.09],[91.793,26.086],[91.822,26.118],[91.856,26.104]]]}},{"type":"Feature","properties":{"ST_NM":"Mizoram"},"geometry":{"type":"Polygon","coordinates":[[[92.8,24.416],[92.831,24.398],[92.832,24.374],[92.862,24.397],[92.904,24.391],[92.911,24.41],[92.935,24.393],[92.979,24.407],[93.023,24.387],[93.021,24.344],[93.042,24.34],[93.01,24.285],[93.006,24.251],[93.026,24.229],[93.016,24.197],[93.002,24.194],[93.004,24.157],[92.975,24.112],[93.052,24.087],[93.078,24.1],[93.101,24.071],[93.1,24.042],[93.147,24.085],[93.168,24.068],[93.168,24.051],[93.215,24.046],[93.225,24.083],[93.247,24.082],[93.265,24.057],[93.254,24.02],[93.287,24.048],[93.336,24.05],[93.333,23.983],[93.35,23.974],[93.363,23.942],[93.397,23.926],[93.403,23.758],[93.415,23.708],[93.443,23.678],[93.426,23.649],[93.426,23.534],[93.405,23.504],[93.396,23.439],[93.396,23.407],[93.412,23.384],[93.396,23.36],[93.364,23.351],[93.377,23.329],[93.376,23.252],[93.392,23.22],[93.372,23.146],[93.391,23.135],[93.363,23.113],[93.351,23.061],[93.295,23.002],[93.245,23.006],[93.192,23.057],[93.166,23.046],[93.14,23.057],[93.131,23.044],[93.127,22.998],[93.143,22.985],[93.151,22.927],[93.166,22.916],[93.136,22.91],[93.114,22.813],[93.097,22.807],[93.11,22.741],[93.093,22.708],[93.112,22.636],[93.137,22.615],[93.143,22.583],[93.113,22.552],[93.109,22.529],[93.131,22.517],[93.139,22.46],[93.173,22.448],[93.188,22.424],[93.206,22.258],[93.144,22.238],[93.167,22.197],[93.152,22.175],[93.128,22.176],[93.117,22.196],[93.079,22.206],[93.044,22.195],[93.052,22.163],[93.044,22.136],[93.063,22.099],[93.013,22.103],[92.997,22.048],[93.007,21.982],[92.99,21.979],[92.953,22.028],[92.932,22.018],[92.908,21.944],[92.865,22.063],[92.847,22.06],[92.815,22.094],[92.716,22.151],[92.697,22.147],[92.691,22.076],[92.682,22.104],[92.682,22.016],[92.61,21.979],[92.603,22.057],[92.565,22.128],[92.584,22.144],[92.609,22.127],[92.614,22.169],[92.6,22.181],[92.547,22.524],[92.529,22.568],[92.539,22.585],[92.521,22.701],[92.51,22.735],[92.481,22.751],[92.456,22.817],[92.465,22.847],[92.449,22.893],[92.437,22.888],[92.422,22.917],[92.404,22.913],[92.402,22.928],[92.375,22.934],[92.397,23.055],[92.366,23.109],[92.374,23.126],[92.363,23.138],[92.357,23.234],[92.406,23.238],[92.392,23.307],[92.373,23.329],[92.385,23.36],[92.365,23.375],[92.348,23.435],[92.333,23.43],[92.31,23.59],[92.295,23.597],[92.302,23.624],[92.284,23.626],[92.279,23.643],[92.295,23.694],[92.268,23.724],[92.259,23.813],[92.286,23.815],[92.274,23.847],[92.291,23.87],[92.32,23.864],[92.316,23.882],[92.331,23.91],[92.311,23.959],[92.329,23.988],[92.314,24.033],[92.337,24.145],[92.325,24.203],[92.297,24.225],[92.296,24.25],[92.422,24.251],[92.419,24.192],[92.434,24.179],[92.436,24.15],[92.466,24.133],[92.485,24.16],[92.512,24.16],[92.515,24.173],[92.531,24.175],[92.55,24.244],[92.613,24.253],[92.626,24.332],[92.649,24.326],[92.66,24.343],[92.69,24.352],[92.765,24.518],[92.8,24.416]]]}},{"type":"Feature","properties":{"ST_NM":"Nagaland"},"geometry":{"type":"Polygon","coordinates":[[[95.215,26.931],[95.232,26.92],[95.234,26.885],[95.185,26.859],[95.193,26.845],[95.209,26.845],[95.199,26.834],[95.215,26.792],[95.245,26.781],[95.22,26.754],[95.216,26.729],[95.236,26.706],[95.237,26.68],[95.214,26.649],[95.154,26.613],[95.154,26.574],[95.114,26.542],[95.12,26.523],[95.066,26.45],[95.106,26.423],[95.104,26.395],[95.135,26.381],[95.12,26.232],[95.142,26.207],[95.117,26.162],[95.127,26.13],[95.119,26.103],[95.17,26.09],[95.184,26.073],[95.161,26.024],[95.105,25.961],[95.035,25.928],[95.02,25.902],[95.014,25.865],[95.05,25.798],[95.051,25.755],[95.032,25.734],[95.001,25.726],[94.936,25.662],[94.918,25.604],[94.887,25.586],[94.903,25.56],[94.851,25.556],[94.835,25.544],[94.811,25.489],[94.771,25.475],[94.755,25.485],[94.745,25.472],[94.668,25.449],[94.631,25.459],[94.556,25.507],[94.563,25.562],[94.554,25.58],[94.594,25.638],[94.575,25.639],[94.596,25.681],[94.572,25.692],[94.507,25.613],[94.473,25.616],[94.429,25.587],[94.419,25.537],[94.308,25.488],[94.286,25.506],[94.214,25.495],[94.19,25.525],[94.194,25.547],[94.159,25.55],[94.138,25.519],[94.091,25.528],[94.085,25.555],[94.069,25.554],[94.014,25.591],[94.01,25.566],[93.98,25.566],[93.965,25.552],[93.9,25.564],[93.862,25.553],[93.836,25.559],[93.819,25.54],[93.77,25.536],[93.765,25.495],[93.804,25.495],[93.808,25.461],[93.717,25.357],[93.692,25.357],[93.687,25.327],[93.671,25.324],[93.672,25.307],[93.612,25.202],[93.592,25.2],[93.59,25.216],[93.554,25.246],[93.505,25.24],[93.51,25.272],[93.476,25.275],[93.474,25.305],[93.456,25.321],[93.453,25.344],[93.478,25.376],[93.462,25.431],[93.39,25.465],[93.386,25.49],[93.333,25.545],[93.407,25.593],[93.428,25.628],[93.462,25.63],[93.457,25.637],[93.5,25.653],[93.526,25.696],[93.544,25.698],[93.547,25.731],[93.566,25.737],[93.573,25.757],[93.606,25.764],[93.636,25.81],[93.706,25.845],[93.688,25.905],[93.752,25.932],[93.773,25.962],[93.79,25.948],[93.798,25.905],[93.78,25.842],[93.796,25.81],[93.819,25.822],[93.842,25.858],[93.883,25.841],[93.916,25.883],[93.979,25.915],[93.955,26.003],[93.991,26.068],[93.987,26.084],[94.002,26.107],[93.991,26.129],[94.005,26.137],[94.005,26.169],[94.036,26.199],[94.049,26.246],[94.071,26.256],[94.108,26.322],[94.129,26.319],[94.12,26.329],[94.176,26.34],[94.18,26.35],[94.165,26.356],[94.176,26.367],[94.187,26.456],[94.277,26.554],[94.29,26.56],[94.294,26.476],[94.317,26.458],[94.35,26.488],[94.351,26.504],[94.378,26.508],[94.379,26.52],[94.4,26.528],[94.415,26.578],[94.408,26.61],[94.463,26.631],[94.465,26.663],[94.499,26.669],[94.541,26.705],[94.564,26.702],[94.563,26.686],[94.575,26.686],[94.605,26.712],[94.594,26.721],[94.6,26.733],[94.623,26.714],[94.659,26.72],[94.687,26.727],[94.746,26.777],[94.757,26.767],[94.773,26.79],[94.803,26.801],[94.797,26.813],[94.813,26.819],[94.822,26.849],[94.87,26.91],[94.924,26.945],[94.934,26.933],[94.965,26.935],[94.986,26.913],[95.022,26.92],[95.11,26.961],[95.117,26.978],[95.196,27.037],[95.195,26.984],[95.215,26.964],[95.207,26.957],[95.215,26.931]]]}},{"type":"Feature","properties":{"ST_NM":"NCT of Delhi"},"geometry":{"type":"Polygon","coordinates":[[[77.094,28.869],[77.139,28.86],[77.149,28.836],[77.175,28.855],[77.215,28.858],[77.228,28.83],[77.224,28.808],[77.205,28.81],[77.207,28.79],[77.235,28.782],[77.227,28.776],[77.291,28.725],[77.295,28.707],[77.334,28.71],[77.337,28.68],[77.321,28.639],[77.348,28.612],[77.315,28.589],[77.304,28.561],[77.348,28.503],[77.317,28.485],[77.288,28.493],[77.252,28.479],[77.235,28.459],[77.253,28.428],[77.225,28.41],[77.175,28.403],[77.162,28.423],[77.128,28.437],[77.112,28.465],[77.117,28.489],[77.082,28.515],[77.058,28.51],[77.016,28.538],[77.006,28.532],[77.021,28.519],[77.015,28.509],[76.978,28.522],[76.954,28.508],[76.889,28.504],[76.886,28.523],[76.847,28.552],[76.845,28.586],[76.864,28.587],[76.888,28.633],[76.933,28.624],[76.944,28.632],[76.927,28.652],[76.957,28.672],[76.965,28.7],[76.951,28.712],[76.961,28.731],[76.948,28.755],[76.957,28.769],[76.952,28.816],[76.984,28.821],[76.994,28.834],[77.042,28.832],[77.06,28.868],[77.086,28.879],[77.094,28.869]]]}},{"type":"Feature","properties":{"ST_NM":"Puducherry"},"geometry":{"type":"MultiPolygon","coordinates":[[[[79.765,10.997],[79.789,10.995],[79.794,10.983],[79.819,11.002],[79.852,10.992],[79.849,10.88],[79.836,10.874],[79.849,10.871],[79.849,10.827],[79.829,10.831],[79.829,10.848],[79.811,10.855],[79.81,10.864],[79.826,10.864],[79.807,10.877],[79.826,10.883],[79.784,10.888],[79.79,10.905],[79.769,10.896],[79.765,10.911],[79.76,10.897],[79.76,10.915],[79.744,10.913],[79.721,10.934],[79.738,10.951],[79.721,10.95],[79.721,10.967],[79.763,10.959],[79.747,11],[79.765,10.997]]],[[[75.541,11.696],[75.529,11.705],[75.54,11.709],[75.541,11.696]]],[[[75.545,11.734],[75.558,11.718],[75.528,11.72],[75.541,11.737],[75.536,11.758],[75.546,11.758],[75.545,11.734]]],[[[79.691,11.803],[79.676,11.802],[79.676,11.814],[79.691,11.803]]],[[[79.702,11.82],[79.693,11.813],[79.702,11.82]]],[[[79.739,11.843],[79.764,11.823],[79.808,11.832],[79.795,11.785],[79.762,11.79],[79.755,11.774],[79.713,11.789],[79.737,11.809],[79.729,11.837],[79.739,11.843]]],[[[79.67,11.815],[79.646,11.816],[79.649,11.844],[79.67,11.815]]],[[[79.629,11.882],[79.643,11.886],[79.664,11.86],[79.65,11.849],[79.627,11.852],[79.629,11.867],[79.602,11.857],[79.602,11.883],[79.629,11.882]]],[[[79.689,11.972],[79.676,11.948],[79.655,11.954],[79.663,11.968],[79.689,11.972]]],[[[79.804,12.02],[79.793,12.017],[79.792,12.027],[79.804,12.02]]],[[[79.628,12.03],[79.654,12.024],[79.636,11.992],[79.649,11.96],[79.643,11.945],[79.658,11.948],[79.671,11.934],[79.672,11.915],[79.642,11.901],[79.627,11.902],[79.62,11.924],[79.63,11.948],[79.629,11.968],[79.618,11.97],[79.627,11.975],[79.619,11.987],[79.628,12.03]]],[[[79.705,12.015],[79.725,11.99],[79.75,12.009],[79.765,12],[79.757,11.981],[79.731,11.982],[79.729,11.97],[79.749,11.962],[79.752,11.922],[79.787,11.961],[79.803,11.953],[79.815,11.979],[79.826,11.957],[79.841,11.955],[79.808,11.834],[79.797,11.855],[79.767,11.839],[79.765,11.875],[79.743,11.847],[79.746,11.861],[79.719,11.853],[79.711,11.888],[79.674,11.88],[79.675,11.892],[79.695,11.894],[79.698,11.919],[79.718,11.917],[79.707,11.893],[79.719,11.889],[79.74,11.906],[79.719,11.927],[79.721,11.943],[79.71,11.946],[79.713,11.931],[79.693,11.951],[79.716,11.966],[79.714,11.986],[79.657,11.99],[79.662,12.011],[79.694,12.033],[79.706,12.032],[79.705,12.015]],[[79.771,11.894],[79.784,11.862],[79.798,11.897],[79.774,11.903],[79.771,11.894]]],[[[79.859,12.008],[79.841,12.013],[79.85,12.05],[79.875,12.043],[79.859,12.008]]],[[[82.221,16.739],[82.237,16.728],[82.29,16.734],[82.303,16.754],[82.312,16.734],[82.295,16.709],[82.263,16.701],[82.184,16.736],[82.227,16.763],[82.221,16.739]]]]}},{"type":"Feature","properties":{"ST_NM":"Punjab"},"geometry":{"type":"Polygon","coordinates":[[[75.885,32.488],[75.94,32.439],[75.948,32.416],[75.86,32.379],[75.752,32.273],[75.691,32.264],[75.638,32.235],[75.635,32.185],[75.665,32.179],[75.677,32.164],[75.646,32.119],[75.594,32.081],[75.613,32.066],[75.664,32.077],[75.705,32.061],[75.725,32.035],[75.755,32.034],[75.799,31.994],[75.909,31.949],[75.986,31.813],[75.968,31.823],[75.936,31.816],[75.99,31.694],[76.019,31.661],[76.017,31.645],[76.058,31.601],[76.168,31.412],[76.149,31.36],[76.18,31.339],[76.187,31.304],[76.27,31.312],[76.275,31.303],[76.31,31.317],[76.31,31.34],[76.351,31.35],[76.33,31.4],[76.361,31.403],[76.377,31.439],[76.405,31.395],[76.393,31.389],[76.462,31.303],[76.445,31.28],[76.481,31.307],[76.503,31.271],[76.528,31.28],[76.532,31.259],[76.551,31.281],[76.549,31.252],[76.585,31.277],[76.616,31.248],[76.59,31.223],[76.595,31.213],[76.64,31.224],[76.649,31.21],[76.604,31.18],[76.613,31.148],[76.603,31.125],[76.64,31.107],[76.613,31.05],[76.624,31.001],[76.676,30.968],[76.726,30.96],[76.783,30.903],[76.776,30.89],[76.787,30.867],[76.841,30.829],[76.86,30.789],[76.841,30.76],[76.815,30.759],[76.805,30.766],[76.817,30.774],[76.811,30.781],[76.794,30.77],[76.781,30.791],[76.764,30.793],[76.704,30.756],[76.704,30.743],[76.752,30.685],[76.807,30.665],[76.833,30.682],[76.832,30.657],[76.848,30.652],[76.875,30.675],[76.872,30.637],[76.924,30.602],[76.912,30.584],[76.919,30.554],[76.898,30.536],[76.933,30.514],[76.925,30.49],[76.902,30.48],[76.911,30.464],[76.902,30.437],[76.918,30.4],[76.942,30.396],[76.94,30.384],[76.893,30.355],[76.893,30.382],[76.845,30.43],[76.821,30.408],[76.783,30.414],[76.776,30.436],[76.738,30.416],[76.739,30.401],[76.713,30.39],[76.731,30.373],[76.724,30.361],[76.751,30.356],[76.728,30.329],[76.687,30.322],[76.675,30.296],[76.635,30.287],[76.622,30.267],[76.56,30.261],[76.545,30.223],[76.596,30.253],[76.624,30.227],[76.616,30.211],[76.651,30.202],[76.654,30.185],[76.635,30.166],[76.635,30.145],[76.545,30.079],[76.513,30.073],[76.503,30.093],[76.464,30.097],[76.458,30.133],[76.434,30.155],[76.441,30.176],[76.422,30.199],[76.393,30.18],[76.414,30.154],[76.396,30.142],[76.402,30.124],[76.376,30.124],[76.355,30.15],[76.338,30.146],[76.361,30.124],[76.34,30.106],[76.263,30.115],[76.217,30.156],[76.224,30.132],[76.201,30.133],[76.267,30.101],[76.209,30.033],[76.228,30.025],[76.202,30.013],[76.215,29.94],[76.19,29.943],[76.178,29.925],[76.193,29.92],[76.196,29.885],[76.237,29.881],[76.253,29.865],[76.127,29.793],[76.105,29.808],[76.089,29.802],[76.085,29.778],[76.052,29.745],[76.028,29.753],[75.976,29.728],[75.925,29.735],[75.908,29.752],[75.89,29.744],[75.854,29.773],[75.84,29.809],[75.807,29.804],[75.782,29.822],[75.717,29.806],[75.708,29.752],[75.667,29.773],[75.636,29.77],[75.624,29.744],[75.579,29.74],[75.567,29.763],[75.541,29.77],[75.522,29.757],[75.517,29.771],[75.455,29.805],[75.446,29.796],[75.454,29.784],[75.407,29.759],[75.389,29.709],[75.345,29.691],[75.36,29.657],[75.328,29.668],[75.317,29.63],[75.29,29.608],[75.314,29.586],[75.306,29.566],[75.233,29.544],[75.238,29.556],[75.221,29.58],[75.231,29.604],[75.183,29.628],[75.168,29.661],[75.205,29.686],[75.204,29.723],[75.227,29.728],[75.241,29.75],[75.208,29.794],[75.211,29.828],[75.193,29.837],[75.166,29.818],[75.164,29.779],[75.145,29.778],[75.135,29.804],[75.1,29.805],[75.117,29.825],[75.091,29.848],[75.114,29.871],[75.113,29.895],[75.095,29.913],[75.076,29.877],[75.048,29.88],[75,29.855],[74.98,29.888],[74.953,29.901],[74.926,29.948],[74.895,29.938],[74.904,29.952],[74.892,29.967],[74.86,29.958],[74.811,29.992],[74.786,29.973],[74.734,29.961],[74.701,29.969],[74.691,29.948],[74.65,29.922],[74.649,29.903],[74.595,29.914],[74.534,29.951],[74.476,29.944],[73.9,29.971],[73.89,29.998],[73.904,30.048],[73.976,30.122],[73.968,30.263],[73.916,30.342],[73.885,30.363],[73.972,30.434],[73.97,30.443],[73.931,30.439],[73.94,30.45],[73.935,30.489],[73.948,30.486],[73.959,30.459],[73.991,30.512],[74.02,30.513],[74.013,30.532],[74.05,30.541],[74.056,30.522],[74.075,30.524],[74.093,30.546],[74.078,30.556],[74.103,30.577],[74.102,30.614],[74.12,30.607],[74.129,30.634],[74.152,30.633],[74.198,30.668],[74.233,30.723],[74.287,30.735],[74.264,30.773],[74.309,30.784],[74.297,30.801],[74.327,30.849],[74.363,30.849],[74.385,30.863],[74.364,30.879],[74.373,30.896],[74.427,30.912],[74.413,30.927],[74.428,30.926],[74.425,30.943],[74.469,30.96],[74.46,30.97],[74.493,30.977],[74.507,30.966],[74.55,30.994],[74.544,31.014],[74.566,31.054],[74.592,31.058],[74.606,31.041],[74.668,31.055],[74.707,31.096],[74.689,31.132],[74.663,31.136],[74.643,31.122],[74.634,31.138],[74.604,31.133],[74.613,31.11],[74.605,31.088],[74.559,31.088],[74.556,31.123],[74.517,31.138],[74.513,31.183],[74.535,31.249],[74.524,31.274],[74.545,31.304],[74.53,31.316],[74.553,31.335],[74.554,31.367],[74.588,31.384],[74.603,31.423],[74.631,31.43],[74.652,31.417],[74.656,31.431],[74.642,31.446],[74.655,31.463],[74.633,31.48],[74.639,31.488],[74.579,31.502],[74.588,31.523],[74.617,31.535],[74.619,31.571],[74.557,31.613],[74.537,31.68],[74.486,31.722],[74.507,31.742],[74.566,31.756],[74.557,31.778],[74.569,31.83],[74.594,31.845],[74.613,31.887],[74.644,31.887],[74.674,31.92],[74.723,31.921],[74.721,31.937],[74.754,31.94],[74.762,31.954],[74.815,31.963],[74.821,31.955],[74.835,32.002],[74.859,32.01],[74.855,32.022],[74.879,32.025],[74.876,32.046],[74.913,32.051],[74.929,32.067],[75.013,32.035],[75.072,32.063],[75.107,32.06],[75.131,32.084],[75.159,32.084],[75.177,32.068],[75.2,32.084],[75.21,32.117],[75.24,32.091],[75.265,32.1],[75.287,32.128],[75.283,32.143],[75.322,32.175],[75.314,32.196],[75.331,32.218],[75.365,32.22],[75.378,32.234],[75.372,32.252],[75.382,32.269],[75.327,32.297],[75.341,32.344],[75.43,32.325],[75.489,32.34],[75.483,32.318],[75.506,32.31],[75.516,32.276],[75.545,32.349],[75.608,32.382],[75.714,32.409],[75.762,32.476],[75.82,32.487],[75.889,32.576],[75.867,32.521],[75.885,32.488]]]}},{"type":"Feature","properties":{"ST_NM":"Rajasthan"},"geometry":{"type":"Polygon","coordinates":[[[73.898,29.979],[74.529,29.943],[74.515,29.907],[74.543,29.902],[74.563,29.865],[74.542,29.839],[74.49,29.815],[74.475,29.787],[74.478,29.758],[74.481,29.744],[74.521,29.74],[74.581,29.753],[74.596,29.768],[74.615,29.752],[74.576,29.563],[74.623,29.526],[74.588,29.458],[74.552,29.466],[74.538,29.449],[74.54,29.424],[74.566,29.418],[74.605,29.361],[74.604,29.327],[74.65,29.33],[74.659,29.371],[74.765,29.355],[74.785,29.359],[74.818,29.397],[74.85,29.402],[74.936,29.363],[74.96,29.324],[74.949,29.303],[74.962,29.28],[75,29.27],[75.033,29.289],[75.049,29.285],[75.072,29.237],[75.087,29.23],[75.117,29.224],[75.123,29.241],[75.157,29.243],[75.189,29.266],[75.204,29.242],[75.233,29.232],[75.244,29.249],[75.281,29.252],[75.289,29.274],[75.329,29.291],[75.324,29.233],[75.355,29.223],[75.367,29.252],[75.405,29.259],[75.409,29.237],[75.395,29.218],[75.41,29.186],[75.404,29.171],[75.378,29.167],[75.37,29.14],[75.405,29.126],[75.39,29.108],[75.39,29.067],[75.439,29.062],[75.45,29.038],[75.444,29.014],[75.52,29.008],[75.525,28.972],[75.506,28.938],[75.478,28.935],[75.476,28.923],[75.497,28.895],[75.497,28.856],[75.522,28.833],[75.507,28.784],[75.537,28.747],[75.548,28.645],[75.564,28.611],[75.626,28.599],[75.637,28.542],[75.672,28.532],[75.672,28.517],[75.698,28.495],[75.745,28.483],[75.743,28.469],[75.787,28.454],[75.793,28.435],[75.774,28.417],[75.779,28.404],[75.811,28.41],[75.843,28.394],[75.898,28.39],[75.931,28.365],[75.936,28.341],[75.965,28.334],[75.963,28.314],[75.976,28.32],[75.995,28.292],[76.027,28.277],[76.019,28.237],[76.061,28.22],[76.053,28.199],[76.074,28.195],[76.101,28.151],[76.096,28.139],[76.073,28.14],[76.075,28.163],[76.036,28.168],[76.008,28.152],[75.999,28.124],[75.944,28.089],[75.99,28.076],[75.996,28.066],[75.982,28.053],[75.992,28.046],[76.024,28.084],[76.044,28.07],[76.013,28.05],[76.018,28.032],[75.978,28.027],[75.998,28.006],[75.964,27.997],[75.963,27.984],[75.995,27.98],[75.971,27.933],[75.946,27.947],[75.931,27.929],[75.936,27.912],[75.985,27.905],[75.971,27.86],[76.057,27.843],[76.068,27.853],[76.088,27.847],[76.096,27.864],[76.13,27.85],[76.135,27.829],[76.181,27.803],[76.202,27.827],[76.231,27.836],[76.201,27.859],[76.207,27.894],[76.174,27.91],[76.187,27.968],[76.163,27.994],[76.182,28.017],[76.222,28.027],[76.222,28.036],[76.191,28.038],[76.185,28.055],[76.234,28.051],[76.273,28.064],[76.298,28.044],[76.305,28.021],[76.325,28.016],[76.35,28.031],[76.363,28.069],[76.346,28.068],[76.329,28.09],[76.306,28.096],[76.316,28.107],[76.348,28.105],[76.364,28.124],[76.304,28.15],[76.285,28.168],[76.297,28.178],[76.344,28.173],[76.385,28.133],[76.48,28.15],[76.479,28.134],[76.498,28.129],[76.506,28.102],[76.465,28.106],[76.457,28.088],[76.506,28.06],[76.466,28.057],[76.462,28.045],[76.514,28.03],[76.534,28.041],[76.547,28.034],[76.539,27.974],[76.555,27.966],[76.607,28.005],[76.669,28.014],[76.66,28.092],[76.691,28.093],[76.719,28.127],[76.748,28.124],[76.8,28.152],[76.799,28.189],[76.815,28.195],[76.815,28.211],[76.86,28.221],[76.909,28.2],[76.893,28.186],[76.971,28.139],[76.927,27.992],[76.928,27.92],[76.948,27.914],[76.947,27.891],[76.935,27.889],[76.935,27.829],[76.912,27.827],[76.892,27.726],[76.923,27.695],[76.889,27.694],[76.911,27.653],[76.932,27.655],[76.943,27.67],[76.979,27.652],[77.003,27.737],[77.037,27.744],[77.062,27.722],[77.088,27.733],[77.076,27.758],[77.029,27.773],[77.047,27.815],[77.11,27.78],[77.131,27.783],[77.134,27.771],[77.16,27.786],[77.159,27.81],[77.189,27.803],[77.171,27.785],[77.177,27.779],[77.198,27.793],[77.203,27.816],[77.241,27.78],[77.271,27.811],[77.307,27.792],[77.321,27.733],[77.306,27.713],[77.343,27.702],[77.351,27.652],[77.32,27.606],[77.359,27.588],[77.339,27.565],[77.344,27.524],[77.391,27.511],[77.405,27.472],[77.438,27.456],[77.424,27.42],[77.444,27.391],[77.506,27.376],[77.583,27.321],[77.623,27.338],[77.622,27.309],[77.6,27.295],[77.623,27.273],[77.617,27.259],[77.634,27.257],[77.653,27.233],[77.65,27.209],[77.681,27.195],[77.663,27.17],[77.613,27.163],[77.604,27.12],[77.522,27.102],[77.507,27.088],[77.525,27.084],[77.529,27.062],[77.574,27.072],[77.565,27.031],[77.592,27.034],[77.635,27.01],[77.642,27.021],[77.668,27.019],[77.682,27.046],[77.712,26.995],[77.73,26.995],[77.735,27.026],[77.763,27.017],[77.744,26.982],[77.723,26.986],[77.673,26.961],[77.657,26.968],[77.602,26.932],[77.595,26.939],[77.588,26.925],[77.49,26.898],[77.463,26.884],[77.462,26.871],[77.43,26.861],[77.425,26.837],[77.447,26.814],[77.436,26.765],[77.464,26.775],[77.472,26.764],[77.456,26.741],[77.501,26.761],[77.489,26.782],[77.506,26.842],[77.521,26.839],[77.528,26.816],[77.564,26.816],[77.608,26.837],[77.612,26.827],[77.624,26.843],[77.673,26.854],[77.686,26.873],[77.724,26.876],[77.727,26.911],[77.752,26.917],[77.761,26.932],[77.797,26.917],[77.829,26.92],[77.898,26.884],[77.911,26.895],[77.908,26.919],[77.95,26.894],[77.971,26.907],[77.983,26.892],[78.022,26.903],[78.036,26.87],[78.03,26.855],[78.056,26.869],[78.051,26.91],[78.11,26.899],[78.104,26.923],[78.121,26.922],[78.123,26.949],[78.214,26.933],[78.224,26.948],[78.271,26.918],[78.235,26.877],[78.213,26.872],[78.2,26.883],[78.222,26.843],[78.211,26.827],[78.169,26.821],[78.188,26.788],[78.108,26.791],[78.104,26.766],[78.124,26.749],[78.097,26.732],[78.094,26.677],[78,26.697],[77.956,26.659],[77.902,26.656],[77.887,26.615],[77.828,26.594],[77.832,26.567],[77.821,26.549],[77.752,26.54],[77.722,26.499],[77.675,26.503],[77.616,26.454],[77.559,26.435],[77.53,26.409],[77.435,26.401],[77.447,26.373],[77.44,26.359],[77.373,26.366],[77.342,26.352],[77.297,26.29],[77.21,26.232],[77.131,26.233],[77.098,26.186],[77.041,26.177],[76.992,26.127],[76.894,26.088],[76.877,26.051],[76.836,26.024],[76.846,26.006],[76.812,25.948],[76.759,25.935],[76.769,25.92],[76.751,25.904],[76.728,25.895],[76.652,25.904],[76.632,25.866],[76.598,25.869],[76.535,25.793],[76.536,25.729],[76.488,25.713],[76.483,25.69],[76.516,25.668],[76.505,25.643],[76.52,25.629],[76.525,25.525],[76.565,25.468],[76.568,25.439],[76.594,25.427],[76.607,25.384],[76.775,25.307],[76.848,25.326],[76.898,25.317],[76.947,25.27],[76.964,25.292],[77.03,25.296],[77.045,25.32],[77.069,25.319],[77.081,25.335],[77.121,25.33],[77.159,25.308],[77.211,25.306],[77.204,25.325],[77.221,25.319],[77.226,25.368],[77.301,25.427],[77.36,25.419],[77.367,25.408],[77.35,25.383],[77.362,25.363],[77.342,25.32],[77.375,25.32],[77.378,25.289],[77.355,25.267],[77.369,25.245],[77.412,25.221],[77.424,25.188],[77.396,25.183],[77.393,25.128],[77.404,25.108],[77.392,25.117],[77.308,25.079],[77.268,25.114],[77.175,25.109],[77.163,25.083],[77.146,25.091],[77.12,25.064],[77.082,25.053],[76.989,25.073],[76.974,25.051],[76.887,25.029],[76.879,25.008],[76.859,25.005],[76.873,24.997],[76.872,24.961],[76.898,24.931],[76.896,24.915],[76.926,24.912],[76.919,24.883],[76.954,24.868],[76.931,24.845],[76.836,24.835],[76.806,24.815],[76.851,24.765],[76.852,24.746],[76.908,24.741],[76.957,24.761],[76.977,24.727],[77.031,24.706],[77.064,24.638],[77.069,24.565],[77.055,24.522],[77.037,24.524],[77.006,24.473],[76.97,24.456],[76.919,24.483],[76.917,24.539],[76.904,24.543],[76.884,24.521],[76.871,24.545],[76.85,24.546],[76.818,24.528],[76.856,24.465],[76.842,24.446],[76.855,24.433],[76.84,24.412],[76.857,24.37],[76.841,24.356],[76.844,24.334],[76.874,24.272],[76.949,24.202],[76.937,24.182],[76.92,24.184],[76.904,24.127],[76.86,24.135],[76.805,24.116],[76.759,24.168],[76.725,24.157],[76.705,24.167],[76.678,24.189],[76.706,24.244],[76.697,24.281],[76.683,24.266],[76.62,24.258],[76.618,24.238],[76.592,24.245],[76.601,24.226],[76.569,24.196],[76.583,24.176],[76.535,24.159],[76.521,24.162],[76.509,24.201],[76.473,24.227],[76.457,24.212],[76.427,24.223],[76.418,24.203],[76.338,24.25],[76.297,24.236],[76.286,24.211],[76.251,24.224],[76.219,24.213],[76.198,24.281],[76.209,24.307],[76.189,24.327],[76.172,24.292],[76.146,24.281],[76.155,24.231],[76.124,24.192],[76.137,24.091],[76.05,24.072],[76.005,24.031],[75.963,24.021],[75.963,23.993],[75.983,23.97],[75.978,23.929],[75.934,23.898],[75.881,23.881],[75.855,23.89],[75.796,23.87],[75.779,23.85],[75.763,23.853],[75.752,23.886],[75.704,23.9],[75.7,23.873],[75.731,23.854],[75.717,23.842],[75.72,23.815],[75.689,23.815],[75.7,23.784],[75.686,23.757],[75.653,23.798],[75.584,23.797],[75.585,23.812],[75.557,23.822],[75.578,23.838],[75.559,23.859],[75.458,23.917],[75.466,23.977],[75.491,23.997],[75.516,24.045],[75.544,24.022],[75.569,24.019],[75.57,23.997],[75.585,23.988],[75.636,23.996],[75.643,24.015],[75.671,24.03],[75.688,24.014],[75.686,23.989],[75.698,23.987],[75.702,23.965],[75.764,23.994],[75.782,24.058],[75.836,24.071],[75.838,24.107],[75.814,24.099],[75.805,24.114],[75.792,24.106],[75.778,24.135],[75.746,24.136],[75.776,24.217],[75.829,24.242],[75.815,24.253],[75.814,24.299],[75.8,24.31],[75.767,24.307],[75.74,24.344],[75.741,24.391],[75.732,24.386],[75.729,24.401],[75.758,24.405],[75.751,24.424],[75.786,24.448],[75.794,24.471],[75.818,24.461],[75.815,24.433],[75.85,24.415],[75.912,24.452],[75.915,24.488],[75.894,24.505],[75.895,24.517],[75.912,24.511],[75.928,24.529],[75.91,24.546],[75.92,24.567],[75.887,24.578],[75.866,24.609],[75.841,24.592],[75.831,24.609],[75.852,24.649],[75.847,24.665],[75.83,24.667],[75.842,24.726],[75.789,24.761],[75.763,24.761],[75.683,24.724],[75.662,24.698],[75.616,24.684],[75.584,24.719],[75.454,24.689],[75.269,24.729],[75.226,24.732],[75.219,24.719],[75.187,24.764],[75.208,24.806],[75.249,24.818],[75.254,24.833],[75.23,24.844],[75.203,24.881],[75.21,24.906],[75.225,24.886],[75.243,24.899],[75.252,24.892],[75.229,24.855],[75.281,24.85],[75.308,24.81],[75.419,24.86],[75.427,24.889],[75.374,24.874],[75.328,24.883],[75.313,24.866],[75.264,24.886],[75.269,24.911],[75.295,24.919],[75.269,24.958],[75.278,24.973],[75.305,24.939],[75.314,24.896],[75.32,24.903],[75.34,24.959],[75.321,25.003],[75.354,25.021],[75.348,25.039],[75.203,25.031],[75.176,25.05],[75.161,25.042],[75.166,24.988],[75.122,24.972],[75.117,24.958],[75.121,24.885],[75.058,24.878],[75.045,24.856],[75.014,24.871],[74.946,24.875],[74.952,24.89],[74.931,24.885],[74.914,24.896],[74.914,24.925],[74.886,24.946],[74.869,24.934],[74.864,24.963],[74.848,24.971],[74.828,24.949],[74.825,24.912],[74.857,24.85],[74.859,24.815],[74.839,24.805],[74.85,24.789],[74.86,24.81],[74.918,24.784],[75.009,24.793],[75.022,24.749],[74.995,24.749],[75.001,24.705],[74.963,24.698],[74.963,24.676],[74.944,24.657],[74.904,24.653],[74.898,24.662],[74.894,24.652],[74.857,24.702],[74.851,24.695],[74.811,24.793],[74.8,24.792],[74.804,24.752],[74.781,24.74],[74.791,24.724],[74.776,24.685],[74.79,24.676],[74.814,24.683],[74.818,24.669],[74.784,24.634],[74.791,24.608],[74.749,24.594],[74.758,24.554],[74.712,24.508],[74.78,24.48],[74.818,24.488],[74.819,24.459],[74.859,24.464],[74.826,24.405],[74.815,24.408],[74.787,24.369],[74.784,24.314],[74.753,24.28],[74.773,24.269],[74.844,24.267],[74.87,24.278],[74.89,24.264],[74.908,24.238],[74.882,24.21],[74.901,24.171],[74.928,24.154],[74.937,24.121],[74.96,24.107],[74.993,24.026],[74.964,23.97],[74.921,23.933],[74.905,23.865],[74.916,23.843],[74.91,23.798],[74.928,23.795],[74.938,23.774],[74.941,23.732],[74.907,23.68],[74.94,23.627],[74.906,23.62],[74.851,23.554],[74.802,23.531],[74.784,23.545],[74.733,23.498],[74.7,23.501],[74.654,23.462],[74.612,23.459],[74.597,23.427],[74.573,23.42],[74.569,23.375],[74.544,23.361],[74.537,23.331],[74.517,23.326],[74.532,23.32],[74.552,23.28],[74.57,23.298],[74.645,23.257],[74.672,23.272],[74.7,23.269],[74.721,23.24],[74.694,23.22],[74.723,23.217],[74.745,23.23],[74.745,23.209],[74.714,23.192],[74.668,23.199],[74.606,23.142],[74.544,23.13],[74.541,23.104],[74.51,23.086],[74.465,23.083],[74.389,23.11],[74.353,23.074],[74.32,23.06],[74.28,23.093],[74.286,23.117],[74.244,23.186],[74.205,23.19],[74.184,23.15],[74.124,23.177],[74.122,23.205],[74.137,23.225],[74.131,23.267],[74.099,23.294],[74.042,23.294],[74.047,23.305],[74.035,23.304],[74.03,23.33],[73.988,23.336],[73.968,23.375],[73.944,23.372],[73.936,23.34],[73.891,23.335],[73.892,23.351],[73.829,23.445],[73.78,23.433],[73.761,23.457],[73.723,23.411],[73.701,23.454],[73.678,23.456],[73.649,23.439],[73.629,23.451],[73.64,23.495],[73.655,23.503],[73.633,23.547],[73.657,23.622],[73.615,23.65],[73.574,23.654],[73.528,23.612],[73.51,23.616],[73.497,23.633],[73.508,23.644],[73.497,23.65],[73.505,23.702],[73.475,23.708],[73.417,23.778],[73.396,23.783],[73.372,23.766],[73.357,23.791],[73.369,23.821],[73.358,23.861],[73.392,23.916],[73.421,23.93],[73.416,23.982],[73.401,23.99],[73.41,24.05],[73.366,24.087],[73.37,24.127],[73.357,24.113],[73.332,24.114],[73.329,24.073],[73.287,24.027],[73.242,24.01],[73.195,24.051],[73.22,24.098],[73.11,24.138],[73.109,24.158],[73.079,24.185],[73.088,24.221],[73.107,24.231],[73.097,24.237],[73.135,24.28],[73.141,24.308],[73.177,24.301],[73.189,24.343],[73.208,24.334],[73.228,24.364],[73.208,24.375],[73.166,24.35],[73.081,24.394],[73.105,24.426],[73.091,24.495],[73.047,24.465],[73.018,24.465],[73.009,24.482],[72.996,24.471],[72.977,24.451],[72.987,24.421],[72.959,24.384],[72.987,24.364],[72.917,24.327],[72.864,24.366],[72.728,24.362],[72.689,24.42],[72.692,24.458],[72.583,24.474],[72.539,24.508],[72.506,24.449],[72.495,24.452],[72.502,24.411],[72.459,24.409],[72.431,24.462],[72.437,24.506],[72.385,24.5],[72.352,24.554],[72.329,24.56],[72.331,24.546],[72.289,24.54],[72.284,24.56],[72.266,24.552],[72.245,24.582],[72.274,24.602],[72.295,24.602],[72.308,24.587],[72.337,24.595],[72.348,24.62],[72.309,24.611],[72.224,24.635],[72.205,24.615],[72.159,24.617],[72.145,24.636],[72.115,24.634],[72.079,24.655],[72.086,24.677],[72.073,24.703],[72.046,24.708],[71.995,24.686],[71.987,24.656],[71.937,24.63],[71.912,24.649],[71.913,24.67],[71.87,24.678],[71.858,24.666],[71.862,24.627],[71.851,24.607],[71.805,24.625],[71.808,24.658],[71.792,24.674],[71.654,24.637],[71.609,24.675],[71.48,24.678],[71.372,24.626],[71.342,24.658],[71.313,24.645],[71.289,24.613],[71.091,24.689],[71.063,24.718],[71.014,24.828],[70.936,24.941],[70.886,25.151],[70.758,25.273],[70.735,25.329],[70.665,25.398],[70.679,25.527],[70.667,25.541],[70.673,25.669],[70.658,25.706],[70.609,25.715],[70.524,25.685],[70.383,25.674],[70.276,25.709],[70.235,25.777],[70.169,25.83],[70.099,25.935],[70.086,26.088],[70.147,26.17],[70.174,26.242],[70.166,26.301],[70.184,26.375],[70.173,26.551],[70.107,26.593],[70.064,26.6],[69.895,26.581],[69.801,26.599],[69.711,26.662],[69.515,26.742],[69.484,26.808],[69.515,27.014],[69.59,27.183],[69.872,27.409],[69.941,27.502],[70.025,27.561],[70.135,27.807],[70.225,27.898],[70.304,27.944],[70.374,28.012],[70.497,28.037],[70.592,28.01],[70.677,27.924],[70.687,27.828],[70.739,27.749],[70.768,27.725],[70.883,27.708],[71.273,27.85],[71.41,27.873],[71.659,27.876],[71.899,27.963],[71.935,28.133],[71.999,28.214],[72.129,28.309],[72.205,28.39],[72.302,28.673],[72.389,28.769],[72.716,28.939],[72.947,29.03],[72.999,29.143],[73.096,29.252],[73.279,29.56],[73.4,29.941],[73.62,30.025],[73.803,30.071],[73.976,30.196],[73.976,30.122],[73.904,30.048],[73.891,30.013],[73.898,29.979]],[[74.314,23.945],[74.326,23.936],[74.325,23.937],[74.314,23.945]],[[74.267,23.933],[74.259,23.93],[74.275,23.936],[74.267,23.933]]]}},{"type":"Feature","properties":{"ST_NM":"Sikkim"},"geometry":{"type":"Polygon","coordinates":[[[88.654,28.099],[88.675,28.074],[88.76,28.073],[88.837,28.015],[88.852,27.956],[88.844,27.932],[88.867,27.925],[88.889,27.893],[88.889,27.839],[88.862,27.816],[88.87,27.739],[88.846,27.71],[88.854,27.669],[88.818,27.643],[88.813,27.603],[88.775,27.56],[88.796,27.529],[88.791,27.455],[88.817,27.404],[88.849,27.377],[88.866,27.386],[88.897,27.336],[88.929,27.326],[88.914,27.282],[88.88,27.259],[88.842,27.263],[88.808,27.247],[88.794,27.184],[88.769,27.176],[88.767,27.155],[88.74,27.137],[88.699,27.178],[88.664,27.162],[88.626,27.188],[88.592,27.193],[88.528,27.178],[88.537,27.15],[88.476,27.117],[88.462,27.089],[88.439,27.081],[88.348,27.11],[88.331,27.105],[88.312,27.128],[88.24,27.119],[88.221,27.135],[88.191,27.135],[88.16,27.111],[88.096,27.138],[88.075,27.19],[88.083,27.2],[88.041,27.221],[88.017,27.219],[88.065,27.338],[88.044,27.383],[88.071,27.443],[88.047,27.493],[88.07,27.531],[88.067,27.549],[88.084,27.562],[88.084,27.587],[88.116,27.613],[88.124,27.644],[88.15,27.667],[88.16,27.736],[88.181,27.749],[88.199,27.788],[88.177,27.821],[88.202,27.851],[88.134,27.873],[88.139,27.885],[88.122,27.915],[88.138,27.938],[88.132,27.95],[88.149,27.963],[88.197,27.943],[88.212,27.966],[88.24,27.967],[88.253,27.948],[88.354,27.989],[88.397,27.977],[88.47,28.019],[88.49,28.045],[88.55,28.04],[88.563,28.085],[88.625,28.103],[88.62,28.129],[88.636,28.127],[88.654,28.099]]]}},{"type":"Feature","properties":{"ST_NM":"Tamil Nadu"},"geometry":{"type":"MultiPolygon","coordinates":[[[[78.192,8.727],[78.19,8.736],[78.192,8.727]]],[[[78.217,8.831],[78.21,8.838],[78.217,8.831]]],[[[78.233,8.861],[78.228,8.868],[78.233,8.861]]],[[[78.255,8.945],[78.257,8.953],[78.255,8.945]]],[[[78.497,9.085],[78.488,9.093],[78.497,9.085]]],[[[78.539,9.101],[78.537,9.111],[78.539,9.101]]],[[[78.577,9.099],[78.567,9.102],[78.582,9.112],[78.577,9.099]]],[[[79.487,9.11],[79.49,9.118],[79.487,9.11]]],[[[79.477,9.114],[79.48,9.124],[79.477,9.114]]],[[[79.467,9.125],[79.457,9.131],[79.467,9.125]]],[[[78.699,9.146],[78.699,9.146]]],[[[79.437,9.147],[79.429,9.153],[79.437,9.147]]],[[[78.733,9.15],[78.733,9.15]]],[[[78.762,9.156],[78.762,9.156]]],[[[78.705,9.156],[78.701,9.163],[78.705,9.156]]],[[[78.829,9.171],[78.818,9.162],[78.829,9.171]]],[[[78.71,9.174],[78.706,9.182],[78.71,9.174]]],[[[78.939,9.187],[78.904,9.178],[78.939,9.187]]],[[[78.968,9.181],[78.969,9.191],[78.968,9.181]]],[[[79.087,9.193],[79.062,9.202],[79.087,9.193]]],[[[79.133,9.21],[79.122,9.217],[79.133,9.21]]],[[[79.199,9.229],[79.197,9.237],[79.199,9.229]]],[[[79.187,9.231],[79.189,9.239],[79.187,9.231]]],[[[79.181,9.241],[79.181,9.241]]],[[[79.212,9.243],[79.219,9.248],[79.212,9.243]]],[[[79.327,9.297],[79.316,9.279],[79.336,9.249],[79.426,9.168],[79.309,9.243],[79.262,9.261],[79.22,9.258],[79.206,9.278],[79.224,9.293],[79.271,9.293],[79.315,9.325],[79.333,9.314],[79.327,9.297]]],[[[79.784,11.898],[79.798,11.893],[79.78,11.862],[79.771,11.901],[79.784,11.898]]],[[[79.845,13.331],[79.843,13.323],[79.845,13.331]]],[[[80.321,13.392],[80.318,13.403],[80.321,13.392]]],[[[80.305,13.422],[80.307,13.409],[80.305,13.422]]],[[[80.319,13.414],[80.317,13.426],[80.319,13.414]]],[[[80.32,13.438],[80.32,13.438]]],[[[79.695,11.885],[79.711,11.888],[79.719,11.853],[79.733,11.863],[79.754,11.849],[79.765,11.875],[79.767,11.839],[79.782,11.855],[79.809,11.845],[79.808,11.832],[79.793,11.833],[79.797,11.823],[79.73,11.838],[79.737,11.809],[79.713,11.789],[79.755,11.774],[79.762,11.79],[79.795,11.785],[79.786,11.739],[79.767,11.744],[79.786,11.729],[79.759,11.564],[79.767,11.523],[79.808,11.447],[79.825,11.364],[79.799,11.369],[79.814,11.358],[79.812,11.344],[79.823,11.356],[79.84,11.353],[79.834,11.311],[79.854,11.195],[79.857,11.013],[79.852,10.988],[79.842,11.002],[79.819,11.002],[79.794,10.983],[79.789,10.995],[79.749,11.002],[79.763,10.959],[79.733,10.969],[79.721,10.967],[79.72,10.953],[79.736,10.956],[79.721,10.934],[79.744,10.913],[79.76,10.915],[79.76,10.897],[79.765,10.911],[79.769,10.896],[79.79,10.905],[79.784,10.888],[79.826,10.883],[79.807,10.877],[79.826,10.864],[79.81,10.864],[79.811,10.855],[79.85,10.823],[79.836,10.811],[79.85,10.809],[79.879,10.287],[79.795,10.271],[79.784,10.292],[79.729,10.33],[79.704,10.329],[79.724,10.31],[79.638,10.338],[79.612,10.319],[79.673,10.311],[79.723,10.289],[79.748,10.3],[79.776,10.275],[79.545,10.307],[79.556,10.33],[79.615,10.335],[79.6,10.348],[79.582,10.342],[79.533,10.356],[79.538,10.327],[79.519,10.312],[79.396,10.324],[79.299,10.264],[79.229,10.145],[79.227,10.093],[79.263,10.036],[79.167,9.943],[79.151,9.909],[79.125,9.889],[79.12,9.851],[78.989,9.71],[78.955,9.626],[78.925,9.586],[78.915,9.498],[78.895,9.479],[78.942,9.402],[79.052,9.3],[79.188,9.281],[79.082,9.259],[78.966,9.275],[78.905,9.248],[78.857,9.252],[78.725,9.209],[78.721,9.187],[78.668,9.192],[78.645,9.173],[78.651,9.155],[78.6,9.148],[78.575,9.128],[78.527,9.136],[78.422,9.113],[78.275,9.011],[78.213,9.048],[78.216,9.029],[78.246,9.028],[78.268,9.001],[78.212,8.961],[78.172,8.88],[78.165,8.758],[78.198,8.765],[78.199,8.788],[78.206,8.767],[78.197,8.747],[78.17,8.743],[78.141,8.693],[78.126,8.635],[78.142,8.591],[78.124,8.53],[78.133,8.492],[78.067,8.416],[78.067,8.371],[77.977,8.336],[77.885,8.267],[77.814,8.246],[77.787,8.226],[77.781,8.197],[77.734,8.168],[77.589,8.141],[77.563,8.122],[77.566,8.09],[77.553,8.078],[77.455,8.089],[77.359,8.124],[77.31,8.126],[77.297,8.15],[77.25,8.17],[77.1,8.291],[77.141,8.331],[77.179,8.32],[77.174,8.359],[77.155,8.353],[77.154,8.386],[77.173,8.385],[77.208,8.443],[77.229,8.446],[77.205,8.501],[77.225,8.513],[77.242,8.497],[77.26,8.506],[77.284,8.546],[77.247,8.621],[77.209,8.663],[77.206,8.692],[77.173,8.746],[77.195,8.743],[77.201,8.769],[77.216,8.766],[77.216,8.778],[77.233,8.784],[77.235,8.806],[77.265,8.84],[77.261,8.868],[77.224,8.902],[77.222,8.926],[77.198,8.924],[77.198,8.955],[77.149,9.02],[77.171,9.045],[77.199,9.045],[77.213,9.097],[77.269,9.152],[77.265,9.185],[77.254,9.188],[77.284,9.218],[77.283,9.3],[77.3,9.31],[77.301,9.336],[77.328,9.337],[77.343,9.39],[77.338,9.415],[77.368,9.459],[77.395,9.46],[77.413,9.506],[77.403,9.526],[77.387,9.518],[77.367,9.536],[77.352,9.566],[77.367,9.597],[77.357,9.604],[77.341,9.572],[77.32,9.602],[77.266,9.574],[77.23,9.588],[77.211,9.613],[77.167,9.615],[77.207,9.695],[77.205,9.724],[77.223,9.731],[77.234,9.769],[77.225,9.789],[77.249,9.798],[77.224,9.823],[77.239,9.858],[77.214,9.875],[77.219,9.903],[77.276,9.973],[77.255,10.009],[77.263,10.029],[77.209,10.083],[77.202,10.105],[77.245,10.129],[77.274,10.128],[77.273,10.164],[77.295,10.216],[77.284,10.233],[77.261,10.23],[77.265,10.263],[77.228,10.315],[77.236,10.349],[77.176,10.355],[77.128,10.319],[77.065,10.294],[77.047,10.281],[77.052,10.257],[76.984,10.217],[76.941,10.238],[76.918,10.233],[76.875,10.275],[76.877,10.298],[76.851,10.286],[76.832,10.303],[76.852,10.368],[76.819,10.423],[76.844,10.537],[76.842,10.593],[76.82,10.603],[76.815,10.622],[76.817,10.634],[76.884,10.638],[76.882,10.672],[76.867,10.683],[76.895,10.716],[76.909,10.779],[76.9,10.808],[76.852,10.816],[76.854,10.84],[76.829,10.87],[76.784,10.89],[76.743,10.889],[76.658,10.937],[76.717,11.039],[76.767,11.032],[76.803,11.05],[76.801,11.058],[76.778,11.04],[76.747,11.055],[76.745,11.072],[76.758,11.083],[76.744,11.101],[76.749,11.129],[76.713,11.15],[76.707,11.14],[76.701,11.152],[76.699,11.173],[76.731,11.192],[76.736,11.217],[76.707,11.239],[76.633,11.193],[76.603,11.205],[76.545,11.197],[76.497,11.21],[76.475,11.206],[76.476,11.193],[76.462,11.187],[76.447,11.202],[76.455,11.238],[76.523,11.269],[76.549,11.3],[76.538,11.311],[76.547,11.359],[76.518,11.354],[76.519,11.368],[76.457,11.389],[76.417,11.422],[76.419,11.441],[76.399,11.435],[76.342,11.466],[76.329,11.452],[76.297,11.463],[76.286,11.481],[76.248,11.466],[76.252,11.501],[76.241,11.525],[76.25,11.535],[76.233,11.571],[76.278,11.6],[76.306,11.571],[76.336,11.595],[76.343,11.585],[76.379,11.6],[76.388,11.629],[76.439,11.637],[76.431,11.666],[76.459,11.662],[76.482,11.691],[76.512,11.705],[76.549,11.678],[76.569,11.617],[76.617,11.608],[76.755,11.618],[76.826,11.605],[76.847,11.582],[76.86,11.61],[76.839,11.637],[76.839,11.657],[76.89,11.733],[76.909,11.791],[76.954,11.789],[76.969,11.773],[76.982,11.809],[77.014,11.811],[77.041,11.792],[77.032,11.773],[77.066,11.785],[77.06,11.766],[77.082,11.733],[77.119,11.721],[77.113,11.771],[77.237,11.792],[77.252,11.811],[77.289,11.798],[77.295,11.807],[77.337,11.768],[77.37,11.788],[77.43,11.76],[77.467,11.848],[77.464,11.898],[77.488,11.885],[77.495,11.942],[77.535,11.931],[77.676,11.949],[77.701,12.019],[77.778,12.119],[77.751,12.139],[77.73,12.181],[77.615,12.204],[77.522,12.193],[77.479,12.205],[77.474,12.253],[77.489,12.279],[77.529,12.278],[77.553,12.293],[77.617,12.369],[77.635,12.486],[77.627,12.495],[77.607,12.474],[77.585,12.477],[77.616,12.509],[77.588,12.516],[77.58,12.567],[77.595,12.621],[77.608,12.63],[77.6,12.666],[77.664,12.683],[77.68,12.68],[77.677,12.662],[77.688,12.658],[77.705,12.66],[77.714,12.683],[77.741,12.673],[77.737,12.692],[77.76,12.696],[77.773,12.724],[77.763,12.734],[77.793,12.748],[77.782,12.769],[77.808,12.792],[77.801,12.805],[77.811,12.83],[77.795,12.843],[77.835,12.868],[77.892,12.868],[77.934,12.887],[77.93,12.873],[77.945,12.865],[77.925,12.854],[77.919,12.831],[77.943,12.822],[77.944,12.854],[77.956,12.859],[77.968,12.831],[77.992,12.82],[77.992,12.805],[78.012,12.805],[78.004,12.823],[78.027,12.843],[78.025,12.855],[78.057,12.852],[78.125,12.797],[78.131,12.78],[78.232,12.763],[78.238,12.725],[78.201,12.691],[78.239,12.684],[78.244,12.704],[78.276,12.702],[78.302,12.663],[78.38,12.622],[78.43,12.631],[78.467,12.623],[78.469,12.673],[78.5,12.674],[78.505,12.714],[78.522,12.71],[78.496,12.745],[78.538,12.712],[78.536,12.69],[78.559,12.696],[78.566,12.737],[78.557,12.755],[78.592,12.778],[78.609,12.822],[78.603,12.849],[78.637,12.93],[78.658,12.93],[78.64,12.964],[78.649,12.965],[78.625,12.99],[78.663,13.029],[78.705,13.015],[78.714,13.067],[78.758,13.056],[78.82,13.089],[78.87,13.082],[78.882,13.098],[78.895,13.093],[78.894,13.031],[78.937,13.03],[78.929,13.044],[78.905,13.046],[78.926,13.079],[78.967,13.076],[78.994,13.088],[79.012,13.069],[79.065,13.05],[79.081,13.026],[79.117,13.036],[79.165,13.019],[79.185,13.031],[79.182,13.065],[79.201,13.096],[79.23,13.116],[79.23,13.147],[79.249,13.139],[79.259,13.16],[79.269,13.148],[79.28,13.153],[79.286,13.133],[79.311,13.127],[79.31,13.109],[79.32,13.109],[79.329,13.131],[79.367,13.142],[79.36,13.175],[79.374,13.168],[79.391,13.194],[79.436,13.2],[79.434,13.221],[79.458,13.229],[79.448,13.242],[79.423,13.224],[79.421,13.259],[79.437,13.293],[79.387,13.315],[79.413,13.328],[79.467,13.336],[79.548,13.323],[79.561,13.279],[79.593,13.258],[79.614,13.28],[79.633,13.271],[79.651,13.289],[79.675,13.281],[79.681,13.294],[79.697,13.269],[79.686,13.242],[79.709,13.247],[79.701,13.22],[79.712,13.215],[79.735,13.235],[79.757,13.208],[79.798,13.236],[79.734,13.285],[79.759,13.293],[79.767,13.315],[79.792,13.295],[79.813,13.317],[79.864,13.316],[79.923,13.357],[79.938,13.349],[79.952,13.382],[79.966,13.387],[79.948,13.398],[79.945,13.417],[79.976,13.431],[79.974,13.464],[80.018,13.501],[80.049,13.498],[80.045,13.515],[80.003,13.523],[80.002,13.54],[80.058,13.535],[80.082,13.551],[80.09,13.537],[80.08,13.491],[80.111,13.492],[80.113,13.508],[80.126,13.507],[80.216,13.487],[80.242,13.468],[80.27,13.563],[80.319,13.457],[80.311,13.432],[80.287,13.44],[80.281,13.428],[80.293,13.417],[80.289,13.403],[80.325,13.383],[80.329,13.438],[80.346,13.293],[80.26,12.937],[80.247,12.801],[80.254,12.767],[80.168,12.531],[80.163,12.472],[80.14,12.458],[80.149,12.448],[80.131,12.447],[80.138,12.432],[80.019,12.282],[79.875,12.043],[79.85,12.05],[79.841,12.013],[79.858,12.005],[79.841,11.955],[79.826,11.957],[79.815,11.979],[79.803,11.953],[79.787,11.961],[79.752,11.922],[79.749,11.962],[79.729,11.97],[79.731,11.982],[79.757,11.981],[79.765,12],[79.75,12.009],[79.74,11.992],[79.721,11.992],[79.706,12.032],[79.662,12.011],[79.659,11.987],[79.714,11.986],[79.716,11.966],[79.693,11.951],[79.713,11.931],[79.71,11.946],[79.721,11.943],[79.719,11.927],[79.74,11.906],[79.719,11.889],[79.707,11.893],[79.718,11.917],[79.698,11.919],[79.695,11.894],[79.675,11.892],[79.674,11.88],[79.695,11.885]],[[79.643,11.886],[79.602,11.883],[79.602,11.857],[79.62,11.868],[79.627,11.852],[79.656,11.852],[79.663,11.867],[79.643,11.886]],[[79.642,11.905],[79.672,11.915],[79.671,11.934],[79.658,11.948],[79.643,11.945],[79.649,11.96],[79.636,11.992],[79.654,12.024],[79.628,12.03],[79.619,11.987],[79.627,11.975],[79.618,11.97],[79.629,11.968],[79.63,11.948],[79.62,11.924],[79.627,11.902],[79.642,11.905]],[[79.68,11.972],[79.655,11.954],[79.685,11.953],[79.689,11.972],[79.68,11.972]],[[79.793,12.017],[79.807,12.024],[79.792,12.027],[79.793,12.017]],[[79.646,11.816],[79.671,11.823],[79.649,11.844],[79.646,11.816]],[[79.694,11.821],[79.704,11.812],[79.694,11.821]],[[79.682,11.813],[79.676,11.802],[79.691,11.803],[79.682,11.813]],[[79.259,11.388],[79.258,11.388],[79.259,11.388],[79.259,11.388]],[[79.435,11.34],[79.437,11.34],[79.435,11.34],[79.435,11.34]],[[79.498,11.257],[79.496,11.248],[79.498,11.257],[79.498,11.257]]]]}},{"type":"Feature","properties":{"ST_NM":"Telangana"},"geometry":{"type":"Polygon","coordinates":[[[78.341,19.884],[78.389,19.88],[78.402,19.837],[78.481,19.817],[78.499,19.794],[78.509,19.793],[78.524,19.821],[78.609,19.818],[78.701,19.791],[78.722,19.768],[78.748,19.781],[78.79,19.78],[78.813,19.759],[78.844,19.763],[78.869,19.698],[78.864,19.658],[78.921,19.669],[78.96,19.665],[78.975,19.651],[78.968,19.619],[78.986,19.587],[78.96,19.553],[78.998,19.564],[79.024,19.542],[79.057,19.547],[79.069,19.533],[79.109,19.53],[79.111,19.514],[79.146,19.503],[79.184,19.463],[79.229,19.47],[79.214,19.501],[79.243,19.529],[79.256,19.579],[79.244,19.601],[79.25,19.614],[79.311,19.592],[79.32,19.567],[79.375,19.573],[79.408,19.542],[79.447,19.536],[79.477,19.5],[79.52,19.52],[79.521,19.544],[79.549,19.551],[79.559,19.522],[79.598,19.504],[79.622,19.561],[79.646,19.577],[79.712,19.584],[79.747,19.605],[79.792,19.596],[79.823,19.571],[79.835,19.54],[79.885,19.503],[79.918,19.495],[79.952,19.462],[79.98,19.404],[79.964,19.338],[79.969,19.301],[79.927,19.23],[79.948,19.168],[79.865,19.107],[79.866,19.038],[79.923,19.051],[79.94,19.033],[79.948,18.881],[79.932,18.841],[79.901,18.835],[79.916,18.811],[79.939,18.788],[80.016,18.773],[80.053,18.725],[80.118,18.681],[80.165,18.7],[80.178,18.682],[80.196,18.68],[80.209,18.702],[80.254,18.706],[80.275,18.722],[80.304,18.69],[80.349,18.591],[80.37,18.609],[80.389,18.598],[80.458,18.631],[80.496,18.632],[80.64,18.524],[80.658,18.478],[80.707,18.442],[80.699,18.425],[80.734,18.415],[80.724,18.389],[80.752,18.308],[80.796,18.26],[80.741,18.225],[80.743,18.178],[80.806,18.172],[80.826,18.193],[80.825,18.231],[80.838,18.24],[80.867,18.232],[80.876,18.213],[80.856,18.204],[80.87,18.139],[80.909,18.141],[80.982,18.175],[80.981,18.15],[80.957,18.13],[80.952,18.088],[80.974,18.05],[81.013,17.845],[81.041,17.797],[81.082,17.794],[81.097,17.818],[81.168,17.86],[81.272,17.818],[81.393,17.811],[81.475,17.833],[81.494,17.81],[81.577,17.836],[81.62,17.823],[81.651,17.847],[81.672,17.885],[81.697,17.893],[81.712,17.869],[81.767,17.901],[81.803,17.852],[81.762,17.827],[81.738,17.827],[81.693,17.779],[81.632,17.771],[81.585,17.734],[81.58,17.696],[81.512,17.598],[81.533,17.581],[81.508,17.54],[81.502,17.457],[81.443,17.384],[81.394,17.364],[81.331,17.398],[81.276,17.328],[81.19,17.331],[81.179,17.305],[81.189,17.263],[81.172,17.241],[81.071,17.212],[81.055,17.222],[81.035,17.195],[80.994,17.188],[80.939,17.213],[80.914,17.209],[80.922,17.154],[80.879,17.154],[80.864,17.12],[80.868,17.059],[80.854,17.041],[80.841,17.034],[80.832,17.046],[80.735,17.073],[80.693,17.077],[80.648,17.063],[80.646,17.08],[80.665,17.096],[80.569,17.146],[80.528,17.116],[80.505,17.116],[80.491,17.058],[80.461,17.045],[80.455,17.025],[80.426,17.036],[80.404,17.085],[80.383,17.071],[80.376,17.06],[80.396,17.015],[80.367,16.978],[80.451,16.953],[80.497,16.925],[80.5,16.956],[80.529,16.944],[80.54,16.958],[80.593,16.935],[80.596,16.882],[80.574,16.877],[80.563,16.833],[80.613,16.796],[80.572,16.771],[80.465,16.798],[80.461,16.823],[80.408,16.858],[80.408,16.84],[80.382,16.819],[80.367,16.863],[80.328,16.879],[80.31,16.964],[80.271,17.018],[80.244,17.01],[80.226,17.027],[80.21,17.021],[80.203,17.05],[80.19,17.052],[80.142,16.993],[80.096,16.995],[80.093,16.97],[80.054,16.973],[80.018,16.915],[80,16.871],[80.041,16.86],[80.05,16.834],[80.078,16.821],[80.056,16.753],[79.967,16.65],[79.932,16.638],[79.911,16.645],[79.87,16.706],[79.819,16.698],[79.783,16.737],[79.731,16.7],[79.677,16.691],[79.656,16.669],[79.608,16.67],[79.572,16.645],[79.478,16.626],[79.435,16.589],[79.341,16.585],[79.274,16.568],[79.233,16.515],[79.244,16.465],[79.227,16.445],[79.22,16.401],[79.238,16.307],[79.227,16.247],[79.185,16.224],[79.131,16.245],[79.039,16.253],[78.949,16.217],[78.913,16.189],[78.929,16.129],[78.918,16.112],[78.897,16.105],[78.88,16.117],[78.87,16.16],[78.845,16.163],[78.844,16.094],[78.816,16.053],[78.783,16.03],[78.721,16.033],[78.624,16.105],[78.566,16.063],[78.412,16.087],[78.347,16.059],[78.323,16.035],[78.263,16.037],[78.266,16.001],[78.245,15.935],[78.187,15.906],[78.171,15.855],[78.132,15.855],[78.133,15.841],[78.116,15.833],[78.07,15.85],[78.047,15.878],[78.042,15.908],[78.023,15.901],[78.008,15.865],[77.882,15.902],[77.861,15.881],[77.805,15.871],[77.722,15.892],[77.664,15.882],[77.612,15.917],[77.514,15.926],[77.515,16.007],[77.496,16.035],[77.508,16.078],[77.498,16.089],[77.514,16.108],[77.491,16.12],[77.488,16.163],[77.5,16.218],[77.516,16.222],[77.493,16.229],[77.492,16.254],[77.506,16.272],[77.539,16.267],[77.548,16.292],[77.57,16.302],[77.595,16.291],[77.596,16.342],[77.559,16.346],[77.499,16.38],[77.416,16.367],[77.347,16.384],[77.289,16.407],[77.239,16.472],[77.289,16.475],[77.301,16.495],[77.37,16.488],[77.383,16.515],[77.42,16.522],[77.42,16.548],[77.396,16.569],[77.468,16.588],[77.458,16.618],[77.474,16.651],[77.443,16.64],[77.421,16.667],[77.469,16.682],[77.471,16.716],[77.442,16.711],[77.428,16.722],[77.442,16.787],[77.475,16.783],[77.457,16.913],[77.472,16.921],[77.468,16.956],[77.502,17.019],[77.467,17.107],[77.38,17.141],[77.364,17.165],[77.374,17.193],[77.395,17.196],[77.403,17.212],[77.384,17.223],[77.409,17.241],[77.419,17.233],[77.426,17.256],[77.458,17.279],[77.457,17.29],[77.438,17.291],[77.459,17.341],[77.455,17.373],[77.483,17.373],[77.478,17.362],[77.503,17.357],[77.532,17.375],[77.525,17.389],[77.539,17.407],[77.515,17.416],[77.514,17.43],[77.537,17.444],[77.577,17.433],[77.577,17.457],[77.615,17.447],[77.615,17.473],[77.645,17.479],[77.657,17.506],[77.652,17.484],[77.688,17.476],[77.691,17.495],[77.69,17.509],[77.661,17.524],[77.596,17.536],[77.594,17.566],[77.552,17.552],[77.531,17.576],[77.505,17.544],[77.494,17.569],[77.444,17.584],[77.457,17.633],[77.454,17.694],[77.543,17.728],[77.566,17.75],[77.57,17.767],[77.508,17.785],[77.511,17.795],[77.53,17.829],[77.553,17.821],[77.577,17.875],[77.601,17.873],[77.589,17.911],[77.62,17.905],[77.628,17.96],[77.648,17.949],[77.657,17.972],[77.647,17.976],[77.65,17.996],[77.633,17.995],[77.61,18.02],[77.596,18.012],[77.589,18.027],[77.557,18.037],[77.549,18.056],[77.571,18.078],[77.601,18.086],[77.601,18.154],[77.583,18.164],[77.568,18.203],[77.589,18.219],[77.576,18.242],[77.607,18.28],[77.554,18.293],[77.574,18.31],[77.57,18.32],[77.523,18.351],[77.553,18.389],[77.559,18.42],[77.529,18.429],[77.538,18.444],[77.564,18.437],[77.589,18.447],[77.55,18.467],[77.574,18.468],[77.58,18.485],[77.605,18.476],[77.606,18.493],[77.59,18.505],[77.605,18.524],[77.601,18.549],[77.652,18.554],[77.649,18.538],[77.661,18.529],[77.74,18.556],[77.752,18.607],[77.732,18.666],[77.761,18.709],[77.79,18.686],[77.841,18.809],[77.912,18.831],[77.947,18.824],[77.948,18.844],[77.903,18.869],[77.886,18.91],[77.844,18.913],[77.858,18.954],[77.817,18.951],[77.821,18.984],[77.771,18.983],[77.761,19.03],[77.765,19.063],[77.801,19.052],[77.806,19.103],[77.819,19.105],[77.832,19.086],[77.852,19.091],[77.835,19.137],[77.862,19.182],[77.85,19.198],[77.871,19.256],[77.904,19.257],[77.91,19.268],[77.866,19.285],[77.865,19.303],[77.953,19.342],[78.05,19.272],[78.055,19.243],[78.087,19.256],[78.154,19.231],[78.175,19.237],[78.191,19.251],[78.202,19.333],[78.184,19.354],[78.187,19.413],[78.203,19.408],[78.229,19.435],[78.257,19.431],[78.278,19.455],[78.314,19.457],[78.315,19.487],[78.284,19.559],[78.316,19.573],[78.316,19.605],[78.292,19.655],[78.274,19.664],[78.29,19.69],[78.321,19.691],[78.35,19.714],[78.369,19.768],[78.372,19.795],[78.344,19.814],[78.344,19.84],[78.299,19.85],[78.315,19.913],[78.34,19.91],[78.328,19.895],[78.341,19.884]]]}},{"type":"Feature","properties":{"ST_NM":"Tripura"},"geometry":{"type":"Polygon","coordinates":[[[92.221,24.501],[92.24,24.488],[92.231,24.459],[92.257,24.435],[92.273,24.378],[92.213,24.248],[92.296,24.25],[92.297,24.225],[92.325,24.203],[92.337,24.145],[92.314,24.033],[92.329,23.988],[92.311,23.959],[92.331,23.91],[92.316,23.882],[92.32,23.864],[92.291,23.87],[92.274,23.847],[92.286,23.815],[92.259,23.813],[92.268,23.724],[92.244,23.71],[92.224,23.653],[92.212,23.661],[92.218,23.686],[92.208,23.705],[92.181,23.708],[92.177,23.738],[92.155,23.734],[92.107,23.676],[92.09,23.676],[92.077,23.645],[92.012,23.663],[91.984,23.731],[91.956,23.728],[91.962,23.698],[91.941,23.688],[91.94,23.664],[91.96,23.605],[91.962,23.519],[91.979,23.482],[91.947,23.471],[91.942,23.436],[91.893,23.434],[91.843,23.397],[91.839,23.369],[91.778,23.276],[91.819,23.103],[91.835,23.096],[91.811,23.069],[91.782,23.073],[91.781,23.033],[91.774,23.041],[91.727,22.994],[91.66,22.98],[91.617,22.944],[91.609,22.967],[91.595,22.977],[91.579,22.97],[91.558,22.982],[91.559,23.002],[91.546,22.998],[91.552,23.039],[91.537,23.04],[91.534,23.09],[91.508,23.127],[91.518,23.144],[91.494,23.156],[91.508,23.186],[91.477,23.194],[91.487,23.209],[91.458,23.22],[91.471,23.233],[91.457,23.258],[91.425,23.261],[91.416,23.282],[91.417,23.261],[91.402,23.263],[91.403,23.23],[91.384,23.195],[91.422,23.071],[91.393,23.062],[91.356,23.096],[91.328,23.164],[91.329,23.253],[91.303,23.293],[91.318,23.309],[91.295,23.32],[91.317,23.36],[91.3,23.35],[91.25,23.49],[91.208,23.514],[91.215,23.547],[91.2,23.552],[91.179,23.596],[91.163,23.601],[91.162,23.663],[91.203,23.645],[91.208,23.682],[91.158,23.689],[91.155,23.729],[91.167,23.749],[91.228,23.745],[91.228,23.787],[91.254,23.838],[91.233,23.886],[91.247,23.913],[91.238,23.925],[91.277,23.928],[91.265,23.947],[91.285,23.98],[91.297,23.97],[91.307,23.99],[91.328,23.993],[91.385,23.976],[91.379,23.998],[91.404,24.054],[91.384,24.073],[91.382,24.105],[91.428,24.109],[91.553,24.076],[91.602,24.078],[91.603,24.095],[91.642,24.109],[91.64,24.142],[91.664,24.189],[91.654,24.219],[91.671,24.233],[91.699,24.162],[91.761,24.139],[91.75,24.245],[91.822,24.214],[91.848,24.225],[91.85,24.199],[91.89,24.141],[91.907,24.137],[91.944,24.258],[91.928,24.339],[91.962,24.358],[91.999,24.328],[92.005,24.338],[91.975,24.383],[92.006,24.393],[92.058,24.375],[92.124,24.382],[92.139,24.422],[92.172,24.422],[92.159,24.525],[92.221,24.501]]]}},{"type":"Feature","properties":{"ST_NM":"Uttar Pradesh"},"geometry":{"type":"MultiPolygon","coordinates":[[[[80.448,24.996],[80.438,25.002],[80.457,25.004],[80.448,24.996]]],[[[79.367,25.127],[79.381,25.121],[79.392,25.083],[79.424,25.057],[79.413,25.034],[79.398,25.031],[79.376,25.05],[79.359,25.04],[79.354,25.067],[79.382,25.065],[79.381,25.099],[79.352,25.119],[79.362,25.141],[79.376,25.141],[79.367,25.127]]],[[[79.369,25.17],[79.357,25.174],[79.363,25.187],[79.369,25.17]]],[[[77.598,30.404],[77.647,30.406],[77.686,30.381],[77.724,30.334],[77.945,30.242],[77.833,30.088],[77.799,30.095],[77.77,30.043],[77.785,30.021],[77.743,29.982],[77.757,29.962],[77.73,29.93],[77.745,29.908],[77.715,29.884],[77.714,29.866],[77.742,29.848],[77.754,29.804],[77.777,29.78],[77.781,29.729],[77.77,29.711],[77.807,29.695],[77.805,29.676],[77.841,29.664],[77.886,29.696],[77.922,29.693],[77.939,29.709],[77.964,29.7],[77.955,29.686],[77.974,29.665],[77.984,29.67],[77.989,29.608],[77.964,29.61],[77.959,29.585],[77.996,29.582],[77.989,29.553],[78,29.54],[78.006,29.549],[78.049,29.547],[78.056,29.587],[78.094,29.596],[78.151,29.67],[78.178,29.674],[78.206,29.704],[78.234,29.712],[78.244,29.698],[78.315,29.752],[78.344,29.79],[78.425,29.767],[78.5,29.736],[78.53,29.633],[78.618,29.556],[78.706,29.503],[78.751,29.499],[78.798,29.47],[78.935,29.45],[78.913,29.441],[78.882,29.386],[78.845,29.375],[78.841,29.362],[78.821,29.377],[78.801,29.323],[78.795,29.34],[78.77,29.344],[78.726,29.311],[78.826,29.246],[78.865,29.255],[78.911,29.197],[78.912,29.145],[78.956,29.144],[78.974,29.161],[79.012,29.11],[79.029,29.112],[79.043,29.124],[79.021,29.13],[79.022,29.147],[79.041,29.146],[79.039,29.166],[79.113,29.126],[79.143,29.123],[79.156,29.101],[79.149,29.063],[79.177,29.045],[79.17,29.017],[79.197,29.012],[79.216,29.023],[79.307,28.948],[79.364,28.946],[79.372,28.964],[79.389,28.931],[79.413,28.926],[79.407,28.879],[79.423,28.85],[79.519,28.857],[79.55,28.886],[79.566,28.872],[79.565,28.839],[79.625,28.863],[79.678,28.842],[79.724,28.875],[79.786,28.886],[79.821,28.857],[79.806,28.847],[79.812,28.819],[79.807,28.809],[79.798,28.815],[79.795,28.799],[79.828,28.806],[79.836,28.839],[79.866,28.838],[79.887,28.812],[79.858,28.815],[79.852,28.803],[79.879,28.79],[79.913,28.796],[79.901,28.78],[79.924,28.759],[79.934,28.727],[79.98,28.71],[80.015,28.721],[80.047,28.757],[80.052,28.777],[80.038,28.794],[80.07,28.829],[80.124,28.825],[80.199,28.766],[80.267,28.75],[80.262,28.725],[80.323,28.697],[80.332,28.667],[80.362,28.652],[80.372,28.633],[80.433,28.639],[80.462,28.624],[80.472,28.588],[80.522,28.558],[80.533,28.57],[80.521,28.58],[80.509,28.666],[80.546,28.69],[80.583,28.684],[80.594,28.646],[80.669,28.64],[80.682,28.604],[80.699,28.602],[80.703,28.575],[80.767,28.568],[80.787,28.525],[80.822,28.517],[80.845,28.497],[80.866,28.492],[80.865,28.505],[80.879,28.507],[80.909,28.495],[80.902,28.461],[80.929,28.454],[80.942,28.466],[80.939,28.451],[80.978,28.451],[80.97,28.435],[81.011,28.449],[81.017,28.433],[81.04,28.43],[81.022,28.413],[81.037,28.4],[81.044,28.412],[81.103,28.378],[81.215,28.358],[81.236,28.33],[81.24,28.281],[81.32,28.202],[81.327,28.171],[81.307,28.164],[81.329,28.157],[81.32,28.135],[81.379,28.145],[81.381,28.173],[81.429,28.171],[81.482,28.118],[81.482,28.081],[81.633,28.003],[81.7,27.989],[81.801,27.906],[81.835,27.897],[81.891,27.858],[81.928,27.859],[81.927,27.877],[81.971,27.929],[82.075,27.924],[82.126,27.866],[82.207,27.846],[82.296,27.777],[82.369,27.741],[82.393,27.71],[82.459,27.676],[82.601,27.696],[82.714,27.728],[82.716,27.662],[82.744,27.632],[82.738,27.612],[82.755,27.583],[82.741,27.549],[82.742,27.501],[82.926,27.5],[82.95,27.472],[83.053,27.448],[83.184,27.453],[83.272,27.381],[83.279,27.347],[83.312,27.329],[83.364,27.344],[83.406,27.399],[83.391,27.428],[83.407,27.454],[83.394,27.475],[83.61,27.47],[83.84,27.366],[83.867,27.345],[83.841,27.318],[83.869,27.308],[83.908,27.327],[83.927,27.322],[83.936,27.301],[83.906,27.274],[83.908,27.256],[83.972,27.225],[83.995,27.179],[83.961,27.138],[83.949,27.09],[83.965,27.083],[84.021,27.102],[84.031,27.092],[84.001,27.066],[84.051,27.042],[84.04,27.009],[84.059,26.988],[84.046,26.981],[84.056,26.959],[84.035,26.94],[84.057,26.929],[84.062,26.889],[84.1,26.874],[84.11,26.898],[84.15,26.885],[84.141,26.853],[84.178,26.832],[84.19,26.855],[84.219,26.868],[84.251,26.86],[84.262,26.806],[84.234,26.754],[84.243,26.737],[84.257,26.727],[84.307,26.751],[84.335,26.682],[84.411,26.669],[84.424,26.625],[84.38,26.613],[84.312,26.615],[84.281,26.597],[84.211,26.622],[84.158,26.625],[84.161,26.636],[84.114,26.63],[84.091,26.64],[84.092,26.597],[84.066,26.571],[84.057,26.541],[84.01,26.522],[83.983,26.529],[83.972,26.506],[83.944,26.522],[83.911,26.515],[83.911,26.448],[83.991,26.432],[84.02,26.446],[84.04,26.41],[84.081,26.382],[84.18,26.372],[84.176,26.336],[84.191,26.315],[84.168,26.244],[84.154,26.259],[84.122,26.26],[84.119,26.239],[84.101,26.238],[84.088,26.219],[84.02,26.238],[84.033,26.199],[84.018,26.197],[84.012,26.176],[84.037,26.161],[84.027,26.143],[84.051,26.129],[84.058,26.097],[84.1,26.094],[84.176,26.023],[84.175,25.989],[84.223,25.994],[84.305,25.945],[84.357,25.958],[84.417,25.929],[84.436,25.889],[84.537,25.876],[84.549,25.86],[84.528,25.859],[84.535,25.833],[84.565,25.836],[84.629,25.792],[84.629,25.771],[84.618,25.776],[84.609,25.759],[84.639,25.727],[84.564,25.735],[84.561,25.682],[84.54,25.691],[84.544,25.725],[84.533,25.683],[84.497,25.676],[84.498,25.689],[84.475,25.684],[84.457,25.713],[84.433,25.71],[84.432,25.693],[84.41,25.698],[84.388,25.747],[84.378,25.734],[84.34,25.743],[84.327,25.67],[84.292,25.675],[84.294,25.66],[84.211,25.668],[84.203,25.702],[84.157,25.729],[84.144,25.715],[84.135,25.717],[84.144,25.73],[84.103,25.718],[84.078,25.694],[84.085,25.636],[83.925,25.557],[83.905,25.526],[83.881,25.518],[83.86,25.472],[83.819,25.464],[83.814,25.452],[83.842,25.448],[83.847,25.435],[83.803,25.43],[83.814,25.423],[83.808,25.409],[83.772,25.397],[83.77,25.386],[83.758,25.39],[83.767,25.399],[83.741,25.409],[83.712,25.384],[83.703,25.394],[83.684,25.376],[83.697,25.369],[83.659,25.366],[83.651,25.339],[83.592,25.323],[83.573,25.306],[83.548,25.316],[83.554,25.308],[83.526,25.3],[83.52,25.286],[83.49,25.281],[83.466,25.248],[83.448,25.257],[83.44,25.242],[83.418,25.247],[83.397,25.205],[83.358,25.197],[83.344,25.182],[83.356,25.177],[83.366,25.122],[83.362,25.108],[83.348,25.11],[83.342,25.049],[83.33,25.054],[83.324,25.025],[83.352,25.009],[83.347,24.962],[83.365,24.954],[83.359,24.905],[83.372,24.879],[83.362,24.869],[83.403,24.819],[83.395,24.783],[83.461,24.732],[83.49,24.734],[83.489,24.704],[83.522,24.68],[83.505,24.65],[83.55,24.623],[83.525,24.602],[83.533,24.566],[83.525,24.548],[83.501,24.541],[83.506,24.526],[83.401,24.5],[83.389,24.454],[83.409,24.436],[83.408,24.408],[83.438,24.403],[83.459,24.364],[83.384,24.314],[83.41,24.265],[83.385,24.235],[83.386,24.2],[83.351,24.113],[83.324,24.106],[83.302,24.078],[83.282,24.02],[83.25,24.013],[83.224,23.989],[83.197,23.92],[83.094,23.877],[82.947,23.875],[82.889,23.909],[82.857,23.946],[82.808,23.966],[82.805,24.004],[82.754,24.012],[82.748,24.03],[82.764,24.042],[82.774,24.077],[82.716,24.079],[82.665,24.133],[82.679,24.157],[82.728,24.138],[82.744,24.167],[82.735,24.222],[82.758,24.235],[82.772,24.291],[82.769,24.371],[82.726,24.37],[82.715,24.384],[82.728,24.428],[82.741,24.431],[82.732,24.475],[82.745,24.498],[82.724,24.511],[82.721,24.554],[82.749,24.553],[82.754,24.54],[82.809,24.551],[82.804,24.598],[82.768,24.598],[82.771,24.644],[82.703,24.642],[82.704,24.674],[82.674,24.698],[82.537,24.65],[82.527,24.676],[82.457,24.676],[82.44,24.704],[82.41,24.682],[82.417,24.596],[82.362,24.602],[82.343,24.621],[82.302,24.611],[82.305,24.668],[82.272,24.684],[82.261,24.664],[82.256,24.673],[82.238,24.667],[82.237,24.688],[82.251,24.699],[82.252,24.773],[82.247,24.752],[82.229,24.765],[82.231,24.749],[82.208,24.75],[82.222,24.742],[82.222,24.726],[82.211,24.738],[82.181,24.737],[82.204,24.761],[82.198,24.78],[82.218,24.779],[82.217,24.795],[82.187,24.802],[82.204,24.822],[82.168,24.79],[82.14,24.802],[82.12,24.79],[82.09,24.819],[82.013,24.848],[81.965,24.829],[81.935,24.858],[81.937,24.87],[81.905,24.89],[81.92,24.928],[81.907,25.007],[81.898,25.01],[81.896,24.99],[81.838,25.016],[81.798,25.007],[81.741,25.046],[81.725,25.05],[81.714,25.035],[81.69,25.041],[81.667,25.076],[81.63,25.054],[81.613,25.057],[81.602,25.076],[81.64,25.1],[81.625,25.119],[81.61,25.097],[81.601,25.133],[81.626,25.143],[81.626,25.161],[81.618,25.17],[81.59,25.165],[81.596,25.18],[81.586,25.188],[81.518,25.184],[81.516,25.173],[81.538,25.16],[81.533,25.14],[81.504,25.149],[81.498,25.131],[81.48,25.132],[81.516,25.103],[81.492,25.072],[81.409,25.104],[81.447,25.107],[81.439,25.13],[81.397,25.121],[81.373,25.134],[81.358,25.164],[81.338,25.169],[81.321,25.16],[81.325,25.112],[81.315,25.162],[81.278,25.164],[81.283,25.15],[81.254,25.102],[81.27,25.065],[81.21,24.992],[81.221,24.978],[81.208,24.963],[81.221,24.931],[81.193,24.926],[81.207,24.931],[81.17,24.955],[81.161,24.913],[81.148,24.913],[81.141,24.889],[81.098,24.921],[81.085,24.949],[81.035,24.951],[81.027,24.941],[81.018,24.951],[81.025,24.929],[81.008,24.937],[80.989,24.926],[80.98,24.936],[80.963,24.922],[80.945,24.969],[80.905,24.953],[80.911,24.936],[80.893,24.945],[80.843,24.931],[80.81,24.941],[80.798,24.968],[80.827,24.97],[80.856,24.994],[80.835,25.035],[80.879,25.067],[80.873,25.12],[80.884,25.141],[80.897,25.137],[80.913,25.156],[80.886,25.192],[80.843,25.186],[80.851,25.167],[80.836,25.106],[80.808,25.142],[80.744,25.131],[80.731,25.145],[80.708,25.133],[80.734,25.119],[80.733,25.094],[80.784,25.08],[80.784,25.058],[80.735,25.068],[80.682,25.05],[80.687,25.078],[80.676,25.083],[80.664,25.07],[80.643,25.094],[80.63,25.085],[80.61,25.1],[80.641,25.119],[80.633,25.134],[80.614,25.131],[80.603,25.151],[80.598,25.131],[80.61,25.119],[80.596,25.105],[80.615,25.068],[80.571,25.087],[80.552,25.064],[80.518,25.097],[80.483,25.098],[80.508,25.085],[80.502,25.041],[80.548,25.032],[80.55,25.003],[80.521,25.009],[80.501,25.003],[80.481,24.976],[80.46,24.983],[80.466,25],[80.434,25.027],[80.454,25.041],[80.493,25.03],[80.502,25.038],[80.478,25.041],[80.449,25.078],[80.433,25.067],[80.418,25.073],[80.413,25.057],[80.402,25.068],[80.374,25.054],[80.394,25.007],[80.381,25.004],[80.367,25.022],[80.322,24.999],[80.286,25.017],[80.275,25.027],[80.29,25.056],[80.311,25.043],[80.353,25.054],[80.35,25.089],[80.377,25.111],[80.356,25.126],[80.359,25.141],[80.432,25.17],[80.407,25.239],[80.386,25.233],[80.349,25.274],[80.312,25.284],[80.319,25.383],[80.282,25.421],[80.264,25.424],[80.253,25.4],[80.22,25.399],[80.202,25.412],[80.196,25.379],[80.167,25.373],[80.131,25.334],[80.091,25.351],[80.07,25.337],[80.029,25.339],[80.021,25.297],[79.999,25.279],[80.005,25.264],[79.951,25.267],[79.921,25.229],[79.91,25.252],[79.855,25.236],[79.871,25.215],[79.86,25.199],[79.868,25.152],[79.88,25.146],[79.855,25.129],[79.857,25.092],[79.753,25.139],[79.674,25.123],[79.628,25.138],[79.606,25.127],[79.611,25.15],[79.597,25.143],[79.573,25.173],[79.521,25.121],[79.525,25.097],[79.497,25.078],[79.468,25.092],[79.476,25.13],[79.444,25.103],[79.434,25.134],[79.422,25.133],[79.417,25.111],[79.401,25.111],[79.391,25.166],[79.417,25.204],[79.44,25.198],[79.45,25.208],[79.435,25.22],[79.467,25.265],[79.499,25.264],[79.465,25.279],[79.423,25.254],[79.409,25.258],[79.41,25.274],[79.375,25.289],[79.366,25.259],[79.357,25.284],[79.338,25.289],[79.354,25.328],[79.312,25.335],[79.275,25.314],[79.264,25.287],[79.273,25.262],[79.295,25.285],[79.318,25.257],[79.34,25.271],[79.352,25.259],[79.349,25.226],[79.337,25.225],[79.355,25.209],[79.34,25.196],[79.333,25.218],[79.318,25.215],[79.281,25.243],[79.286,25.193],[79.322,25.147],[79.311,25.129],[79.268,25.117],[79.267,25.148],[79.243,25.156],[79.221,25.144],[79.251,25.136],[79.246,25.112],[79.214,25.109],[79.192,25.146],[79.174,25.138],[79.187,25.113],[79.137,25.106],[79.122,25.113],[79.132,25.125],[79.115,25.139],[79.128,25.159],[79.098,25.171],[79.092,25.188],[79.05,25.133],[79.029,25.138],[79.043,25.169],[79.032,25.182],[79.064,25.221],[79.034,25.23],[79.037,25.244],[79.02,25.243],[79.022,25.266],[79.012,25.272],[78.994,25.27],[78.979,25.24],[79.002,25.229],[79.003,25.191],[78.956,25.215],[78.881,25.158],[78.875,25.185],[78.89,25.206],[78.874,25.228],[78.879,25.246],[78.899,25.24],[78.923,25.271],[78.954,25.259],[78.955,25.279],[78.977,25.28],[78.96,25.307],[78.96,25.345],[78.939,25.327],[78.926,25.341],[78.886,25.342],[78.864,25.312],[78.88,25.283],[78.849,25.224],[78.813,25.266],[78.819,25.295],[78.791,25.293],[78.799,25.31],[78.822,25.306],[78.851,25.327],[78.845,25.347],[78.882,25.383],[78.957,25.395],[78.939,25.372],[78.9,25.37],[78.936,25.347],[78.986,25.371],[78.968,25.434],[78.95,25.437],[78.937,25.423],[78.911,25.442],[78.943,25.475],[78.924,25.512],[78.949,25.526],[78.938,25.555],[78.924,25.536],[78.918,25.554],[78.882,25.552],[78.884,25.519],[78.836,25.505],[78.865,25.462],[78.842,25.427],[78.821,25.441],[78.853,25.449],[78.837,25.461],[78.797,25.478],[78.764,25.471],[78.739,25.495],[78.732,25.458],[78.762,25.429],[78.797,25.437],[78.82,25.425],[78.75,25.408],[78.749,25.393],[78.767,25.397],[78.76,25.385],[78.772,25.353],[78.717,25.349],[78.716,25.374],[78.665,25.383],[78.664,25.415],[78.676,25.399],[78.709,25.424],[78.693,25.443],[78.682,25.433],[78.66,25.439],[78.641,25.433],[78.636,25.401],[78.611,25.412],[78.596,25.387],[78.568,25.391],[78.564,25.379],[78.585,25.372],[78.583,25.347],[78.563,25.343],[78.532,25.358],[78.549,25.321],[78.532,25.301],[78.507,25.299],[78.499,25.319],[78.474,25.288],[78.448,25.299],[78.434,25.284],[78.461,25.265],[78.504,25.289],[78.512,25.276],[78.528,25.283],[78.576,25.254],[78.569,25.222],[78.601,25.152],[78.604,25.093],[78.627,25.087],[78.649,25.057],[78.629,24.96],[78.649,24.948],[78.647,24.935],[78.661,24.939],[78.675,24.898],[78.771,24.857],[78.787,24.81],[78.771,24.79],[78.78,24.702],[78.747,24.655],[78.756,24.6],[78.784,24.589],[78.838,24.604],[78.846,24.624],[78.863,24.618],[78.873,24.641],[78.889,24.635],[78.92,24.577],[78.951,24.552],[78.951,24.505],[78.973,24.493],[78.937,24.48],[78.924,24.498],[78.908,24.484],[78.915,24.462],[78.951,24.439],[78.989,24.443],[78.995,24.424],[78.974,24.349],[78.914,24.297],[78.918,24.272],[78.886,24.25],[78.885,24.219],[78.831,24.197],[78.82,24.206],[78.812,24.18],[78.798,24.176],[78.766,24.232],[78.767,24.254],[78.752,24.235],[78.739,24.25],[78.705,24.23],[78.675,24.241],[78.661,24.269],[78.628,24.282],[78.629,24.305],[78.608,24.314],[78.585,24.353],[78.559,24.356],[78.512,24.389],[78.482,24.363],[78.474,24.335],[78.446,24.321],[78.441,24.293],[78.413,24.273],[78.388,24.27],[78.348,24.301],[78.331,24.33],[78.367,24.381],[78.267,24.449],[78.276,24.472],[78.246,24.485],[78.246,24.505],[78.223,24.527],[78.265,24.554],[78.276,24.611],[78.263,24.644],[78.275,24.662],[78.227,24.743],[78.232,24.772],[78.215,24.808],[78.17,24.852],[78.172,24.877],[78.206,24.891],[78.337,24.999],[78.345,25.022],[78.334,25.084],[78.402,25.125],[78.45,25.124],[78.425,25.148],[78.449,25.152],[78.451,25.168],[78.424,25.168],[78.392,25.19],[78.405,25.213],[78.361,25.241],[78.369,25.26],[78.352,25.293],[78.315,25.306],[78.338,25.332],[78.302,25.37],[78.337,25.396],[78.356,25.451],[78.384,25.443],[78.401,25.466],[78.428,25.472],[78.416,25.528],[78.437,25.559],[78.462,25.547],[78.494,25.577],[78.589,25.559],[78.613,25.584],[78.656,25.56],[78.684,25.589],[78.813,25.619],[78.819,25.669],[78.799,25.705],[78.76,25.722],[78.754,25.744],[78.783,25.756],[78.807,25.794],[78.828,25.794],[78.83,25.81],[78.808,25.808],[78.819,25.825],[78.849,25.815],[78.857,25.791],[78.87,25.794],[78.874,25.829],[78.854,25.833],[78.854,25.855],[78.871,25.869],[78.891,25.865],[78.895,25.894],[78.884,25.91],[78.937,25.944],[78.932,25.975],[78.951,25.985],[78.952,26.031],[79.011,26.076],[79.012,26.089],[78.951,26.134],[78.969,26.149],[79.009,26.149],[79.012,26.167],[78.984,26.187],[79,26.198],[79.021,26.191],[79.029,26.204],[79.022,26.222],[78.992,26.235],[79.019,26.246],[79.035,26.228],[79.065,26.227],[79.067,26.248],[79.045,26.261],[79.076,26.282],[79.092,26.267],[79.102,26.306],[79.135,26.31],[79.124,26.33],[79.136,26.326],[79.142,26.339],[79.085,26.357],[79.099,26.374],[79.095,26.412],[79.126,26.412],[79.135,26.439],[79.101,26.452],[79.089,26.438],[79.057,26.45],[79.07,26.498],[79.059,26.495],[79.029,26.546],[79.004,26.548],[79.015,26.552],[79,26.577],[78.988,26.568],[78.987,26.587],[79.014,26.605],[78.996,26.638],[79.01,26.668],[79.002,26.679],[78.947,26.657],[78.957,26.691],[78.913,26.708],[78.874,26.699],[78.82,26.76],[78.775,26.759],[78.75,26.787],[78.732,26.774],[78.724,26.794],[78.686,26.787],[78.668,26.763],[78.637,26.77],[78.611,26.75],[78.574,26.752],[78.524,26.779],[78.459,26.792],[78.434,26.826],[78.398,26.819],[78.36,26.869],[78.285,26.855],[78.264,26.814],[78.218,26.83],[78.222,26.843],[78.199,26.878],[78.235,26.877],[78.271,26.918],[78.224,26.948],[78.214,26.933],[78.123,26.949],[78.121,26.922],[78.104,26.923],[78.11,26.899],[78.051,26.91],[78.056,26.869],[78.03,26.855],[78.036,26.87],[78.022,26.903],[77.983,26.892],[77.971,26.907],[77.95,26.894],[77.908,26.919],[77.911,26.895],[77.898,26.884],[77.829,26.92],[77.797,26.917],[77.761,26.932],[77.752,26.917],[77.727,26.911],[77.724,26.876],[77.686,26.873],[77.673,26.854],[77.624,26.843],[77.612,26.827],[77.608,26.837],[77.564,26.816],[77.528,26.816],[77.521,26.839],[77.506,26.842],[77.489,26.782],[77.504,26.768],[77.488,26.748],[77.456,26.741],[77.472,26.764],[77.464,26.775],[77.436,26.765],[77.447,26.814],[77.425,26.837],[77.43,26.861],[77.462,26.871],[77.463,26.884],[77.49,26.898],[77.588,26.925],[77.595,26.939],[77.602,26.932],[77.657,26.968],[77.673,26.961],[77.723,26.986],[77.744,26.982],[77.763,27.017],[77.735,27.026],[77.722,26.992],[77.705,27.001],[77.686,27.045],[77.668,27.019],[77.642,27.021],[77.635,27.01],[77.592,27.034],[77.565,27.031],[77.574,27.072],[77.522,27.065],[77.526,27.082],[77.51,27.094],[77.599,27.117],[77.613,27.163],[77.663,27.17],[77.681,27.195],[77.65,27.209],[77.653,27.233],[77.634,27.257],[77.617,27.259],[77.623,27.273],[77.6,27.295],[77.622,27.309],[77.623,27.338],[77.583,27.321],[77.506,27.376],[77.44,27.394],[77.424,27.42],[77.438,27.456],[77.405,27.472],[77.391,27.511],[77.344,27.524],[77.339,27.565],[77.359,27.588],[77.32,27.606],[77.351,27.647],[77.345,27.691],[77.339,27.706],[77.306,27.713],[77.321,27.733],[77.313,27.782],[77.285,27.801],[77.298,27.824],[77.331,27.829],[77.348,27.854],[77.421,27.853],[77.411,27.876],[77.421,27.891],[77.451,27.873],[77.468,27.88],[77.482,27.896],[77.487,27.935],[77.505,27.925],[77.541,27.936],[77.545,27.96],[77.519,27.968],[77.545,27.988],[77.488,28.038],[77.478,28.08],[77.488,28.102],[77.502,28.092],[77.509,28.122],[77.497,28.136],[77.508,28.157],[77.552,28.176],[77.515,28.19],[77.502,28.179],[77.499,28.206],[77.529,28.196],[77.525,28.224],[77.551,28.242],[77.477,28.264],[77.482,28.276],[77.502,28.275],[77.506,28.301],[77.474,28.332],[77.504,28.353],[77.477,28.394],[77.484,28.408],[77.446,28.426],[77.436,28.449],[77.379,28.475],[77.305,28.556],[77.305,28.577],[77.348,28.612],[77.321,28.639],[77.337,28.68],[77.334,28.71],[77.295,28.707],[77.291,28.725],[77.227,28.776],[77.235,28.782],[77.207,28.79],[77.205,28.81],[77.224,28.808],[77.228,28.83],[77.188,28.88],[77.232,28.899],[77.207,28.916],[77.216,28.931],[77.201,28.942],[77.225,29.001],[77.173,29.043],[77.168,29.072],[77.133,29.101],[77.149,29.13],[77.137,29.149],[77.151,29.177],[77.136,29.22],[77.155,29.238],[77.14,29.268],[77.165,29.33],[77.129,29.352],[77.128,29.372],[77.158,29.385],[77.137,29.406],[77.151,29.437],[77.126,29.457],[77.131,29.492],[77.096,29.529],[77.121,29.548],[77.097,29.596],[77.121,29.642],[77.143,29.658],[77.131,29.681],[77.155,29.701],[77.125,29.744],[77.13,29.771],[77.164,29.788],[77.201,29.917],[77.275,29.997],[77.283,30.044],[77.337,30.057],[77.427,30.102],[77.411,30.114],[77.425,30.123],[77.436,30.164],[77.46,30.164],[77.486,30.184],[77.54,30.277],[77.583,30.306],[77.583,30.332],[77.605,30.366],[77.576,30.4],[77.598,30.404]],[[77.674,28.108],[77.676,28.103],[77.675,28.105],[77.674,28.108]],[[80.48,25.07],[80.488,25.056],[80.48,25.07]]]]}},{"type":"Feature","properties":{"ST_NM":"Uttarakhand"},"geometry":{"type":"Polygon","coordinates":[[[79.21,31.348],[79.237,31.332],[79.237,31.314],[79.265,31.289],[79.249,31.249],[79.288,31.226],[79.304,31.19],[79.3,31.165],[79.34,31.124],[79.397,31.113],[79.408,31.074],[79.422,31.072],[79.428,31.032],[79.517,31.034],[79.535,30.99],[79.553,30.986],[79.548,30.968],[79.605,30.937],[79.665,30.965],[79.667,30.979],[79.729,30.98],[79.753,31.001],[79.82,30.972],[79.867,30.975],[79.89,30.925],[79.913,30.916],[79.93,30.887],[79.962,30.885],[80.04,30.838],[80.059,30.838],[80.116,30.775],[80.153,30.79],[80.155,30.806],[80.174,30.807],[80.2,30.781],[80.205,30.758],[80.239,30.759],[80.252,30.731],[80.235,30.692],[80.195,30.664],[80.224,30.639],[80.213,30.617],[80.227,30.609],[80.23,30.573],[80.253,30.56],[80.269,30.57],[80.32,30.562],[80.383,30.521],[80.415,30.526],[80.438,30.5],[80.5,30.485],[80.541,30.449],[80.57,30.462],[80.581,30.483],[80.599,30.482],[80.752,30.393],[80.788,30.34],[80.826,30.314],[81.008,30.265],[81.034,30.247],[81.041,30.198],[80.936,30.177],[80.92,30.186],[80.919,30.214],[80.903,30.216],[80.867,30.17],[80.875,30.131],[80.772,30.058],[80.744,30.002],[80.719,29.998],[80.682,29.961],[80.6,29.954],[80.573,29.923],[80.561,29.862],[80.508,29.82],[80.495,29.795],[80.438,29.805],[80.41,29.79],[80.401,29.759],[80.374,29.749],[80.37,29.725],[80.395,29.668],[80.424,29.641],[80.414,29.598],[80.398,29.571],[80.351,29.551],[80.355,29.518],[80.292,29.471],[80.303,29.45],[80.28,29.457],[80.246,29.441],[80.249,29.408],[80.278,29.394],[80.285,29.344],[80.317,29.323],[80.298,29.236],[80.302,29.198],[80.253,29.219],[80.274,29.144],[80.241,29.119],[80.185,29.132],[80.152,29.105],[80.13,29.035],[80.141,29.006],[80.094,28.971],[80.067,28.919],[80.07,28.829],[80.038,28.794],[80.052,28.777],[80.047,28.757],[80,28.711],[79.941,28.72],[79.901,28.78],[79.913,28.796],[79.879,28.79],[79.852,28.803],[79.858,28.815],[79.887,28.812],[79.866,28.838],[79.836,28.839],[79.828,28.806],[79.795,28.799],[79.798,28.815],[79.807,28.809],[79.812,28.819],[79.806,28.847],[79.821,28.857],[79.786,28.886],[79.724,28.875],[79.678,28.842],[79.625,28.863],[79.565,28.839],[79.566,28.872],[79.55,28.886],[79.519,28.857],[79.423,28.85],[79.407,28.879],[79.413,28.926],[79.389,28.931],[79.372,28.964],[79.364,28.946],[79.307,28.948],[79.216,29.023],[79.197,29.012],[79.17,29.017],[79.177,29.045],[79.149,29.063],[79.156,29.101],[79.143,29.123],[79.113,29.126],[79.039,29.166],[79.041,29.146],[79.022,29.147],[79.021,29.13],[79.043,29.124],[79.029,29.112],[79.012,29.11],[78.974,29.161],[78.956,29.144],[78.912,29.145],[78.911,29.197],[78.865,29.255],[78.826,29.246],[78.726,29.313],[78.741,29.313],[78.74,29.328],[78.77,29.344],[78.795,29.34],[78.801,29.323],[78.821,29.377],[78.841,29.362],[78.845,29.375],[78.882,29.386],[78.913,29.441],[78.935,29.45],[78.798,29.47],[78.751,29.499],[78.706,29.503],[78.589,29.575],[78.53,29.633],[78.5,29.736],[78.344,29.79],[78.315,29.752],[78.244,29.698],[78.234,29.712],[78.206,29.704],[78.178,29.674],[78.151,29.67],[78.094,29.596],[78.056,29.587],[78.049,29.547],[78.006,29.549],[78,29.54],[77.989,29.553],[77.996,29.582],[77.959,29.585],[77.964,29.61],[77.989,29.608],[77.984,29.67],[77.974,29.665],[77.955,29.686],[77.964,29.7],[77.939,29.709],[77.922,29.693],[77.886,29.696],[77.841,29.664],[77.805,29.676],[77.81,29.692],[77.77,29.711],[77.781,29.729],[77.777,29.78],[77.754,29.804],[77.742,29.848],[77.714,29.866],[77.715,29.884],[77.745,29.908],[77.73,29.93],[77.757,29.962],[77.743,29.982],[77.785,30.021],[77.77,30.043],[77.799,30.095],[77.833,30.088],[77.945,30.242],[77.724,30.334],[77.686,30.381],[77.647,30.406],[77.576,30.4],[77.576,30.412],[77.617,30.433],[77.644,30.431],[77.654,30.447],[77.692,30.447],[77.768,30.493],[77.813,30.506],[77.824,30.528],[77.817,30.559],[77.775,30.558],[77.743,30.593],[77.748,30.603],[77.768,30.596],[77.77,30.615],[77.796,30.614],[77.782,30.647],[77.793,30.659],[77.747,30.681],[77.755,30.706],[77.736,30.732],[77.705,30.744],[77.702,30.764],[77.758,30.825],[77.746,30.846],[77.756,30.874],[77.769,30.878],[77.779,30.86],[77.803,30.854],[77.81,30.919],[77.76,30.918],[77.749,30.955],[77.778,30.972],[77.834,30.952],[77.811,30.965],[77.824,31.001],[77.84,31.003],[77.815,31.057],[77.857,31.077],[77.866,31.106],[77.893,31.12],[77.902,31.15],[77.97,31.174],[78.029,31.15],[78.045,31.181],[78.103,31.186],[78.163,31.227],[78.203,31.217],[78.227,31.234],[78.248,31.23],[78.284,31.267],[78.309,31.261],[78.314,31.283],[78.371,31.286],[78.397,31.277],[78.413,31.243],[78.435,31.255],[78.459,31.239],[78.485,31.199],[78.552,31.202],[78.582,31.229],[78.611,31.231],[78.65,31.217],[78.663,31.19],[78.81,31.2],[78.834,31.142],[78.877,31.107],[78.912,31.1],[78.928,31.111],[78.957,31.1],[79.012,31.112],[78.991,31.145],[78.99,31.173],[78.925,31.229],[78.941,31.327],[79.007,31.359],[79.05,31.423],[79.061,31.463],[79.145,31.434],[79.21,31.348]]]}},{"type":"Feature","properties":{"ST_NM":"West Bengal"},"geometry":{"type":"MultiPolygon","coordinates":[[[[88.019,21.573],[88.016,21.582],[88.019,21.573]]],[[[88.498,21.6],[88.533,21.58],[88.531,21.542],[88.506,21.541],[88.504,21.565],[88.504,21.544],[88.481,21.555],[88.498,21.6]]],[[[88.178,21.601],[88.187,21.56],[88.171,21.576],[88.168,21.597],[88.178,21.601]]],[[[88.835,21.607],[88.875,21.593],[88.904,21.556],[88.844,21.553],[88.828,21.577],[88.835,21.607]]],[[[88.729,21.637],[88.735,21.611],[88.757,21.6],[88.736,21.572],[88.714,21.578],[88.707,21.593],[88.713,21.626],[88.729,21.637]]],[[[88.537,21.639],[88.588,21.602],[88.581,21.579],[88.551,21.564],[88.537,21.587],[88.557,21.604],[88.537,21.588],[88.51,21.601],[88.523,21.652],[88.537,21.639]]],[[[88.892,21.652],[88.892,21.652]]],[[[88.774,21.648],[88.772,21.624],[88.791,21.603],[88.782,21.596],[88.798,21.591],[88.75,21.577],[88.759,21.599],[88.736,21.612],[88.73,21.641],[88.769,21.656],[88.774,21.648]]],[[[88.966,21.642],[88.993,21.642],[88.99,21.614],[88.956,21.617],[88.942,21.64],[88.954,21.677],[88.966,21.642]]],[[[88.634,21.657],[88.63,21.649],[88.64,21.679],[88.634,21.657]]],[[[88.577,21.692],[88.601,21.62],[88.554,21.638],[88.571,21.665],[88.567,21.69],[88.577,21.692]]],[[[88.592,21.694],[88.606,21.674],[88.589,21.657],[88.58,21.683],[88.592,21.69],[88.588,21.702],[88.592,21.694]]],[[[88.984,21.706],[88.988,21.652],[89.024,21.653],[89.022,21.636],[89.038,21.618],[89.029,21.605],[89,21.602],[88.993,21.644],[88.963,21.647],[88.951,21.701],[88.984,21.706]]],[[[88.807,21.707],[88.807,21.664],[88.797,21.655],[88.731,21.684],[88.757,21.682],[88.807,21.707]]],[[[88.311,21.706],[88.344,21.692],[88.346,21.653],[88.358,21.648],[88.315,21.608],[88.306,21.632],[88.316,21.679],[88.3,21.703],[88.311,21.706]]],[[[88.454,21.709],[88.471,21.673],[88.441,21.615],[88.42,21.652],[88.419,21.689],[88.454,21.709]]],[[[88.697,21.713],[88.706,21.682],[88.751,21.648],[88.723,21.638],[88.687,21.683],[88.697,21.713]]],[[[88.205,21.721],[88.217,21.701],[88.195,21.683],[88.227,21.67],[88.232,21.644],[88.211,21.62],[88.214,21.602],[88.181,21.686],[88.205,21.721]]],[[[89.059,21.722],[89.095,21.641],[89.051,21.618],[89.038,21.641],[89.028,21.635],[89.026,21.691],[89.01,21.708],[89.059,21.722]]],[[[88.978,21.727],[89.021,21.714],[89.008,21.708],[89.024,21.689],[89.008,21.652],[88.99,21.653],[88.993,21.701],[88.971,21.72],[88.978,21.727]]],[[[88.546,21.736],[88.571,21.733],[88.591,21.692],[88.58,21.685],[88.57,21.711],[88.543,21.724],[88.574,21.695],[88.553,21.704],[88.566,21.702],[88.569,21.668],[88.551,21.636],[88.529,21.653],[88.517,21.71],[88.546,21.736]]],[[[88.196,21.724],[88.201,21.737],[88.196,21.724]]],[[[88.883,21.745],[88.941,21.694],[88.921,21.632],[88.887,21.659],[88.873,21.694],[88.883,21.745]]],[[[88.412,21.731],[88.429,21.702],[88.413,21.691],[88.411,21.657],[88.432,21.627],[88.413,21.623],[88.398,21.596],[88.38,21.682],[88.404,21.717],[88.369,21.728],[88.388,21.735],[88.395,21.755],[88.412,21.731]]],[[[88.221,21.762],[88.271,21.755],[88.262,21.729],[88.277,21.726],[88.311,21.676],[88.288,21.623],[88.289,21.596],[88.306,21.584],[88.292,21.563],[88.248,21.564],[88.243,21.597],[88.216,21.616],[88.235,21.635],[88.233,21.669],[88.204,21.676],[88.198,21.69],[88.221,21.701],[88.211,21.723],[88.221,21.762]]],[[[88.927,21.762],[88.965,21.752],[88.968,21.739],[88.986,21.746],[88.969,21.723],[88.984,21.706],[88.95,21.702],[88.923,21.719],[88.927,21.762]]],[[[88.365,21.764],[88.365,21.722],[88.398,21.713],[88.361,21.686],[88.338,21.713],[88.349,21.726],[88.344,21.757],[88.365,21.764]]],[[[89.005,21.765],[89.059,21.726],[89.017,21.718],[89.005,21.765]]],[[[88.832,21.766],[88.865,21.76],[88.839,21.708],[88.86,21.636],[88.843,21.627],[88.844,21.644],[88.829,21.651],[88.842,21.644],[88.846,21.62],[88.809,21.638],[88.823,21.665],[88.814,21.711],[88.762,21.702],[88.782,21.716],[88.791,21.749],[88.832,21.766]]],[[[88.385,21.764],[88.387,21.741],[88.362,21.732],[88.372,21.763],[88.385,21.764]]],[[[88.201,21.769],[88.196,21.757],[88.201,21.769]]],[[[88.283,21.765],[88.283,21.765]]],[[[87.945,21.745],[87.934,21.744],[87.96,21.771],[87.945,21.745]]],[[[87.884,21.745],[87.904,21.772],[87.884,21.745]]],[[[88.582,21.778],[88.585,21.754],[88.618,21.74],[88.619,21.729],[88.58,21.725],[88.584,21.748],[88.569,21.77],[88.582,21.778]]],[[[88.302,21.725],[88.296,21.706],[88.277,21.732],[88.289,21.778],[88.303,21.756],[88.302,21.725]]],[[[88.505,21.783],[88.505,21.783]]],[[[89,21.785],[89.012,21.78],[88.997,21.771],[89.015,21.728],[89.006,21.716],[88.977,21.728],[88.988,21.747],[88.97,21.74],[88.951,21.758],[88.987,21.788],[89,21.785]]],[[[88.61,21.79],[88.631,21.741],[88.608,21.708],[88.599,21.716],[88.623,21.737],[88.586,21.759],[88.592,21.785],[88.61,21.79]]],[[[88.274,21.791],[88.288,21.784],[88.283,21.769],[88.264,21.793],[88.274,21.791]]],[[[88.183,21.788],[88.181,21.796],[88.183,21.788]]],[[[88.459,21.789],[88.475,21.791],[88.467,21.736],[88.456,21.711],[88.433,21.704],[88.423,21.768],[88.446,21.798],[88.459,21.789]]],[[[88.716,21.807],[88.727,21.779],[88.759,21.76],[88.752,21.732],[88.777,21.721],[88.75,21.707],[88.736,21.72],[88.746,21.706],[88.759,21.71],[88.763,21.693],[88.756,21.683],[88.729,21.687],[88.756,21.665],[88.748,21.658],[88.712,21.688],[88.695,21.744],[88.716,21.807]]],[[[88.171,21.809],[88.167,21.791],[88.171,21.809]]],[[[88.545,21.81],[88.573,21.787],[88.562,21.774],[88.573,21.736],[88.542,21.738],[88.519,21.719],[88.504,21.758],[88.535,21.792],[88.512,21.765],[88.504,21.772],[88.545,21.81]]],[[[88.422,21.811],[88.443,21.8],[88.421,21.769],[88.424,21.72],[88.383,21.777],[88.422,21.811]]],[[[89,21.812],[89.017,21.812],[89.024,21.759],[88.999,21.766],[89.013,21.779],[88.99,21.79],[89,21.812]]],[[[88.751,21.795],[88.756,21.78],[88.746,21.772],[88.728,21.78],[88.75,21.814],[88.751,21.795]]],[[[88.828,21.804],[88.821,21.784],[88.83,21.767],[88.792,21.749],[88.784,21.767],[88.821,21.823],[88.828,21.804]]],[[[88.787,21.745],[88.777,21.731],[88.757,21.733],[88.764,21.762],[88.75,21.769],[88.781,21.825],[88.796,21.787],[88.782,21.767],[88.787,21.745]]],[[[88.916,21.826],[88.937,21.816],[88.918,21.792],[88.913,21.755],[88.897,21.752],[88.907,21.794],[88.894,21.789],[88.883,21.809],[88.916,21.826]]],[[[88.182,21.826],[88.186,21.819],[88.182,21.826]]],[[[88.56,21.827],[88.56,21.827]]],[[[88.485,21.835],[88.499,21.81],[88.486,21.799],[88.453,21.805],[88.451,21.816],[88.485,21.835]]],[[[88.941,21.847],[88.975,21.814],[88.94,21.793],[88.956,21.768],[88.914,21.756],[88.92,21.792],[88.939,21.816],[88.924,21.836],[88.941,21.847]]],[[[88.592,21.85],[88.618,21.83],[88.607,21.817],[88.614,21.798],[88.589,21.798],[88.576,21.816],[88.592,21.85]]],[[[88.52,21.855],[88.525,21.835],[88.52,21.855]]],[[[88.538,21.854],[88.538,21.854]]],[[[88.331,21.861],[88.353,21.854],[88.361,21.796],[88.38,21.786],[88.376,21.767],[88.343,21.76],[88.345,21.721],[88.315,21.709],[88.298,21.776],[88.311,21.796],[88.294,21.803],[88.31,21.795],[88.295,21.774],[88.26,21.807],[88.307,21.829],[88.312,21.855],[88.331,21.861]]],[[[88.856,21.865],[88.877,21.852],[88.882,21.797],[88.898,21.78],[88.891,21.754],[88.922,21.743],[88.914,21.728],[88.879,21.749],[88.865,21.779],[88.835,21.782],[88.837,21.843],[88.856,21.865]]],[[[88.583,21.866],[88.585,21.877],[88.583,21.866]]],[[[88.137,21.875],[88.173,21.812],[88.164,21.805],[88.171,21.742],[88.155,21.685],[88.143,21.68],[88.156,21.68],[88.155,21.65],[88.14,21.631],[88.107,21.626],[88.041,21.649],[88.037,21.679],[88.074,21.783],[88.137,21.875]]],[[[88.789,21.879],[88.789,21.863],[88.801,21.878],[88.801,21.868],[88.83,21.862],[88.821,21.84],[88.819,21.852],[88.821,21.825],[88.795,21.791],[88.79,21.821],[88.766,21.828],[88.789,21.879]]],[[[88.979,21.893],[89.031,21.864],[89.024,21.849],[88.989,21.868],[89.027,21.847],[89.03,21.833],[89.02,21.817],[88.995,21.815],[88.97,21.775],[88.943,21.788],[88.953,21.803],[88.977,21.805],[88.979,21.823],[88.956,21.827],[88.95,21.84],[88.978,21.865],[88.969,21.891],[88.979,21.893]]],[[[88.622,21.898],[88.634,21.869],[88.654,21.868],[88.64,21.785],[88.622,21.793],[88.612,21.817],[88.622,21.83],[88.595,21.853],[88.622,21.898]]],[[[88.137,21.895],[88.137,21.895]]],[[[88.817,21.901],[88.841,21.888],[88.831,21.865],[88.8,21.871],[88.817,21.901]]],[[[88.562,21.897],[88.576,21.891],[88.573,21.858],[88.55,21.817],[88.531,21.85],[88.55,21.879],[88.541,21.903],[88.562,21.897]]],[[[88.424,21.906],[88.424,21.906]]],[[[88.446,21.905],[88.484,21.886],[88.49,21.858],[88.489,21.838],[88.448,21.816],[88.463,21.79],[88.426,21.812],[88.402,21.798],[88.393,21.829],[88.419,21.903],[88.446,21.905]]],[[[88.718,21.907],[88.749,21.896],[88.781,21.859],[88.768,21.85],[88.764,21.828],[88.777,21.822],[88.758,21.781],[88.752,21.815],[88.725,21.794],[88.704,21.826],[88.728,21.837],[88.702,21.824],[88.696,21.839],[88.703,21.856],[88.717,21.855],[88.697,21.848],[88.718,21.907]]],[[[88.108,21.893],[88.11,21.884],[88.113,21.911],[88.108,21.893]]],[[[88.505,21.913],[88.49,21.889],[88.477,21.898],[88.505,21.913]]],[[[88.452,21.906],[88.442,21.909],[88.456,21.914],[88.452,21.906]]],[[[88.64,21.922],[88.668,21.912],[88.653,21.873],[88.634,21.871],[88.623,21.901],[88.64,21.922]]],[[[88.135,21.927],[88.145,21.915],[88.129,21.899],[88.116,21.918],[88.135,21.927]]],[[[88.837,21.918],[88.857,21.911],[88.921,21.926],[88.975,21.897],[88.966,21.89],[88.977,21.868],[88.955,21.854],[88.959,21.87],[88.943,21.885],[88.957,21.87],[88.946,21.841],[88.919,21.859],[88.91,21.881],[88.914,21.861],[88.939,21.849],[88.923,21.824],[88.888,21.812],[88.878,21.854],[88.857,21.859],[88.854,21.89],[88.82,21.928],[88.837,21.918]]],[[[88.724,21.932],[88.735,21.918],[88.754,21.927],[88.799,21.92],[88.814,21.903],[88.808,21.884],[88.791,21.865],[88.792,21.879],[88.777,21.869],[88.719,21.909],[88.724,21.932]]],[[[88.163,21.937],[88.172,21.929],[88.165,21.916],[88.163,21.937]]],[[[88.745,21.98],[88.755,21.975],[88.751,21.954],[88.776,21.941],[88.786,21.953],[88.789,21.94],[88.806,21.937],[88.801,21.927],[88.734,21.924],[88.722,21.943],[88.724,21.976],[88.745,21.98]]],[[[88.759,21.999],[88.742,21.984],[88.758,22.007],[88.759,21.999]]],[[[88.66,22.019],[88.716,22.001],[88.694,21.97],[88.687,21.992],[88.695,21.961],[88.668,21.954],[88.688,21.953],[88.679,21.943],[88.628,21.96],[88.634,21.995],[88.66,22.019]]],[[[88.141,22.026],[88.088,21.933],[88.048,21.911],[88.077,22],[88.141,22.026]]],[[[88.813,22.019],[88.867,22.024],[88.875,22.012],[88.904,22.011],[88.906,21.928],[88.85,21.92],[88.825,21.94],[88.791,21.941],[88.787,21.955],[88.776,21.943],[88.753,21.956],[88.752,21.985],[88.774,21.99],[88.782,21.973],[88.8,21.97],[88.783,21.973],[88.79,21.985],[88.777,21.991],[88.754,21.988],[88.772,22.011],[88.761,22.015],[88.801,22.03],[88.813,22.019]]],[[[88.731,22.045],[88.731,22.045]]],[[[88.764,22.052],[88.791,22.029],[88.762,22.021],[88.751,22.051],[88.764,22.052]]],[[[88.903,22.045],[88.894,22.015],[88.876,22.015],[88.852,22.04],[88.891,22.046],[88.886,22.058],[88.903,22.045]]],[[[88.031,22.061],[88.031,22.061]]],[[[89.016,22.051],[89.041,22.049],[89.074,22.004],[89.078,21.981],[89.072,21.969],[89.069,21.985],[89.06,21.932],[89.042,21.934],[89.041,21.951],[89.05,21.93],[89.03,21.926],[88.999,21.95],[89.018,21.974],[89.005,21.986],[89.033,22.002],[88.994,21.974],[88.976,21.991],[88.999,22.007],[88.974,21.994],[88.968,22.016],[88.985,22.055],[89.009,22.051],[89.016,22.063],[89.016,22.051]]],[[[88.636,22.051],[88.629,22.062],[88.636,22.051]]],[[[88.812,22.061],[88.832,22.05],[88.832,22.027],[88.78,22.038],[88.788,22.06],[88.812,22.061]]],[[[88.871,22.079],[88.87,22.063],[88.891,22.048],[88.854,22.045],[88.86,22.026],[88.836,22.025],[88.832,22.047],[88.846,22.062],[88.831,22.052],[88.819,22.063],[88.871,22.079]]],[[[88.69,22.08],[88.69,22.08]]],[[[88.904,22.084],[88.891,22.06],[88.871,22.064],[88.87,22.087],[88.904,22.084]]],[[[88.722,22.099],[88.693,22.078],[88.722,22.099]]],[[[88.803,22.085],[88.828,22.086],[88.837,22.067],[88.792,22.056],[88.787,22.072],[88.782,22.048],[88.748,22.057],[88.783,22.107],[88.799,22.109],[88.803,22.085]]],[[[88.818,22.123],[88.843,22.122],[88.868,22.085],[88.841,22.09],[88.844,22.098],[88.838,22.09],[88.868,22.083],[88.837,22.073],[88.82,22.104],[88.825,22.087],[88.806,22.084],[88.799,22.112],[88.807,22.126],[88.818,22.123]]],[[[88.729,22.114],[88.737,22.129],[88.729,22.114]]],[[[88.865,22.167],[88.883,22.167],[88.9,22.149],[88.924,22.106],[88.916,22.09],[88.896,22.091],[88.892,22.114],[88.895,22.091],[88.871,22.088],[88.831,22.127],[88.861,22.144],[88.848,22.168],[88.865,22.167]]],[[[88.95,22.189],[88.961,22.189],[88.985,22.149],[88.981,22.133],[88.97,22.157],[88.953,22.158],[88.969,22.156],[88.969,22.141],[88.986,22.132],[88.969,22.082],[88.951,22.104],[88.967,22.079],[88.925,22.065],[88.924,22.023],[88.931,22],[88.946,22],[88.934,22.054],[88.964,22.057],[88.977,22.039],[88.962,22.017],[88.976,22.005],[88.972,21.988],[88.988,21.984],[88.991,21.97],[89.014,21.979],[88.991,21.954],[89.021,21.922],[89.014,21.902],[88.968,21.922],[88.977,21.946],[88.963,21.936],[88.967,21.923],[88.938,21.934],[88.913,21.994],[88.901,22.065],[88.931,22.098],[88.923,22.123],[88.94,22.129],[88.936,22.143],[88.929,22.136],[88.939,22.127],[88.914,22.129],[88.893,22.167],[88.92,22.161],[88.95,22.189]]],[[[89.002,22.199],[89.014,22.195],[89.022,22.148],[89.05,22.132],[89.035,22.11],[89.016,22.114],[89.03,22.123],[89.015,22.115],[89.036,22.109],[89.039,22.054],[89.028,22.053],[89.022,22.079],[89.026,22.053],[89.016,22.064],[89.008,22.052],[88.984,22.057],[88.977,22.04],[88.962,22.061],[88.981,22.08],[88.997,22.14],[88.973,22.194],[89.002,22.199]]],[[[88.695,22.209],[88.766,22.192],[88.789,22.169],[88.685,22.086],[88.687,22.061],[88.737,22.03],[88.739,22.016],[88.721,22.005],[88.663,22.024],[88.654,22.078],[88.634,22.105],[88.653,22.164],[88.695,22.209]]],[[[88.845,22.189],[88.862,22.202],[88.868,22.17],[88.843,22.168],[88.856,22.144],[88.778,22.112],[88.739,22.057],[88.705,22.064],[88.704,22.081],[88.735,22.104],[88.75,22.136],[88.807,22.179],[88.839,22.167],[88.829,22.209],[88.845,22.189]]],[[[87.99,22.218],[87.997,22.213],[87.99,22.218]]],[[[88.932,22.225],[88.954,22.222],[88.962,22.197],[88.931,22.177],[88.908,22.198],[88.919,22.231],[88.932,22.225]]],[[[88.985,22.382],[88.983,22.326],[89.023,22.299],[88.999,22.298],[88.994,22.285],[89.017,22.269],[89.015,22.251],[89.033,22.257],[89.037,22.226],[89.067,22.199],[89.067,22.149],[89.096,22.156],[89.062,22.128],[89.024,22.164],[89.02,22.206],[88.973,22.209],[88.947,22.256],[88.954,22.361],[88.974,22.393],[88.967,22.408],[88.989,22.392],[88.985,22.382]]],[[[87.939,22.397],[87.933,22.41],[87.939,22.397]]],[[[88.862,22.399],[88.866,22.386],[88.881,22.403],[88.875,22.385],[88.898,22.364],[88.899,22.337],[88.861,22.37],[88.862,22.411],[88.862,22.399]]],[[[88.868,22.411],[88.874,22.405],[88.868,22.411]]],[[[88.919,22.427],[88.911,22.424],[88.919,22.427]]],[[[87.926,22.425],[87.919,22.43],[87.926,22.425]]],[[[87.912,22.432],[87.912,22.432]]],[[[88.859,22.469],[88.856,22.459],[88.859,22.469]]],[[[88.781,22.501],[88.811,22.48],[88.812,22.454],[88.827,22.447],[88.821,22.435],[88.834,22.433],[88.804,22.444],[88.781,22.501]]],[[[88.898,22.549],[88.906,22.521],[88.895,22.501],[88.905,22.497],[88.892,22.465],[88.908,22.435],[88.903,22.413],[88.922,22.401],[88.888,22.379],[88.899,22.367],[88.877,22.385],[88.882,22.404],[88.856,22.422],[88.858,22.482],[88.868,22.488],[88.844,22.503],[88.868,22.522],[88.869,22.541],[88.872,22.531],[88.888,22.554],[88.898,22.549]]],[[[88.934,22.564],[88.934,22.564]]],[[[88.92,22.565],[88.96,22.549],[88.972,22.496],[88.995,22.468],[88.988,22.443],[88.999,22.43],[88.963,22.408],[88.97,22.393],[88.958,22.365],[88.935,22.396],[88.947,22.421],[88.939,22.419],[88.934,22.395],[88.953,22.367],[88.943,22.31],[88.907,22.336],[88.896,22.38],[88.93,22.39],[88.908,22.416],[88.921,22.427],[88.895,22.466],[88.914,22.509],[88.895,22.56],[88.92,22.565]]],[[[89.602,25.961],[89.613,25.943],[89.585,25.934],[89.576,25.951],[89.602,25.961]]],[[[88.799,26.207],[88.788,26.175],[88.794,26.144],[88.789,26.131],[88.771,26.131],[88.762,26.149],[88.778,26.163],[88.764,26.163],[88.763,26.174],[88.777,26.177],[88.782,26.195],[88.768,26.234],[88.796,26.229],[88.799,26.207]]],[[[88.69,26.247],[88.699,26.225],[88.722,26.233],[88.732,26.188],[88.72,26.176],[88.708,26.182],[88.712,26.204],[88.688,26.213],[88.671,26.251],[88.69,26.247]]],[[[88.662,26.268],[88.646,26.253],[88.641,26.285],[88.662,26.268]]],[[[89.827,26.325],[89.793,26.342],[89.817,26.346],[89.827,26.325]]],[[[88.091,27.165],[88.096,27.138],[88.16,27.111],[88.191,27.135],[88.221,27.135],[88.24,27.119],[88.285,27.131],[88.319,27.125],[88.331,27.105],[88.348,27.11],[88.439,27.081],[88.462,27.089],[88.476,27.117],[88.537,27.15],[88.528,27.178],[88.599,27.194],[88.664,27.162],[88.687,27.179],[88.709,27.174],[88.732,27.138],[88.759,27.148],[88.877,27.109],[88.882,26.951],[88.926,26.996],[88.959,26.97],[88.962,26.954],[88.946,26.942],[88.969,26.924],[88.991,26.921],[89.032,26.94],[89.053,26.92],[89.053,26.904],[89.097,26.894],[89.108,26.836],[89.137,26.808],[89.179,26.822],[89.196,26.808],[89.258,26.816],[89.322,26.853],[89.334,26.84],[89.378,26.867],[89.397,26.841],[89.454,26.835],[89.465,26.806],[89.565,26.815],[89.627,26.777],[89.65,26.781],[89.66,26.763],[89.619,26.728],[89.638,26.719],[89.664,26.718],[89.677,26.74],[89.731,26.722],[89.762,26.736],[89.762,26.716],[89.78,26.699],[89.813,26.715],[89.862,26.704],[89.882,26.649],[89.862,26.623],[89.882,26.613],[89.859,26.517],[89.875,26.448],[89.832,26.396],[89.846,26.391],[89.852,26.403],[89.862,26.384],[89.833,26.381],[89.825,26.35],[89.817,26.358],[89.825,26.371],[89.787,26.353],[89.786,26.331],[89.756,26.321],[89.764,26.289],[89.721,26.302],[89.742,26.271],[89.73,26.258],[89.71,26.27],[89.706,26.259],[89.734,26.238],[89.702,26.216],[89.737,26.212],[89.716,26.203],[89.719,26.189],[89.7,26.189],[89.711,26.173],[89.739,26.173],[89.711,26.153],[89.689,26.168],[89.699,26.178],[89.677,26.202],[89.696,26.222],[89.646,26.229],[89.652,26.196],[89.635,26.192],[89.66,26.183],[89.656,26.169],[89.625,26.182],[89.617,26.162],[89.597,26.161],[89.608,26.121],[89.631,26.124],[89.598,26.101],[89.613,26.089],[89.636,26.105],[89.653,26.068],[89.626,26.056],[89.607,26.066],[89.615,26.049],[89.593,26.044],[89.583,26.026],[89.591,25.98],[89.562,25.966],[89.548,25.971],[89.542,26.008],[89.477,25.996],[89.432,26.015],[89.426,26.043],[89.405,26.036],[89.393,26.009],[89.358,26.011],[89.326,26.039],[89.263,26.066],[89.268,26.093],[89.224,26.126],[89.161,26.14],[89.141,26.185],[89.148,26.223],[89.106,26.29],[89.107,26.306],[89.124,26.292],[89.137,26.317],[89.089,26.322],[89.102,26.341],[89.098,26.36],[89.085,26.364],[89.098,26.391],[89.091,26.4],[89.039,26.395],[89.009,26.42],[88.981,26.407],[88.988,26.444],[88.968,26.459],[88.915,26.405],[88.921,26.363],[88.96,26.363],[88.959,26.333],[88.971,26.351],[88.991,26.346],[89.004,26.326],[89.001,26.315],[88.99,26.318],[88.998,26.299],[89.018,26.291],[89.026,26.309],[89.03,26.287],[89.051,26.281],[89.06,26.293],[89.064,26.254],[89.05,26.241],[88.972,26.241],[88.925,26.286],[88.907,26.288],[88.879,26.286],[88.869,26.272],[88.868,26.253],[88.885,26.237],[88.848,26.233],[88.821,26.26],[88.823,26.296],[88.801,26.309],[88.78,26.299],[88.757,26.31],[88.744,26.29],[88.676,26.265],[88.674,26.292],[88.706,26.29],[88.68,26.32],[88.696,26.328],[88.696,26.316],[88.726,26.312],[88.75,26.324],[88.747,26.353],[88.706,26.337],[88.693,26.374],[88.705,26.389],[88.633,26.435],[88.626,26.47],[88.603,26.47],[88.599,26.453],[88.572,26.458],[88.516,26.514],[88.499,26.515],[88.484,26.542],[88.437,26.547],[88.422,26.627],[88.403,26.625],[88.394,26.608],[88.405,26.602],[88.384,26.594],[88.342,26.473],[88.36,26.448],[88.368,26.485],[88.409,26.482],[88.422,26.465],[88.436,26.473],[88.45,26.461],[88.487,26.46],[88.5,26.407],[88.526,26.392],[88.516,26.373],[88.533,26.373],[88.528,26.357],[88.488,26.351],[88.464,26.373],[88.442,26.338],[88.416,26.332],[88.422,26.317],[88.398,26.318],[88.363,26.292],[88.351,26.264],[88.355,26.222],[88.33,26.205],[88.253,26.193],[88.183,26.147],[88.162,26.102],[88.163,26.079],[88.186,26.067],[88.174,26.052],[88.182,26.025],[88.144,26.013],[88.149,25.997],[88.125,25.968],[88.126,25.943],[88.095,25.917],[88.099,25.872],[88.119,25.855],[88.105,25.844],[88.114,25.796],[88.144,25.791],[88.15,25.773],[88.192,25.796],[88.212,25.786],[88.244,25.806],[88.275,25.806],[88.272,25.779],[88.317,25.751],[88.321,25.736],[88.333,25.74],[88.376,25.714],[88.375,25.7],[88.418,25.664],[88.456,25.663],[88.45,25.601],[88.498,25.581],[88.498,25.559],[88.538,25.535],[88.543,25.51],[88.607,25.515],[88.651,25.481],[88.701,25.473],[88.712,25.497],[88.742,25.501],[88.749,25.489],[88.769,25.497],[88.763,25.521],[88.803,25.522],[88.815,25.49],[88.837,25.478],[88.829,25.44],[88.837,25.428],[88.818,25.408],[88.846,25.394],[88.848,25.364],[88.888,25.326],[88.902,25.338],[88.937,25.307],[89.005,25.3],[89.013,25.267],[88.99,25.271],[88.958,25.25],[88.964,25.211],[88.94,25.204],[88.95,25.181],[88.921,25.166],[88.903,25.181],[88.882,25.176],[88.849,25.21],[88.809,25.174],[88.778,25.188],[88.757,25.178],[88.727,25.201],[88.689,25.21],[88.619,25.205],[88.568,25.175],[88.562,25.19],[88.541,25.187],[88.537,25.199],[88.487,25.214],[88.467,25.196],[88.444,25.209],[88.462,25.145],[88.446,25.12],[88.454,25.077],[88.438,25.052],[88.452,25.031],[88.443,25.011],[88.413,24.995],[88.398,24.944],[88.371,24.952],[88.347,24.94],[88.332,24.916],[88.348,24.896],[88.334,24.871],[88.281,24.893],[88.266,24.878],[88.265,24.914],[88.231,24.956],[88.143,24.931],[88.171,24.895],[88.158,24.891],[88.161,24.87],[88.177,24.86],[88.146,24.851],[88.135,24.83],[88.14,24.802],[88.128,24.827],[88.109,24.781],[88.072,24.771],[88.068,24.722],[88.013,24.669],[88.134,24.516],[88.171,24.497],[88.202,24.459],[88.274,24.44],[88.343,24.378],[88.444,24.377],[88.528,24.342],[88.556,24.298],[88.579,24.325],[88.606,24.309],[88.704,24.311],[88.74,24.275],[88.734,24.172],[88.749,24.139],[88.699,24.115],[88.702,24.097],[88.726,24.101],[88.726,24.067],[88.741,24.063],[88.727,24.054],[88.743,24.036],[88.731,23.996],[88.763,24.01],[88.775,23.986],[88.74,23.982],[88.746,23.936],[88.737,23.916],[88.706,23.915],[88.709,23.902],[88.671,23.886],[88.662,23.87],[88.637,23.863],[88.622,23.877],[88.58,23.862],[88.606,23.819],[88.59,23.813],[88.596,23.802],[88.584,23.79],[88.563,23.787],[88.583,23.767],[88.568,23.717],[88.578,23.67],[88.565,23.644],[88.597,23.637],[88.585,23.603],[88.649,23.61],[88.642,23.595],[88.665,23.552],[88.702,23.518],[88.731,23.511],[88.746,23.483],[88.802,23.497],[88.795,23.445],[88.766,23.44],[88.756,23.398],[88.766,23.364],[88.737,23.35],[88.749,23.312],[88.73,23.319],[88.729,23.303],[88.713,23.311],[88.701,23.299],[88.727,23.272],[88.725,23.254],[88.772,23.242],[88.8,23.218],[88.817,23.219],[88.811,23.246],[88.822,23.253],[88.834,23.247],[88.826,23.235],[88.84,23.241],[88.856,23.227],[88.917,23.232],[88.921,23.211],[88.955,23.205],[88.983,23.225],[88.998,23.215],[88.985,23.183],[88.965,23.192],[88.94,23.171],[88.925,23.13],[88.873,23.099],[88.877,23.007],[88.85,23.008],[88.871,22.992],[88.865,22.958],[88.898,22.954],[88.9,22.93],[88.917,22.921],[88.906,22.907],[88.912,22.88],[88.936,22.871],[88.949,22.88],[88.971,22.845],[88.961,22.796],[88.922,22.765],[88.924,22.737],[88.962,22.694],[88.932,22.644],[88.939,22.622],[88.958,22.612],[88.936,22.593],[88.938,22.57],[88.895,22.563],[88.843,22.509],[88.865,22.489],[88.851,22.475],[88.853,22.433],[88.825,22.436],[88.812,22.481],[88.771,22.514],[88.784,22.525],[88.765,22.535],[88.767,22.561],[88.764,22.528],[88.783,22.525],[88.768,22.513],[88.733,22.511],[88.702,22.531],[88.691,22.524],[88.673,22.555],[88.678,22.594],[88.672,22.549],[88.691,22.522],[88.708,22.528],[88.733,22.51],[88.778,22.507],[88.804,22.441],[88.849,22.43],[88.856,22.405],[88.846,22.388],[88.876,22.355],[88.82,22.36],[88.871,22.358],[88.911,22.306],[88.937,22.3],[88.93,22.259],[88.951,22.244],[88.954,22.225],[88.918,22.233],[88.915,22.22],[88.901,22.224],[88.886,22.238],[88.895,22.251],[88.888,22.266],[88.843,22.29],[88.887,22.266],[88.885,22.237],[88.914,22.216],[88.904,22.197],[88.919,22.165],[88.9,22.178],[88.872,22.171],[88.866,22.195],[88.885,22.201],[88.883,22.213],[88.841,22.214],[88.876,22.253],[88.839,22.216],[88.882,22.212],[88.882,22.2],[88.853,22.206],[88.844,22.19],[88.833,22.21],[88.821,22.196],[88.806,22.209],[88.801,22.227],[88.818,22.23],[88.83,22.254],[88.813,22.285],[88.826,22.241],[88.798,22.226],[88.829,22.193],[88.835,22.167],[88.812,22.183],[88.794,22.171],[88.747,22.198],[88.753,22.232],[88.789,22.26],[88.743,22.229],[88.746,22.201],[88.74,22.215],[88.735,22.196],[88.665,22.218],[88.639,22.213],[88.636,22.224],[88.658,22.239],[88.685,22.293],[88.679,22.323],[88.691,22.327],[88.671,22.326],[88.666,22.339],[88.679,22.294],[88.631,22.216],[88.673,22.202],[88.64,22.159],[88.641,22.144],[88.63,22.145],[88.62,22.109],[88.599,22.129],[88.605,22.16],[88.585,22.167],[88.578,22.198],[88.573,22.191],[88.583,22.167],[88.604,22.158],[88.597,22.131],[88.607,22.107],[88.62,22.105],[88.637,22.046],[88.618,22.021],[88.602,22.024],[88.602,22.074],[88.596,22.067],[88.599,22.025],[88.614,22.02],[88.598,21.969],[88.615,21.938],[88.601,21.935],[88.609,21.916],[88.578,21.889],[88.573,21.907],[88.586,21.929],[88.573,21.907],[88.55,21.921],[88.543,21.969],[88.557,21.973],[88.568,21.959],[88.547,21.974],[88.549,21.921],[88.571,21.904],[88.539,21.902],[88.548,21.881],[88.529,21.853],[88.494,21.879],[88.526,21.93],[88.493,21.966],[88.518,21.988],[88.544,21.982],[88.555,22.036],[88.543,21.983],[88.517,21.989],[88.491,21.966],[88.521,21.941],[88.521,21.915],[88.487,21.912],[88.474,21.895],[88.456,21.899],[88.462,21.924],[88.453,21.936],[88.471,21.957],[88.446,21.965],[88.443,21.99],[88.461,22.012],[88.442,21.992],[88.445,21.964],[88.469,21.959],[88.451,21.942],[88.459,21.919],[88.42,21.907],[88.409,21.885],[88.385,21.897],[88.408,21.919],[88.394,21.936],[88.399,21.953],[88.374,21.964],[88.394,21.971],[88.374,21.969],[88.398,21.952],[88.393,21.935],[88.406,21.923],[88.383,21.903],[88.397,21.886],[88.386,21.839],[88.392,21.801],[88.365,21.797],[88.355,21.821],[88.371,21.896],[88.355,21.926],[88.369,21.893],[88.354,21.857],[88.311,21.855],[88.301,21.861],[88.31,21.878],[88.301,21.861],[88.26,21.859],[88.266,21.884],[88.259,21.858],[88.297,21.86],[88.314,21.845],[88.303,21.828],[88.259,21.809],[88.282,21.761],[88.255,21.784],[88.252,21.802],[88.254,21.783],[88.283,21.758],[88.265,21.73],[88.274,21.755],[88.217,21.764],[88.202,21.818],[88.163,21.879],[88.177,21.928],[88.153,21.957],[88.206,22.019],[88.224,22.074],[88.204,22.166],[88.166,22.199],[88.07,22.212],[88.105,22.305],[88.087,22.3],[88.074,22.249],[88.049,22.22],[87.985,22.245],[87.959,22.282],[87.946,22.407],[87.923,22.435],[87.883,22.441],[87.93,22.404],[87.938,22.381],[87.937,22.356],[87.948,22.347],[87.937,22.317],[87.931,22.333],[87.94,22.26],[88.009,22.201],[88.036,22.209],[88.073,22.187],[88.136,22.185],[88.191,22.103],[88.151,22.061],[88.062,22.013],[87.992,22.103],[87.964,22.104],[87.961,22.095],[87.982,22.099],[88.009,22.073],[88.017,22.041],[88.053,22.009],[87.961,21.826],[87.898,21.783],[87.837,21.716],[87.755,21.682],[87.707,21.645],[87.49,21.603],[87.486,21.631],[87.463,21.65],[87.475,21.712],[87.469,21.731],[87.447,21.734],[87.456,21.737],[87.448,21.766],[87.388,21.776],[87.374,21.765],[87.356,21.791],[87.341,21.784],[87.297,21.81],[87.276,21.808],[87.239,21.9],[87.257,21.922],[87.24,21.938],[87.239,21.959],[87.2,21.958],[87.172,21.978],[87.161,21.933],[87.098,21.913],[87.099,21.865],[87.035,21.87],[87.003,21.912],[87.039,21.994],[87.022,22.046],[87,22.05],[86.962,22.088],[86.837,22.099],[86.802,22.13],[86.795,22.158],[86.721,22.148],[86.728,22.219],[86.772,22.215],[86.785,22.236],[86.797,22.228],[86.781,22.218],[86.805,22.218],[86.815,22.242],[86.798,22.243],[86.795,22.267],[86.806,22.266],[86.805,22.245],[86.817,22.268],[86.821,22.253],[86.825,22.265],[86.891,22.256],[86.891,22.298],[86.834,22.328],[86.849,22.4],[86.767,22.429],[86.751,22.479],[86.794,22.478],[86.804,22.502],[86.789,22.548],[86.77,22.554],[86.765,22.576],[86.657,22.579],[86.64,22.601],[86.636,22.666],[86.545,22.724],[86.515,22.719],[86.512,22.705],[86.459,22.763],[86.422,22.78],[86.438,22.863],[86.452,22.862],[86.452,22.886],[86.469,22.9],[86.438,22.926],[86.476,22.952],[86.49,22.937],[86.504,22.951],[86.524,22.947],[86.544,22.965],[86.546,22.99],[86.518,22.969],[86.505,22.971],[86.513,22.976],[86.503,22.993],[86.451,22.988],[86.422,22.998],[86.399,22.977],[86.375,22.997],[86.318,22.998],[86.304,23.016],[86.267,22.998],[86.212,22.997],[86.21,23.016],[86.184,23.014],[86.156,23.043],[86.14,23.065],[86.142,23.086],[86.054,23.111],[86.043,23.146],[85.996,23.149],[85.921,23.132],[85.883,23.161],[85.864,23.197],[85.839,23.195],[85.832,23.265],[85.884,23.326],[85.872,23.367],[85.902,23.373],[85.885,23.41],[85.869,23.412],[85.872,23.472],[85.897,23.478],[85.956,23.457],[86.047,23.492],[86.058,23.501],[86.039,23.507],[86.017,23.553],[86.043,23.585],[86.071,23.583],[86.079,23.57],[86.151,23.57],[86.159,23.55],[86.149,23.529],[86.161,23.521],[86.152,23.475],[86.178,23.481],[86.227,23.458],[86.231,23.472],[86.245,23.472],[86.231,23.438],[86.249,23.422],[86.258,23.44],[86.284,23.443],[86.306,23.422],[86.32,23.43],[86.306,23.446],[86.332,23.46],[86.337,23.449],[86.361,23.484],[86.378,23.485],[86.36,23.498],[86.373,23.521],[86.367,23.552],[86.387,23.586],[86.445,23.611],[86.446,23.632],[86.534,23.631],[86.597,23.673],[86.717,23.699],[86.737,23.696],[86.744,23.68],[86.798,23.689],[86.81,23.742],[86.825,23.754],[86.798,23.833],[86.826,23.813],[86.877,23.846],[86.888,23.816],[86.881,23.864],[86.901,23.882],[86.93,23.868],[86.942,23.847],[86.972,23.867],[87.062,23.818],[87.129,23.797],[87.154,23.796],[87.172,23.821],[87.136,23.853],[87.136,23.869],[87.201,23.856],[87.197,23.842],[87.241,23.855],[87.225,23.829],[87.248,23.828],[87.26,23.841],[87.253,23.909],[87.276,23.875],[87.3,23.9],[87.29,23.936],[87.297,23.957],[87.267,23.968],[87.273,23.986],[87.266,24.005],[87.255,23.997],[87.246,24.007],[87.243,24.043],[87.288,24.029],[87.338,24.033],[87.338,24.019],[87.321,24.009],[87.329,23.999],[87.353,23.998],[87.362,24.011],[87.463,23.983],[87.452,24.01],[87.439,24.01],[87.488,24.015],[87.516,24.042],[87.496,24.054],[87.495,24.075],[87.511,24.084],[87.495,24.087],[87.499,24.117],[87.522,24.113],[87.544,24.089],[87.581,24.087],[87.574,24.108],[87.587,24.125],[87.613,24.131],[87.574,24.157],[87.621,24.166],[87.695,24.151],[87.698,24.188],[87.676,24.207],[87.643,24.213],[87.641,24.244],[87.652,24.25],[87.662,24.237],[87.686,24.248],[87.708,24.261],[87.715,24.294],[87.738,24.289],[87.761,24.305],[87.766,24.335],[87.803,24.384],[87.798,24.398],[87.815,24.408],[87.81,24.419],[87.79,24.416],[87.796,24.439],[87.82,24.453],[87.814,24.478],[87.828,24.496],[87.815,24.493],[87.812,24.512],[87.8,24.492],[87.81,24.55],[87.773,24.573],[87.775,24.583],[87.81,24.579],[87.853,24.552],[87.892,24.564],[87.915,24.595],[87.913,24.609],[87.878,24.612],[87.907,24.614],[87.907,24.627],[87.89,24.628],[87.911,24.634],[87.919,24.66],[87.891,24.679],[87.906,24.723],[87.883,24.74],[87.873,24.73],[87.845,24.739],[87.819,24.754],[87.823,24.767],[87.843,24.789],[87.84,24.764],[87.86,24.765],[87.883,24.799],[87.873,24.824],[87.904,24.825],[87.894,24.854],[87.972,24.882],[87.979,24.897],[87.967,24.937],[87.882,25.029],[87.798,25.076],[87.778,25.1],[87.793,25.221],[87.842,25.2],[87.828,25.235],[87.855,25.254],[87.862,25.284],[87.856,25.298],[87.797,25.323],[87.787,25.339],[87.795,25.373],[87.772,25.378],[87.766,25.411],[87.776,25.41],[87.772,25.425],[87.792,25.449],[87.815,25.435],[87.84,25.465],[87.869,25.466],[87.869,25.494],[87.885,25.516],[87.905,25.505],[87.932,25.537],[87.992,25.525],[87.992,25.503],[88.01,25.494],[88.013,25.511],[88.037,25.486],[88.076,25.481],[88.079,25.504],[88.064,25.529],[88.041,25.537],[88.033,25.554],[88.044,25.564],[88.027,25.587],[88.046,25.598],[88.036,25.6],[88.047,25.606],[88.045,25.628],[88.06,25.633],[88.041,25.637],[88.054,25.644],[88.055,25.691],[88.022,25.692],[88.023,25.705],[87.994,25.724],[87.967,25.725],[87.938,25.772],[87.905,25.77],[87.901,25.805],[87.917,25.815],[87.89,25.829],[87.917,25.852],[87.829,25.872],[87.823,25.913],[87.814,25.909],[87.81,25.921],[87.836,25.936],[87.832,25.988],[87.849,26.044],[87.882,26.056],[87.919,26.091],[87.938,26.069],[87.944,26.084],[87.974,26.081],[87.961,26.103],[87.982,26.122],[87.965,26.126],[87.977,26.137],[87.971,26.152],[87.989,26.159],[88.005,26.14],[88.019,26.141],[88.018,26.155],[88.044,26.178],[88.076,26.176],[88.118,26.226],[88.145,26.231],[88.147,26.25],[88.221,26.282],[88.255,26.326],[88.268,26.338],[88.283,26.332],[88.298,26.354],[88.274,26.381],[88.244,26.375],[88.237,26.394],[88.274,26.422],[88.25,26.449],[88.236,26.447],[88.222,26.466],[88.233,26.476],[88.2,26.472],[88.186,26.49],[88.24,26.532],[88.238,26.552],[88.222,26.557],[88.221,26.535],[88.175,26.537],[88.172,26.521],[88.152,26.511],[88.117,26.53],[88.107,26.551],[88.115,26.569],[88.133,26.574],[88.132,26.602],[88.16,26.636],[88.187,26.718],[88.185,26.797],[88.169,26.838],[88.177,26.86],[88.144,26.889],[88.144,26.928],[88.123,26.947],[88.135,26.986],[88.094,27.006],[88.086,27.035],[88.046,27.038],[88.028,27.055],[88.025,27.085],[87.991,27.112],[88.017,27.162],[88.017,27.216],[88.069,27.211],[88.091,27.165]],[[88.183,25.29],[88.192,25.275],[88.185,25.286],[88.183,25.29]],[[89.735,26.309],[89.743,26.302],[89.735,26.309]]]]}},{"type":"Feature","properties":{"ST_NM":"Odisha"},"geometry":{"type":"MultiPolygon","coordinates":[[[[86.389,19.964],[86.384,19.979],[86.428,20.009],[86.389,19.964]]],[[[86.432,20.023],[86.424,20.022],[86.43,20.038],[86.432,20.023]]],[[[86.791,20.359],[86.796,20.374],[86.791,20.359]]],[[[86.807,20.369],[86.806,20.398],[86.807,20.369]]],[[[86.795,20.396],[86.8,20.491],[86.812,20.445],[86.795,20.396]]],[[[87.058,20.733],[87.053,20.74],[87.058,20.733]]],[[[87.076,20.747],[87.072,20.731],[87.076,20.747]]],[[[87.095,20.757],[87.087,20.762],[87.095,20.757]]],[[[86.993,20.779],[86.986,20.783],[86.993,20.779]]],[[[86.89,20.787],[86.955,20.777],[86.881,20.78],[86.89,20.787]]],[[[87.076,20.775],[87.074,20.794],[87.076,20.775]]],[[[86.999,20.795],[86.996,20.807],[86.999,20.795]]],[[[86.995,20.848],[86.994,20.865],[86.995,20.848]]],[[[86.084,22.534],[86.113,22.488],[86.224,22.472],[86.226,22.453],[86.248,22.448],[86.285,22.449],[86.358,22.349],[86.439,22.305],[86.447,22.329],[86.505,22.345],[86.538,22.302],[86.584,22.302],[86.596,22.279],[86.614,22.283],[86.651,22.265],[86.656,22.237],[86.67,22.243],[86.687,22.224],[86.726,22.221],[86.721,22.148],[86.795,22.158],[86.802,22.13],[86.837,22.099],[86.972,22.082],[87.031,22.033],[87.039,21.994],[87.003,21.912],[87.035,21.87],[87.099,21.865],[87.098,21.913],[87.161,21.933],[87.172,21.978],[87.2,21.958],[87.23,21.962],[87.257,21.926],[87.239,21.9],[87.276,21.808],[87.297,21.81],[87.341,21.784],[87.356,21.791],[87.374,21.765],[87.388,21.776],[87.444,21.769],[87.456,21.737],[87.447,21.734],[87.47,21.73],[87.463,21.65],[87.486,21.631],[87.49,21.603],[87.438,21.581],[87.41,21.545],[87.384,21.573],[87.338,21.576],[87.373,21.563],[87.397,21.532],[87.361,21.541],[87.223,21.535],[87.15,21.508],[87.091,21.46],[87.07,21.462],[87.053,21.429],[86.951,21.358],[86.866,21.222],[86.843,21.157],[86.854,21.096],[86.979,20.861],[86.98,20.822],[86.974,20.793],[86.959,20.787],[86.892,20.792],[86.882,20.809],[86.825,20.771],[86.818,20.752],[86.799,20.755],[86.794,20.745],[86.822,20.731],[86.831,20.755],[86.863,20.774],[86.905,20.762],[86.987,20.772],[86.999,20.763],[87.007,20.713],[86.903,20.71],[86.969,20.706],[86.966,20.688],[87.015,20.694],[87.057,20.715],[86.823,20.556],[86.77,20.505],[86.755,20.517],[86.75,20.472],[86.727,20.482],[86.739,20.46],[86.733,20.411],[86.712,20.395],[86.727,20.377],[86.739,20.396],[86.746,20.378],[86.777,20.389],[86.784,20.326],[86.539,20.181],[86.48,20.092],[86.443,20.052],[86.429,20.053],[86.404,20.002],[86.382,20.001],[86.368,19.975],[86.375,19.952],[86.246,19.908],[86.246,19.923],[86.228,19.933],[86.221,19.909],[86.232,19.898],[86.212,19.888],[86.045,19.841],[85.905,19.819],[85.696,19.751],[85.445,19.632],[85.214,19.494],[85.1,19.403],[85.09,19.377],[84.915,19.266],[84.825,19.175],[84.769,19.08],[84.705,19.118],[84.712,19.158],[84.672,19.165],[84.668,19.131],[84.599,19.133],[84.627,19.085],[84.656,19.093],[84.672,19.075],[84.662,19.061],[84.62,19.064],[84.597,19.022],[84.581,19.044],[84.585,19.071],[84.573,19.074],[84.561,19.056],[84.497,19.03],[84.479,18.99],[84.422,19.023],[84.448,18.976],[84.423,18.947],[84.437,18.923],[84.425,18.91],[84.414,18.915],[84.419,18.903],[84.405,18.895],[84.373,18.905],[84.393,18.892],[84.391,18.878],[84.359,18.892],[84.379,18.876],[84.37,18.86],[84.343,18.876],[84.352,18.821],[84.337,18.818],[84.34,18.801],[84.32,18.788],[84.291,18.8],[84.26,18.782],[84.224,18.796],[84.187,18.778],[84.159,18.785],[84.131,18.757],[84.115,18.764],[84.089,18.754],[84.035,18.811],[83.947,18.805],[83.91,18.826],[83.895,18.814],[83.851,18.86],[83.848,18.913],[83.826,18.916],[83.824,18.957],[83.795,19.017],[83.747,18.987],[83.788,18.916],[83.775,18.911],[83.75,18.932],[83.734,18.984],[83.713,18.993],[83.713,19.008],[83.731,19.02],[83.705,19.025],[83.667,19.078],[83.657,19.13],[83.638,19.135],[83.631,19.161],[83.602,19.128],[83.612,19.096],[83.592,19.088],[83.586,19.058],[83.565,19.059],[83.563,19.086],[83.554,19.082],[83.56,19.055],[83.539,19.013],[83.503,19.019],[83.501,19.035],[83.521,19.033],[83.513,19.073],[83.501,19.061],[83.481,19.086],[83.467,19.077],[83.486,19.029],[83.482,19.008],[83.456,19.008],[83.468,18.989],[83.463,18.954],[83.417,18.988],[83.417,19.004],[83.375,19.001],[83.354,19.018],[83.337,18.996],[83.313,18.997],[83.34,18.951],[83.326,18.942],[83.33,18.931],[83.347,18.924],[83.353,18.964],[83.367,18.963],[83.388,18.93],[83.357,18.942],[83.358,18.924],[83.368,18.909],[83.392,18.908],[83.382,18.894],[83.419,18.865],[83.406,18.861],[83.404,18.839],[83.381,18.829],[83.367,18.84],[83.331,18.806],[83.287,18.798],[83.274,18.765],[83.227,18.774],[83.231,18.756],[83.213,18.724],[83.192,18.734],[83.172,18.722],[83.173,18.701],[83.155,18.701],[83.147,18.669],[83.092,18.664],[83.084,18.612],[83.058,18.622],[83.049,18.605],[83.062,18.595],[83.034,18.573],[83.041,18.556],[83.059,18.543],[83.097,18.546],[83.024,18.453],[83.046,18.443],[83.046,18.428],[83.068,18.437],[83.064,18.413],[83.075,18.401],[83.062,18.384],[83.045,18.379],[83.025,18.393],[82.985,18.364],[82.911,18.365],[82.893,18.387],[82.893,18.421],[82.853,18.418],[82.827,18.447],[82.807,18.448],[82.784,18.428],[82.802,18.403],[82.775,18.34],[82.667,18.295],[82.654,18.249],[82.635,18.237],[82.589,18.278],[82.599,18.3],[82.586,18.318],[82.61,18.326],[82.605,18.349],[82.62,18.355],[82.607,18.362],[82.607,18.38],[82.543,18.398],[82.562,18.446],[82.538,18.442],[82.524,18.464],[82.536,18.476],[82.531,18.512],[82.507,18.51],[82.482,18.545],[82.37,18.418],[82.393,18.377],[82.343,18.325],[82.357,18.314],[82.393,18.327],[82.401,18.315],[82.38,18.282],[82.345,18.274],[82.33,18.231],[82.341,18.224],[82.315,18.204],[82.319,18.183],[82.357,18.17],[82.373,18.143],[82.366,18.134],[82.342,18.151],[82.352,18.076],[82.338,18.049],[82.33,18.059],[82.314,18.046],[82.306,18.07],[82.275,18.057],[82.267,18.043],[82.276,17.995],[82.25,17.988],[82.246,18.001],[82.186,18.019],[82.169,18.052],[82.141,18.044],[82.122,18.066],[82.101,18.061],[82.081,18.074],[82.067,18.067],[82.068,18.053],[82.033,18.066],[82.01,18.053],[82.01,18.032],[81.96,18],[81.81,17.944],[81.791,17.918],[81.712,17.869],[81.697,17.893],[81.672,17.885],[81.651,17.847],[81.62,17.823],[81.577,17.836],[81.494,17.81],[81.475,17.833],[81.394,17.814],[81.407,17.854],[81.402,17.893],[81.449,17.887],[81.454,17.934],[81.486,17.978],[81.482,18.036],[81.517,18.1],[81.531,18.164],[81.513,18.191],[81.536,18.266],[81.576,18.28],[81.602,18.308],[81.667,18.318],[81.661,18.344],[81.753,18.353],[81.77,18.418],[81.853,18.489],[81.866,18.52],[81.905,18.535],[81.917,18.571],[81.955,18.566],[81.963,18.594],[81.897,18.628],[81.894,18.657],[81.956,18.636],[81.972,18.695],[82.042,18.726],[82.087,18.719],[82.09,18.763],[82.137,18.764],[82.169,18.798],[82.166,18.876],[82.181,18.902],[82.248,18.917],[82.233,19.021],[82.202,19.067],[82.22,19.097],[82.206,19.1],[82.208,19.124],[82.184,19.131],[82.178,19.119],[82.168,19.133],[82.183,19.151],[82.172,19.161],[82.187,19.165],[82.164,19.203],[82.159,19.264],[82.191,19.326],[82.188,19.338],[82.15,19.354],[82.149,19.371],[82.174,19.372],[82.191,19.423],[82.178,19.435],[82.127,19.429],[82.105,19.467],[82.1,19.515],[82.079,19.521],[82.068,19.509],[82.03,19.507],[82.054,19.544],[82.042,19.596],[82.059,19.637],[82.045,19.709],[82.067,19.788],[81.988,19.8],[81.969,19.829],[81.968,19.859],[81.857,19.912],[81.845,19.954],[81.874,20.04],[81.897,20.047],[81.952,20.106],[81.994,20.056],[82.018,20.049],[82.032,20.014],[82.065,20.054],[82.124,20.015],[82.173,20.003],[82.186,19.983],[82.238,20.003],[82.269,19.976],[82.306,19.888],[82.347,19.835],[82.396,19.887],[82.447,19.908],[82.502,19.902],[82.531,19.878],[82.538,19.887],[82.552,19.874],[82.601,19.87],[82.579,19.833],[82.593,19.776],[82.631,19.795],[82.653,19.831],[82.71,19.836],[82.725,19.876],[82.708,19.899],[82.715,19.995],[82.639,20.005],[82.606,19.991],[82.398,20.064],[82.4,20.113],[82.386,20.149],[82.421,20.207],[82.413,20.268],[82.437,20.287],[82.43,20.314],[82.401,20.34],[82.417,20.407],[82.437,20.43],[82.418,20.477],[82.396,20.456],[82.388,20.514],[82.356,20.527],[82.331,20.558],[82.348,20.573],[82.346,20.598],[82.376,20.628],[82.343,20.762],[82.341,20.844],[82.354,20.887],[82.367,20.886],[82.366,20.87],[82.409,20.866],[82.423,20.83],[82.466,20.827],[82.489,20.859],[82.493,20.907],[82.553,20.938],[82.63,21.04],[82.616,21.067],[82.652,21.105],[82.643,21.152],[82.76,21.163],[82.796,21.142],[82.82,21.162],[82.876,21.163],[82.887,21.152],[82.91,21.166],[82.945,21.164],[82.963,21.179],[82.972,21.159],[83,21.158],[83.048,21.122],[83.127,21.105],[83.2,21.143],[83.226,21.264],[83.256,21.281],[83.275,21.272],[83.282,21.294],[83.261,21.323],[83.277,21.378],[83.382,21.343],[83.41,21.352],[83.401,21.403],[83.373,21.443],[83.357,21.447],[83.343,21.503],[83.373,21.553],[83.375,21.6],[83.388,21.616],[83.448,21.652],[83.448,21.621],[83.46,21.608],[83.477,21.63],[83.492,21.629],[83.49,21.643],[83.427,21.678],[83.435,21.695],[83.463,21.697],[83.491,21.744],[83.474,21.785],[83.498,21.817],[83.544,21.797],[83.538,21.835],[83.581,21.832],[83.592,21.846],[83.579,21.875],[83.608,21.913],[83.595,21.929],[83.56,21.935],[83.565,21.946],[83.542,21.966],[83.556,22.009],[83.541,22.046],[83.55,22.062],[83.591,22.057],[83.607,22.068],[83.564,22.102],[83.613,22.16],[83.633,22.208],[83.7,22.248],[83.76,22.245],[83.801,22.29],[83.826,22.295],[83.832,22.322],[83.868,22.346],[83.904,22.342],[83.923,22.362],[84.011,22.37],[84.021,22.406],[84.047,22.435],[84.049,22.466],[83.983,22.504],[83.981,22.516],[84.001,22.531],[84.065,22.512],[84.113,22.476],[84.142,22.473],[84.143,22.423],[84.159,22.403],[84.201,22.374],[84.253,22.376],[84.296,22.34],[84.433,22.351],[84.434,22.367],[84.455,22.382],[84.484,22.386],[84.483,22.409],[84.533,22.423],[84.639,22.431],[84.668,22.417],[84.75,22.417],[84.759,22.445],[84.814,22.45],[84.819,22.434],[84.839,22.429],[84.883,22.446],[84.887,22.42],[84.914,22.422],[84.959,22.456],[84.961,22.442],[85.04,22.48],[85.069,22.481],[85.08,22.476],[85.078,22.459],[85.063,22.448],[85.09,22.381],[85.08,22.352],[85.099,22.344],[85.094,22.317],[85.12,22.317],[85.121,22.294],[85.077,22.275],[85.076,22.234],[85.054,22.178],[85.032,22.157],[85.03,22.115],[84.987,22.095],[84.994,22.08],[85.05,22.114],[85.102,22.103],[85.125,22.07],[85.162,22.074],[85.177,22.052],[85.179,22.072],[85.217,22.047],[85.221,22.014],[85.237,22.004],[85.306,22.111],[85.329,22.129],[85.368,22.125],[85.369,22.158],[85.416,22.16],[85.546,22.09],[85.56,22.095],[85.597,22.078],[85.651,22.094],[85.687,22.053],[85.752,22.074],[85.808,22.115],[85.837,22.081],[85.794,22.081],[85.776,22.055],[85.785,22.04],[85.762,22.012],[85.767,21.994],[85.821,21.984],[85.824,21.974],[85.897,21.983],[85.911,21.971],[85.918,22.009],[85.948,22.023],[86.006,22.113],[86,22.136],[86.032,22.189],[85.976,22.247],[86.014,22.296],[86.049,22.31],[86.014,22.314],[86.026,22.333],[85.999,22.342],[86.023,22.366],[86.025,22.394],[86.015,22.428],[85.988,22.432],[85.959,22.459],[85.964,22.48],[85.987,22.513],[86.028,22.524],[86.034,22.538],[86.024,22.547],[86.044,22.567],[86.084,22.534]]]]}}]}